pid,fig,png,mode,ink,kind,cut_id,axis,depth,gap,gap_px,half_a,half_b,box,selected_x,run_len,longest,tie,reason,candidates,n_free,n_clipped,selected_run,search_to,need_overlap,orphan,w,h,outcome,n_candidates,nearest,relation,n_opposite,n_nested,opposite,nested,lineage,panel,cut_axis,side,accepted,c_data_no_axis,c_rows,c_caption,c_baseline,c_coords,c_regular,why_data_no_axis,why_rows,why_caption,why_baseline,why_coords,why_regular,reach,grown,score,n_rows,rule,measured,threshold,detail,axis_status,axis_from,spine_x,baseline_y,status,n_labels,n_bars,fragment,source
397,Fig. 1,ID397__fig1.png,OFF,140,CUT,1,row,0,405-442,37,"0,1142,0,423","0,1142,423,1460",,,,,,,,,,,,,,,,,,,,,,,,,,,,,,,,,,,,,,,,,,,,,,,,,,,,,,,,,
397,Fig. 1,ID397__fig1.png,OFF,140,CUT,2,col,1,560-624,64,"0,592,0,423","592,1142,0,423",,,,,,,,,,,,,,,,,,,,,,,,,,,,,,,,,,,,,,,,,,,,,,,,,,,,,,,,,
397,Fig. 1,ID397__fig1.png,OFF,140,CUT,3,col,2,153-184,31,"0,168,0,423","168,592,0,423",,,,,,,,,,,,,,,,,,,,,,,,,,,,,,,,,,,,,,,,,,,,,,,,,,,,,,,,,
397,Fig. 1,ID397__fig1.png,OFF,140,CUT,4,row,3,110-139,29,"0,168,0,124","0,168,124,423",,,,,,,,,,,,,,,,,,,,,,,,,,,,,,,,,,,,,,,,,,,,,,,,,,,,,,,,,
397,Fig. 1,ID397__fig1.png,OFF,140,CUT,5,row,3,251-339,88,"168,592,0,295","168,592,295,423",,,,,,,,,,,,,,,,,,,,,,,,,,,,,,,,,,,,,,,,,,,,,,,,,,,,,,,,,
397,Fig. 1,ID397__fig1.png,OFF,140,CUT,6,col,2,670-702,32,"592,686,0,423","686,1142,0,423",,,,,,,,,,,,,,,,,,,,,,,,,,,,,,,,,,,,,,,,,,,,,,,,,,,,,,,,,
397,Fig. 1,ID397__fig1.png,OFF,140,CUT,7,row,3,113-142,29,"592,686,0,127","592,686,127,423",,,,,,,,,,,,,,,,,,,,,,,,,,,,,,,,,,,,,,,,,,,,,,,,,,,,,,,,,
397,Fig. 1,ID397__fig1.png,OFF,140,CUT,8,row,3,292-337,45,"686,1142,0,314","686,1142,314,423",,,,,,,,,,,,,,,,,,,,,,,,,,,,,,,,,,,,,,,,,,,,,,,,,,,,,,,,,
397,Fig. 1,ID397__fig1.png,OFF,140,CUT,9,row,1,756-791,35,"0,1142,423,773","0,1142,773,1460",,,,,,,,,,,,,,,,,,,,,,,,,,,,,,,,,,,,,,,,,,,,,,,,,,,,,,,,,
397,Fig. 1,ID397__fig1.png,OFF,140,CUT,10,col,2,577-619,42,"0,598,423,773","598,1142,423,773",,,,,,,,,,,,,,,,,,,,,,,,,,,,,,,,,,,,,,,,,,,,,,,,,,,,,,,,,
397,Fig. 1,ID397__fig1.png,OFF,140,CUT,11,row,3,628-662,34,"0,598,423,645","0,598,645,773",,,,,,,,,,,,,,,,,,,,,,,,,,,,,,,,,,,,,,,,,,,,,,,,,,,,,,,,,
397,Fig. 1,ID397__fig1.png,OFF,140,CUT,12,col,3,678-709,31,"598,693,423,773","693,1142,423,773",,,,,,,,,,,,,,,,,,,,,,,,,,,,,,,,,,,,,,,,,,,,,,,,,,,,,,,,,
397,Fig. 1,ID397__fig1.png,OFF,140,CUT,13,row,2,1419-1437,18,"0,1142,773,1428","0,1142,1428,1460",,,,,,,,,,,,,,,,,,,,,,,,,,,,,,,,,,,,,,,,,,,,,,,,,,,,,,,,,
397,Fig. 1,ID397__fig1.png,OFF,140,CUT,14,col,3,578-613,35,"0,595,773,1428","595,1142,773,1428",,,,,,,,,,,,,,,,,,,,,,,,,,,,,,,,,,,,,,,,,,,,,,,,,,,,,,,,,
397,Fig. 1,ID397__fig1.png,OFF,140,CUT,15,col,3,148-161,13,"0,154,1428,1460","154,1142,1428,1460",,,,,,,,,,,,,,,,,,,,,,,,,,,,,,,,,,,,,,,,,,,,,,,,,,,,,,,,,
397,Fig. 1,ID397__fig1.png,OFF,140,AXIS_FALLBACK,,,,,,,,"709,1086,441,748",1077,147,147,0.95,leftmost column whose run is >= 0.95 of the longest (147 px),1077:147px;913:122px;912:122px;1045:120px;1044:120px;979:116px,,,,,,,,,,,,,,,,,,,,,,,,,,,,,,,,,,,,,,,,,,,,,,,,,,
397,Fig. 1,ID397__fig1.png,OFF,140,AXIS_FALLBACK,,,,,,,,"709,1086,441,748",1077,147,147,0.95,leftmost column whose run is >= 0.95 of the longest (147 px),1077:147px;913:122px;912:122px;1045:120px;1044:120px;979:116px,,,,,,,,,,,,,,,,,,,,,,,,,,,,,,,,,,,,,,,,,,,,,,,,,,
397,Fig. 1,ID397__fig1.png,OFF,140,AXIS_FALLBACK,,,,,,,,"709,1081,174,292",841,98,98,0.95,leftmost column whose run is >= 0.95 of the longest (98 px),842:98px;841:98px;875:77px;1009:72px;1008:72px;942:70px,,,,,,,,,,,,,,,,,,,,,,,,,,,,,,,,,,,,,,,,,,,,,,,,,,
397,Fig. 1,ID397__fig1.png,OFF,140,AXIS_FALLBACK,,,,,,,,"723,1086,829,990",923,109,109,0.95,leftmost column whose run is >= 0.95 of the longest (109 px),923:109px;924:108px;1054:96px;1053:96px;956:95px;1021:69px,,,,,,,,,,,,,,,,,,,,,,,,,,,,,,,,,,,,,,,,,,,,,,,,,,
397,Fig. 1,ID397__fig1.png,OFF,140,AXIS_FALLBACK,,,,,,,,"711,1086,1155,1323",921,106,106,0.95,leftmost column whose run is >= 0.95 of the longest (106 px),922:106px;921:106px;957:94px;956:94px;991:80px;990:80px,,,,,,,,,,,,,,,,,,,,,,,,,,,,,,,,,,,,,,,,,,,,,,,,,,
397,Fig. 1,ID397__fig1.png,OFF,140,AXIS_CANDIDATES,,,,,,,,"709,1086,441,748",748,,,,leftmost of 9 free runs,748:494-594:free;749:494-594:free;781:479-591:free;782:479-591:free;814:508-601:free;847:511-604:free;880:498-600:free;912:478-600:free;913:478-600:free,9,0,494-594,935,92.1,,,,,,,,,,,,,,,,,,,,,,,,,,,,,,,,,,,,,,,,,,,,,
397,Fig. 1,ID397__fig1.png,OFF,140,AXIS_FALLBACK,,,,,,,,"709,1086,441,748",1077,147,147,0.95,leftmost column whose run is >= 0.95 of the longest (147 px),1077:147px;913:122px;912:122px;1045:120px;1044:120px;979:116px,,,,,,,,,,,,,,,,,,,,,,,,,,,,,,,,,,,,,,,,,,,,,,,,,,
397,Fig. 1,ID397__fig1.png,OFF,140,AXIS_CANDIDATES,,,,,,,,"709,1081,174,292",875,,,,leftmost of 3 free runs,875:200-277:free;908:215-272:free;909:215-272:free;741:240-292:clipped;742:240-292:clipped;841:174-272:clipped;842:174-272:clipped,3,4,200-277,932,35.4,,,,,,,,,,,,,,,,,,,,,,,,,,,,,,,,,,,,,,,,,,,,,
397,Fig. 1,ID397__fig1.png,OFF,140,AXIS_FALLBACK,,,,,,,,"709,1081,174,292",841,98,98,0.95,leftmost column whose run is >= 0.95 of the longest (98 px),842:98px;841:98px;875:77px;1009:72px;1008:72px;942:70px,,,,,,,,,,,,,,,,,,,,,,,,,,,,,,,,,,,,,,,,,,,,,,,,,,
397,Fig. 1,ID397__fig1.png,OFF,140,AXIS_CANDIDATES,,,,,,,,"723,1086,829,990",728,,,,leftmost of 4 free runs,728:918-971:free;891:870-930:free;923:833-942:free;924:833-941:free,4,0,918-971,940,48.3,,,,,,,,,,,,,,,,,,,,,,,,,,,,,,,,,,,,,,,,,,,,,
397,Fig. 1,ID397__fig1.png,OFF,140,AXIS_FALLBACK,,,,,,,,"723,1086,829,990",923,109,109,0.95,leftmost column whose run is >= 0.95 of the longest (109 px),923:109px;924:108px;1054:96px;1053:96px;956:95px;1021:69px,,,,,,,,,,,,,,,,,,,,,,,,,,,,,,,,,,,,,,,,,,,,,,,,,,
397,Fig. 1,ID397__fig1.png,OFF,140,AXIS_CANDIDATES,,,,,,,,"711,1086,1155,1323",715,,,,leftmost of 9 free runs,715:1245-1312:free;716:1245-1312:free;818:1244-1312:free;819:1244-1312:free;853:1230-1310:free;887:1181-1243:free;888:1181-1243:free;921:1157-1263:free;922:1157-1263:free;749:1253-1323:clipped;750:1253-1323:clipped;784:1252-1323:clipped;785:1252-1323:clipped,9,4,1245-1312,936,50.4,,,,,,,,,,,,,,,,,,,,,,,,,,,,,,,,,,,,,,,,,,,,,
397,Fig. 1,ID397__fig1.png,OFF,140,AXIS_FALLBACK,,,,,,,,"711,1086,1155,1323",921,106,106,0.95,leftmost column whose run is >= 0.95 of the longest (106 px),922:106px;921:106px;957:94px;956:94px;991:80px;990:80px,,,,,,,,,,,,,,,,,,,,,,,,,,,,,,,,,,,,,,,,,,,,,,,,,,
397,Fig. 1,ID397__fig1.png,OFF,140,ORPHAN,,,,,,,,,,,,,,,,,,,,"122,153,95,110",31,15,NO_PANEL_IN_REACH,0,left 556px share 0.00 reach 34 [gap] [share],,,,,,,,,,,,,,,,,,,,,,,,,,,,,,,,,,,,,,,
397,Fig. 1,ID397__fig1.png,OFF,140,PIECE_RELATION,,,,,,,,,,,,,,,,,,,,"122,153,95,110",,,,,,NO_SELECTED_PANEL_DESCENDANT,0,0,,,CONTAINMENT,,,,,,,,,,,,,,,,,,,,,,,,,,,,,,,,,
397,Fig. 1,ID397__fig1.png,OFF,140,ORPHAN,,,,,,,,,,,,,,,,,,,,"99,153,139,330",54,191,NO_PANEL_IN_REACH,0,left 556px share 1.00 reach 34 [gap],,,,,,,,,,,,,,,,,,,,,,,,,,,,,,,,,,,,,,,
397,Fig. 1,ID397__fig1.png,OFF,140,PIECE_RELATION,,,,,,,,,,,,,,,,,,,,"99,153,139,330",,,,,,NO_SELECTED_PANEL_DESCENDANT,0,0,,,CONTAINMENT,,,,,,,,,,,,,,,,,,,,,,,,,,,,,,,,,
397,Fig. 1,ID397__fig1.png,OFF,140,ORPHAN,,,,,,,,,,,,,,,,,,,,"186,557,30,251",371,221,NO_PANEL_IN_REACH,0,left 152px share 0.65 reach 34 [gap],,,,,,,,,,,,,,,,,,,,,,,,,,,,,,,,,,,,,,,
397,Fig. 1,ID397__fig1.png,OFF,140,PIECE_RELATION,,,,,,,,,,,,,,,,,,,,"186,557,30,251",,,,,,NO_SELECTED_PANEL_DESCENDANT,0,0,,,CONTAINMENT,,,,,,,,,,,,,,,,,,,,,,,,,,,,,,,,,
397,Fig. 1,ID397__fig1.png,OFF,140,ORPHAN,,,,,,,,,,,,,,,,,,,,"184,560,339,402",376,63,NO_PANEL_IN_REACH,0,left 149px share 0.00 reach 34 [gap] [share],,,,,,,,,,,,,,,,,,,,,,,,,,,,,,,,,,,,,,,
397,Fig. 1,ID397__fig1.png,OFF,140,PIECE_RELATION,,,,,,,,,,,,,,,,,,,,"184,560,339,402",,,,,,NO_SELECTED_PANEL_DESCENDANT,0,0,,,CONTAINMENT,,,,,,,,,,,,,,,,,,,,,,,,,,,,,,,,,
397,Fig. 1,ID397__fig1.png,OFF,140,ORPHAN,,,,,,,,,,,,,,,,,,,,"638,670,99,113",32,14,NO_PANEL_IN_REACH,0,left 39px share 0.00 reach 34 [gap] [share],,,,,,,,,,,,,,,,,,,,,,,,,,,,,,,,,,,,,,,
397,Fig. 1,ID397__fig1.png,OFF,140,PIECE_RELATION,,,,,,,,,,,,,,,,,,,,"638,670,99,113",,,,,,NO_SELECTED_PANEL_DESCENDANT,0,0,,,CONTAINMENT,,,,,,,,,,,,,,,,,,,,,,,,,,,,,,,,,
397,Fig. 1,ID397__fig1.png,OFF,140,ORPHAN,,,,,,,,,,,,,,,,,,,,"624,670,142,328",46,186,NO_PANEL_IN_REACH,0,left 39px share 1.00 reach 34 [gap],,,,,,,,,,,,,,,,,,,,,,,,,,,,,,,,,,,,,,,
397,Fig. 1,ID397__fig1.png,OFF,140,PIECE_RELATION,,,,,,,,,,,,,,,,,,,,"624,670,142,328",,,,,,NO_SELECTED_PANEL_DESCENDANT,0,0,,,CONTAINMENT,,,,,,,,,,,,,,,,,,,,,,,,,,,,,,,,,
397,Fig. 1,ID397__fig1.png,OFF,140,ORPHAN,,,,,,,,,,,,,,,,,,,,"703,1081,29,292",378,263,NO_PANEL_IN_REACH,0,overlap 0px share 1.00 reach 34,,,,,,,,,,,,,,,,,,,,,,,,,,,,,,,,,,,,,,,
397,Fig. 1,ID397__fig1.png,OFF,140,PIECE_RELATION,,,,,,,,,,,,,,,,,,,,"703,1081,29,292",,,,,,SAME_HALF_NESTED_PANEL,0,1,,"709,1081,174,292",CONTAINMENT,,,,,,,,,,,,,,,,,,,,,,,,,,,,,,,,,
397,Fig. 1,ID397__fig1.png,OFF,140,ORPHAN,,,,,,,,,,,,,,,,,,,,"702,1084,337,405",382,68,NO_PANEL_IN_REACH,0,overlap 0px share 0.00 reach 34 [share],,,,,,,,,,,,,,,,,,,,,,,,,,,,,,,,,,,,,,,
397,Fig. 1,ID397__fig1.png,OFF,140,PIECE_RELATION,,,,,,,,,,,,,,,,,,,,"702,1084,337,405",,,,,,OPPOSITE_HALF_UNIQUE_PANEL,1,0,"709,1081,174,292",,CONTAINMENT,,,,,,,,,,,,,,,,,,,,,,,,,,,,,,,,,
397,Fig. 1,ID397__fig1.png,OFF,140,AXIS_FALLBACK,,,,,,,,"709,1081,174,292",841,98,98,0.95,leftmost column whose run is >= 0.95 of the longest (98 px),842:98px;841:98px;875:77px;1009:72px;1008:72px;942:70px,,,,,,,,,,,,,,,,,,,,,,,,,,,,,,,,,,,,,,,,,,,,,,,,,,
397,Fig. 1,ID397__fig1.png,OFF,140,AXIS_FALLBACK,,,,,,,,"709,1081,174,292",841,98,98,0.95,leftmost column whose run is >= 0.95 of the longest (98 px),842:98px;841:98px;875:77px;1009:72px;1008:72px;942:70px,,,,,,,,,,,,,,,,,,,,,,,,,,,,,,,,,,,,,,,,,,,,,,,,,,
397,Fig. 1,ID397__fig1.png,OFF,140,AXIS_FALLBACK,,,,,,,,"709,1081,174,292",841,98,98,0.95,leftmost column whose run is >= 0.95 of the longest (98 px),842:98px;841:98px;875:77px;1009:72px;1008:72px;942:70px,,,,,,,,,,,,,,,,,,,,,,,,,,,,,,,,,,,,,,,,,,,,,,,,,,
397,Fig. 1,ID397__fig1.png,OFF,140,GATE_SHADOW,8,,,,45,,,,,,,,,,,,,,,"702,1084,337,405",,,,,,,,,,,,"709,1081,174,292",row,below,False,O,X,-,O,O,-,,,,,,,,,,,,,,,,,,,,,,,
397,Fig. 1,ID397__fig1.png,OFF,140,GATE_SHADOW_WHY,,,,,,,,,,,,,,,,,,,,"702,1084,337,405",,,,,,,,,,,,"709,1081,174,292",,,,,,,,,,"축 없음, 잉크 0.096","행 겹침 -0.66, 패널 행 174-292, 조각 337-405",이 클립에서 캡션을 읽지 못했다,"건너는 간격 0 px, 패널 내부의 가장 큰 간격 32 px","밑변에 선 열 0.00, 축 범위 안 잉크 1.99 (교집합 0.00)",막대·눈금이 2→2개뿐이라 규칙성을 잴 수 없다,,,,,,,,,,,,,,,,,
397,Fig. 1,ID397__fig1.png,OFF,140,ORPHAN,,,,,,,,,,,,,,,,,,,,"102,574,445,628",472,183,NO_PANEL_IN_REACH,0,left 135px share 1.00 reach 34 [gap],,,,,,,,,,,,,,,,,,,,,,,,,,,,,,,,,,,,,,,
397,Fig. 1,ID397__fig1.png,OFF,140,PIECE_RELATION,,,,,,,,,,,,,,,,,,,,"102,574,445,628",,,,,,NO_SELECTED_PANEL_DESCENDANT,0,0,,,CONTAINMENT,,,,,,,,,,,,,,,,,,,,,,,,,,,,,,,,,
397,Fig. 1,ID397__fig1.png,OFF,140,ORPHAN,,,,,,,,,,,,,,,,,,,,"139,577,662,756",438,94,NO_PANEL_IN_REACH,0,left 132px share 0.91 reach 34 [gap],,,,,,,,,,,,,,,,,,,,,,,,,,,,,,,,,,,,,,,
397,Fig. 1,ID397__fig1.png,OFF,140,PIECE_RELATION,,,,,,,,,,,,,,,,,,,,"139,577,662,756",,,,,,NO_SELECTED_PANEL_DESCENDANT,0,0,,,CONTAINMENT,,,,,,,,,,,,,,,,,,,,,,,,,,,,,,,,,
397,Fig. 1,ID397__fig1.png,OFF,140,AXIS_FALLBACK,,,,,,,,"709,1086,441,748",1077,147,147,0.95,leftmost column whose run is >= 0.95 of the longest (147 px),1077:147px;913:122px;912:122px;1045:120px;1044:120px;979:116px,,,,,,,,,,,,,,,,,,,,,,,,,,,,,,,,,,,,,,,,,,,,,,,,,,
397,Fig. 1,ID397__fig1.png,OFF,140,AXIS_FALLBACK,,,,,,,,"709,1086,441,748",1077,147,147,0.95,leftmost column whose run is >= 0.95 of the longest (147 px),1077:147px;913:122px;912:122px;1045:120px;1044:120px;979:116px,,,,,,,,,,,,,,,,,,,,,,,,,,,,,,,,,,,,,,,,,,,,,,,,,,
397,Fig. 1,ID397__fig1.png,OFF,140,AXIS_FALLBACK,,,,,,,,"709,1086,441,748",1077,147,147,0.95,leftmost column whose run is >= 0.95 of the longest (147 px),1077:147px;913:122px;912:122px;1045:120px;1044:120px;979:116px,,,,,,,,,,,,,,,,,,,,,,,,,,,,,,,,,,,,,,,,,,,,,,,,,,
397,Fig. 1,ID397__fig1.png,OFF,140,ORPHAN,,,,31,,,,,,,,,,,,,,,,"619,678,465,680",59,215,OFFERED,,,,,,,,,"709,1086,441,748",,left,,,,,,,,,,,,,,34,,,,,,,,,,,,,,,,
397,Fig. 1,ID397__fig1.png,OFF,140,GATE,,,,31,,,,,,,,,,,,,,,,"619,678,465,680",,,,,,,,,,,,"709,1086,441,748",,left,False,O,O,-,X,X,-,,,,,,,,,,,,,,,,,,,,,,,
397,Fig. 1,ID397__fig1.png,OFF,140,GATE_WHY,,,,,,,,,,,,,,,,,,,,"619,678,465,680",,,,,,,,,,,,"709,1086,441,748",,,,,,,,,,"축 없음, 잉크 0.066","행 겹침 1.00, 패널 행 441-748, 조각 465-680",이 클립에서 캡션을 읽지 못했다,밑변 행 707에 조각 쪽 잉크가 없다,"밑변에 선 열 0.00, 축 범위 안 잉크 0.48 (교집합 0.48)",막대·눈금이 0→0개뿐이라 규칙성을 잴 수 없다,,,,,,,,,,,,,,,,,
397,Fig. 1,ID397__fig1.png,OFF,140,ORPHAN,,,,,,,,,,,,,,,,,,,,"94,578,793,1419",484,626,NO_PANEL_IN_REACH,0,left 145px share 1.00 reach 34 [gap],,,,,,,,,,,,,,,,,,,,,,,,,,,,,,,,,,,,,,,
397,Fig. 1,ID397__fig1.png,OFF,140,PIECE_RELATION,,,,,,,,,,,,,,,,,,,,"94,578,793,1419",,,,,,OPPOSITE_HALF_MULTIPLE_PANELS,2,0,"723,1086,829,990;711,1086,1155,1323",,CONTAINMENT,,,,,,,,,,,,,,,,,,,,,,,,,,,,,,,,,
397,Fig. 1,ID397__fig1.png,OFF,140,ORPHAN,,,,,,,,,,,,,,,,,,,,"613,1102,791,1412",489,621,NO_PANEL_IN_REACH,0,overlap 0px share 1.00 reach 34,,,,,,,,,,,,,,,,,,,,,,,,,,,,,,,,,,,,,,,
397,Fig. 1,ID397__fig1.png,OFF,140,PIECE_RELATION,,,,,,,,,,,,,,,,,,,,"613,1102,791,1412",,,,,,SAME_HALF_NESTED_PANEL,0,2,,"723,1086,829,990;711,1086,1155,1323",CONTAINMENT,,,,,,,,,,,,,,,,,,,,,,,,,,,,,,,,,
397,Fig. 1,ID397__fig1.png,OFF,140,ORPHAN,,,,,,,,,,,,,,,,,,,,"93,148,1438,1458",55,20,NO_PANEL_IN_REACH,0,left 561px share 0.00 reach 34 [gap] [share],,,,,,,,,,,,,,,,,,,,,,,,,,,,,,,,,,,,,,,
397,Fig. 1,ID397__fig1.png,OFF,140,PIECE_RELATION,,,,,,,,,,,,,,,,,,,,"93,148,1438,1458",,,,,,NO_SELECTED_PANEL_DESCENDANT,0,0,,,CONTAINMENT,,,,,,,,,,,,,,,,,,,,,,,,,,,,,,,,,
397,Fig. 1,ID397__fig1.png,OFF,140,ORPHAN,,,,,,,,,,,,,,,,,,,,"161,624,1437,1458",463,21,NO_PANEL_IN_REACH,0,left 85px share 0.00 reach 34 [gap] [share],,,,,,,,,,,,,,,,,,,,,,,,,,,,,,,,,,,,,,,
397,Fig. 1,ID397__fig1.png,OFF,140,PIECE_RELATION,,,,,,,,,,,,,,,,,,,,"161,624,1437,1458",,,,,,NO_SELECTED_PANEL_DESCENDANT,0,0,,,CONTAINMENT,,,,,,,,,,,,,,,,,,,,,,,,,,,,,,,,,
397,Fig. 1,ID397__fig1.png,OFF,140,AXIS_CANDIDATES,,,,,,,,"611,1102,1078,1453",698,,,,leftmost of 2 free runs,698:1133-1335:free;699:1133-1334:free,2,0,1133-1335,905,112.5,,,,,,,,,,,,,,,,,,,,,,,,,,,,,,,,,,,,,,,,,,,,,
397,Fig. 1,ID397__fig1.png,OFF,140,AXIS_FALLBACK,,,,,,,,"611,1102,1078,1453",698,202,202,0.95,leftmost column whose run is >= 0.95 of the longest (202 px),698:202px;699:201px;922:106px;921:106px;957:94px;956:94px,,,,,,,,,,,,,,,,,,,,,,,,,,,,,,,,,,,,,,,,,,,,,,,,,,
397,Fig. 1,ID397__fig1.png,OFF,140,ORPHAN,,,,,,,,,,,,,,,,,,,,"122,153,95,110",31,15,NO_PANEL_IN_REACH,0,left 458px share 0.00 reach 34 [gap] [share],,,,,,,,,,,,,,,,,,,,,,,,,,,,,,,,,,,,,,,
397,Fig. 1,ID397__fig1.png,OFF,140,PIECE_RELATION,,,,,,,,,,,,,,,,,,,,"122,153,95,110",,,,,,NO_SELECTED_PANEL_DESCENDANT,0,0,,,CONTAINMENT,,,,,,,,,,,,,,,,,,,,,,,,,,,,,,,,,
397,Fig. 1,ID397__fig1.png,OFF,140,ORPHAN,,,,,,,,,,,,,,,,,,,,"99,153,139,330",54,191,NO_PANEL_IN_REACH,0,left 458px share 0.00 reach 34 [gap] [share],,,,,,,,,,,,,,,,,,,,,,,,,,,,,,,,,,,,,,,
397,Fig. 1,ID397__fig1.png,OFF,140,PIECE_RELATION,,,,,,,,,,,,,,,,,,,,"99,153,139,330",,,,,,NO_SELECTED_PANEL_DESCENDANT,0,0,,,CONTAINMENT,,,,,,,,,,,,,,,,,,,,,,,,,,,,,,,,,
397,Fig. 1,ID397__fig1.png,OFF,140,ORPHAN,,,,,,,,,,,,,,,,,,,,"186,557,30,251",371,221,NO_PANEL_IN_REACH,0,left 54px share 0.00 reach 34 [gap] [share],,,,,,,,,,,,,,,,,,,,,,,,,,,,,,,,,,,,,,,
397,Fig. 1,ID397__fig1.png,OFF,140,PIECE_RELATION,,,,,,,,,,,,,,,,,,,,"186,557,30,251",,,,,,NO_SELECTED_PANEL_DESCENDANT,0,0,,,CONTAINMENT,,,,,,,,,,,,,,,,,,,,,,,,,,,,,,,,,
397,Fig. 1,ID397__fig1.png,OFF,140,ORPHAN,,,,,,,,,,,,,,,,,,,,"184,560,339,402",376,63,NO_PANEL_IN_REACH,0,left 51px share 0.00 reach 34 [gap] [share],,,,,,,,,,,,,,,,,,,,,,,,,,,,,,,,,,,,,,,
397,Fig. 1,ID397__fig1.png,OFF,140,PIECE_RELATION,,,,,,,,,,,,,,,,,,,,"184,560,339,402",,,,,,NO_SELECTED_PANEL_DESCENDANT,0,0,,,CONTAINMENT,,,,,,,,,,,,,,,,,,,,,,,,,,,,,,,,,
397,Fig. 1,ID397__fig1.png,OFF,140,ORPHAN,,,,,,,,,,,,,,,,,,,,"638,670,99,113",32,14,NO_PANEL_IN_REACH,0,overlap 0px share 0.00 reach 34 [share],,,,,,,,,,,,,,,,,,,,,,,,,,,,,,,,,,,,,,,
397,Fig. 1,ID397__fig1.png,OFF,140,PIECE_RELATION,,,,,,,,,,,,,,,,,,,,"638,670,99,113",,,,,,NO_SELECTED_PANEL_DESCENDANT,0,0,,,CONTAINMENT,,,,,,,,,,,,,,,,,,,,,,,,,,,,,,,,,
397,Fig. 1,ID397__fig1.png,OFF,140,ORPHAN,,,,,,,,,,,,,,,,,,,,"624,670,142,328",46,186,NO_PANEL_IN_REACH,0,overlap 0px share 0.00 reach 34 [share],,,,,,,,,,,,,,,,,,,,,,,,,,,,,,,,,,,,,,,
397,Fig. 1,ID397__fig1.png,OFF,140,PIECE_RELATION,,,,,,,,,,,,,,,,,,,,"624,670,142,328",,,,,,NO_SELECTED_PANEL_DESCENDANT,0,0,,,CONTAINMENT,,,,,,,,,,,,,,,,,,,,,,,,,,,,,,,,,
397,Fig. 1,ID397__fig1.png,OFF,140,ORPHAN,,,,,,,,,,,,,,,,,,,,"703,1081,29,292",378,263,NO_PANEL_IN_REACH,0,overlap 0px share 0.00 reach 34 [share],,,,,,,,,,,,,,,,,,,,,,,,,,,,,,,,,,,,,,,
397,Fig. 1,ID397__fig1.png,OFF,140,PIECE_RELATION,,,,,,,,,,,,,,,,,,,,"703,1081,29,292",,,,,,NO_SELECTED_PANEL_DESCENDANT,0,0,,,CONTAINMENT,,,,,,,,,,,,,,,,,,,,,,,,,,,,,,,,,
397,Fig. 1,ID397__fig1.png,OFF,140,ORPHAN,,,,,,,,,,,,,,,,,,,,"702,1084,337,405",382,68,NO_PANEL_IN_REACH,0,overlap 0px share 0.00 reach 34 [share],,,,,,,,,,,,,,,,,,,,,,,,,,,,,,,,,,,,,,,
397,Fig. 1,ID397__fig1.png,OFF,140,PIECE_RELATION,,,,,,,,,,,,,,,,,,,,"702,1084,337,405",,,,,,NO_SELECTED_PANEL_DESCENDANT,0,0,,,CONTAINMENT,,,,,,,,,,,,,,,,,,,,,,,,,,,,,,,,,
397,Fig. 1,ID397__fig1.png,OFF,140,ORPHAN,,,,,,,,,,,,,,,,,,,,"102,574,445,628",472,183,NO_PANEL_IN_REACH,0,left 37px share 0.00 reach 34 [gap] [share],,,,,,,,,,,,,,,,,,,,,,,,,,,,,,,,,,,,,,,
397,Fig. 1,ID397__fig1.png,OFF,140,PIECE_RELATION,,,,,,,,,,,,,,,,,,,,"102,574,445,628",,,,,,NO_SELECTED_PANEL_DESCENDANT,0,0,,,CONTAINMENT,,,,,,,,,,,,,,,,,,,,,,,,,,,,,,,,,
397,Fig. 1,ID397__fig1.png,OFF,140,ORPHAN,,,,,,,,,,,,,,,,,,,,"139,577,662,756",438,94,NO_PANEL_IN_REACH,0,left 34px share 0.00 reach 34 [share],,,,,,,,,,,,,,,,,,,,,,,,,,,,,,,,,,,,,,,
397,Fig. 1,ID397__fig1.png,OFF,140,PIECE_RELATION,,,,,,,,,,,,,,,,,,,,"139,577,662,756",,,,,,NO_SELECTED_PANEL_DESCENDANT,0,0,,,CONTAINMENT,,,,,,,,,,,,,,,,,,,,,,,,,,,,,,,,,
397,Fig. 1,ID397__fig1.png,OFF,140,ORPHAN,,,,,,,,,,,,,,,,,,,,"619,678,465,680",59,215,NO_PANEL_IN_REACH,0,overlap 0px share 0.00 reach 34 [share],,,,,,,,,,,,,,,,,,,,,,,,,,,,,,,,,,,,,,,
397,Fig. 1,ID397__fig1.png,OFF,140,PIECE_RELATION,,,,,,,,,,,,,,,,,,,,"619,678,465,680",,,,,,NO_SELECTED_PANEL_DESCENDANT,0,0,,,CONTAINMENT,,,,,,,,,,,,,,,,,,,,,,,,,,,,,,,,,
397,Fig. 1,ID397__fig1.png,OFF,140,AXIS_FALLBACK,,,,,,,,"611,1102,1078,1453",698,202,202,0.95,leftmost column whose run is >= 0.95 of the longest (202 px),698:202px;699:201px;922:106px;921:106px;957:94px;956:94px,,,,,,,,,,,,,,,,,,,,,,,,,,,,,,,,,,,,,,,,,,,,,,,,,,
397,Fig. 1,ID397__fig1.png,OFF,140,AXIS_FALLBACK,,,,,,,,"611,1102,1078,1453",698,202,202,0.95,leftmost column whose run is >= 0.95 of the longest (202 px),698:202px;699:201px;922:106px;921:106px;957:94px;956:94px,,,,,,,,,,,,,,,,,,,,,,,,,,,,,,,,,,,,,,,,,,,,,,,,,,
397,Fig. 1,ID397__fig1.png,OFF,140,AXIS_FALLBACK,,,,,,,,"611,1102,1078,1453",698,202,202,0.95,leftmost column whose run is >= 0.95 of the longest (202 px),698:202px;699:201px;922:106px;921:106px;957:94px;956:94px,,,,,,,,,,,,,,,,,,,,,,,,,,,,,,,,,,,,,,,,,,,,,,,,,,
397,Fig. 1,ID397__fig1.png,OFF,140,ORPHAN,,,,33,,,,,,,,,,,,,,,,"94,578,793,1419",484,626,OFFERED,,,,,,,,,"611,1102,1078,1453",,left,,,,,,,,,,,,,,34,,,,,,,,,,,,,,,,
397,Fig. 1,ID397__fig1.png,OFF,140,GATE,,,,33,,,,,,,,,,,,,,,,"94,578,793,1419",,,,,,,,,,,,"611,1102,1078,1453",,left,False,O,X,-,X,X,-,,,,,,,,,,,,,,,,,,,,,,,
397,Fig. 1,ID397__fig1.png,OFF,140,GATE_WHY,,,,,,,,,,,,,,,,,,,,"94,578,793,1419",,,,,,,,,,,,"611,1102,1078,1453",,,,,,,,,,"축 없음, 잉크 0.073","행 겹침 0.91, 패널 행 1078-1453, 조각 793-1419",이 클립에서 캡션을 읽지 못했다,"건너는 간격 328 px, 패널 내부의 가장 큰 간격 32 px","밑변에 선 열 0.00, 축 범위 안 잉크 0.35 (교집합 0.35)",막대·눈금이 0→0개뿐이라 규칙성을 잴 수 없다,,,,,,,,,,,,,,,,,
397,Fig. 1,ID397__fig1.png,OFF,140,ORPHAN,,,,,,,,,,,,,,,,,,,,"613,1102,791,1412",489,621,NO_PANEL_IN_REACH,0,overlap 0px share 0.89 reach 34,,,,,,,,,,,,,,,,,,,,,,,,,,,,,,,,,,,,,,,
397,Fig. 1,ID397__fig1.png,OFF,140,PIECE_RELATION,,,,,,,,,,,,,,,,,,,,"613,1102,791,1412",,,,,,NO_SELECTED_PANEL_DESCENDANT,0,0,,,CONTAINMENT,,,,,,,,,,,,,,,,,,,,,,,,,,,,,,,,,
397,Fig. 1,ID397__fig1.png,OFF,140,ORPHAN,,,,,,,,,,,,,,,,,,,,"93,148,1438,1458",55,20,NO_PANEL_IN_REACH,0,left 463px share 0.75 reach 34 [gap],,,,,,,,,,,,,,,,,,,,,,,,,,,,,,,,,,,,,,,
397,Fig. 1,ID397__fig1.png,OFF,140,PIECE_RELATION,,,,,,,,,,,,,,,,,,,,"93,148,1438,1458",,,,,,NO_SELECTED_PANEL_DESCENDANT,0,0,,,CONTAINMENT,,,,,,,,,,,,,,,,,,,,,,,,,,,,,,,,,
397,Fig. 1,ID397__fig1.png,OFF,140,ORPHAN,,,,,,,,,,,,,,,,,,,,"161,624,1437,1458",463,21,NO_PANEL_IN_REACH,0,overlap 0px share 0.76 reach 34,,,,,,,,,,,,,,,,,,,,,,,,,,,,,,,,,,,,,,,
397,Fig. 1,ID397__fig1.png,OFF,140,PIECE_RELATION,,,,,,,,,,,,,,,,,,,,"161,624,1437,1458",,,,,,NO_SELECTED_PANEL_DESCENDANT,0,0,,,CONTAINMENT,,,,,,,,,,,,,,,,,,,,,,,,,,,,,,,,,
397,Fig. 1,ID397__fig1.png,OFF,140,AXIS_FALLBACK,,,,,,,,"709,1086,441,748",1077,147,147,0.95,leftmost column whose run is >= 0.95 of the longest (147 px),1077:147px;913:122px;912:122px;1045:120px;1044:120px;979:116px,,,,,,,,,,,,,,,,,,,,,,,,,,,,,,,,,,,,,,,,,,,,,,,,,,
397,Fig. 1,ID397__fig1.png,OFF,140,AXIS_FALLBACK,,,,,,,,"709,1081,174,292",841,98,98,0.95,leftmost column whose run is >= 0.95 of the longest (98 px),842:98px;841:98px;875:77px;1009:72px;1008:72px;942:70px,,,,,,,,,,,,,,,,,,,,,,,,,,,,,,,,,,,,,,,,,,,,,,,,,,
397,Fig. 1,ID397__fig1.png,OFF,140,AXIS_FALLBACK,,,,,,,,"723,1086,829,990",923,109,109,0.95,leftmost column whose run is >= 0.95 of the longest (109 px),923:109px;924:108px;1054:96px;1053:96px;956:95px;1021:69px,,,,,,,,,,,,,,,,,,,,,,,,,,,,,,,,,,,,,,,,,,,,,,,,,,
397,Fig. 1,ID397__fig1.png,OFF,140,AXIS_FALLBACK,,,,,,,,"711,1086,1155,1323",921,106,106,0.95,leftmost column whose run is >= 0.95 of the longest (106 px),922:106px;921:106px;957:94px;956:94px;991:80px;990:80px,,,,,,,,,,,,,,,,,,,,,,,,,,,,,,,,,,,,,,,,,,,,,,,,,,
397,Fig. 1,ID397__fig1.png,OFF,140,AXIS_FALLBACK,,,,,,,,"611,1102,1078,1453",698,202,202,0.95,leftmost column whose run is >= 0.95 of the longest (202 px),698:202px;699:201px;922:106px;921:106px;957:94px;956:94px,,,,,,,,,,,,,,,,,,,,,,,,,,,,,,,,,,,,,,,,,,,,,,,,,,
397,Fig. 1,ID397__fig1.png,OFF,140,AXIS_FALLBACK,,,,,,,,"611,1102,1078,1453",698,202,202,0.95,leftmost column whose run is >= 0.95 of the longest (202 px),698:202px;699:201px;922:106px;921:106px;957:94px;956:94px,,,,,,,,,,,,,,,,,,,,,,,,,,,,,,,,,,,,,,,,,,,,,,,,,,
397,Fig. 1,ID397__fig1.png,OFF,140,AXIS_CANDIDATES,,,,,,,,"611,1102,1078,1453",698,,,,leftmost of 2 free runs,698:1133-1335:free;699:1133-1334:free,2,0,1133-1335,905,112.5,,,,,,,,,,,,,,,,,,,,,,,,,,,,,,,,,,,,,,,,,,,,,
397,Fig. 1,ID397__fig1.png,OFF,140,AXIS_FALLBACK,,,,,,,,"709,1086,441,748",1077,147,147,0.95,leftmost column whose run is >= 0.95 of the longest (147 px),1077:147px;913:122px;912:122px;1045:120px;1044:120px;979:116px,,,,,,,,,,,,,,,,,,,,,,,,,,,,,,,,,,,,,,,,,,,,,,,,,,
397,Fig. 1,ID397__fig1.png,OFF,140,AXIS_CANDIDATES,,,,,,,,"709,1086,441,748",748,,,,leftmost of 9 free runs,748:494-594:free;749:494-594:free;781:479-591:free;782:479-591:free;814:508-601:free;847:511-604:free;880:498-600:free;912:478-600:free;913:478-600:free,9,0,494-594,935,92.1,,,,,,,,,,,,,,,,,,,,,,,,,,,,,,,,,,,,,,,,,,,,,
397,Fig. 1,ID397__fig1.png,OFF,140,AXIS_FALLBACK,,,,,,,,"711,1086,1155,1323",921,106,106,0.95,leftmost column whose run is >= 0.95 of the longest (106 px),922:106px;921:106px;957:94px;956:94px;991:80px;990:80px,,,,,,,,,,,,,,,,,,,,,,,,,,,,,,,,,,,,,,,,,,,,,,,,,,
397,Fig. 1,ID397__fig1.png,OFF,140,AXIS_CANDIDATES,,,,,,,,"711,1086,1155,1323",715,,,,leftmost of 9 free runs,715:1245-1312:free;716:1245-1312:free;818:1244-1312:free;819:1244-1312:free;853:1230-1310:free;887:1181-1243:free;888:1181-1243:free;921:1157-1263:free;922:1157-1263:free;749:1253-1323:clipped;750:1253-1323:clipped;784:1252-1323:clipped;785:1252-1323:clipped,9,4,1245-1312,936,50.4,,,,,,,,,,,,,,,,,,,,,,,,,,,,,,,,,,,,,,,,,,,,,
397,Fig. 1,ID397__fig1.png,OFF,140,AXIS_FALLBACK,,,,,,,,"723,1086,829,990",923,109,109,0.95,leftmost column whose run is >= 0.95 of the longest (109 px),923:109px;924:108px;1054:96px;1053:96px;956:95px;1021:69px,,,,,,,,,,,,,,,,,,,,,,,,,,,,,,,,,,,,,,,,,,,,,,,,,,
397,Fig. 1,ID397__fig1.png,OFF,140,AXIS_CANDIDATES,,,,,,,,"723,1086,829,990",728,,,,leftmost of 4 free runs,728:918-971:free;891:870-930:free;923:833-942:free;924:833-941:free,4,0,918-971,940,48.3,,,,,,,,,,,,,,,,,,,,,,,,,,,,,,,,,,,,,,,,,,,,,
397,Fig. 1,ID397__fig1.png,OFF,140,AXIS_FALLBACK,,,,,,,,"709,1081,174,292",841,98,98,0.95,leftmost column whose run is >= 0.95 of the longest (98 px),842:98px;841:98px;875:77px;1009:72px;1008:72px;942:70px,,,,,,,,,,,,,,,,,,,,,,,,,,,,,,,,,,,,,,,,,,,,,,,,,,
397,Fig. 1,ID397__fig1.png,OFF,140,AXIS_CANDIDATES,,,,,,,,"709,1081,174,292",875,,,,leftmost of 3 free runs,875:200-277:free;908:215-272:free;909:215-272:free;741:240-292:clipped;742:240-292:clipped;841:174-272:clipped;842:174-272:clipped,3,4,200-277,932,35.4,,,,,,,,,,,,,,,,,,,,,,,,,,,,,,,,,,,,,,,,,,,,,
397,Fig. 1,ID397__fig1.png,PLAIN,140,CUT,1,row,0,405-442,37,"0,1142,0,423","0,1142,423,1460",,,,,,,,,,,,,,,,,,,,,,,,,,,,,,,,,,,,,,,,,,,,,,,,,,,,,,,,,
397,Fig. 1,ID397__fig1.png,PLAIN,140,CUT,2,col,1,560-624,64,"0,592,0,423","592,1142,0,423",,,,,,,,,,,,,,,,,,,,,,,,,,,,,,,,,,,,,,,,,,,,,,,,,,,,,,,,,
397,Fig. 1,ID397__fig1.png,PLAIN,140,CUT,3,col,2,153-184,31,"0,168,0,423","168,592,0,423",,,,,,,,,,,,,,,,,,,,,,,,,,,,,,,,,,,,,,,,,,,,,,,,,,,,,,,,,
397,Fig. 1,ID397__fig1.png,PLAIN,140,CUT,4,row,3,110-139,29,"0,168,0,124","0,168,124,423",,,,,,,,,,,,,,,,,,,,,,,,,,,,,,,,,,,,,,,,,,,,,,,,,,,,,,,,,
397,Fig. 1,ID397__fig1.png,PLAIN,140,CUT,5,row,3,251-339,88,"168,592,0,295","168,592,295,423",,,,,,,,,,,,,,,,,,,,,,,,,,,,,,,,,,,,,,,,,,,,,,,,,,,,,,,,,
397,Fig. 1,ID397__fig1.png,PLAIN,140,CUT,6,col,2,670-702,32,"592,686,0,423","686,1142,0,423",,,,,,,,,,,,,,,,,,,,,,,,,,,,,,,,,,,,,,,,,,,,,,,,,,,,,,,,,
397,Fig. 1,ID397__fig1.png,PLAIN,140,CUT,7,row,3,113-142,29,"592,686,0,127","592,686,127,423",,,,,,,,,,,,,,,,,,,,,,,,,,,,,,,,,,,,,,,,,,,,,,,,,,,,,,,,,
397,Fig. 1,ID397__fig1.png,PLAIN,140,CUT,8,row,3,292-337,45,"686,1142,0,314","686,1142,314,423",,,,,,,,,,,,,,,,,,,,,,,,,,,,,,,,,,,,,,,,,,,,,,,,,,,,,,,,,
397,Fig. 1,ID397__fig1.png,PLAIN,140,CUT,9,row,1,756-791,35,"0,1142,423,773","0,1142,773,1460",,,,,,,,,,,,,,,,,,,,,,,,,,,,,,,,,,,,,,,,,,,,,,,,,,,,,,,,,
397,Fig. 1,ID397__fig1.png,PLAIN,140,CUT,10,col,2,577-619,42,"0,598,423,773","598,1142,423,773",,,,,,,,,,,,,,,,,,,,,,,,,,,,,,,,,,,,,,,,,,,,,,,,,,,,,,,,,
397,Fig. 1,ID397__fig1.png,PLAIN,140,CUT,11,row,3,628-662,34,"0,598,423,645","0,598,645,773",,,,,,,,,,,,,,,,,,,,,,,,,,,,,,,,,,,,,,,,,,,,,,,,,,,,,,,,,
397,Fig. 1,ID397__fig1.png,PLAIN,140,CUT,12,col,3,678-709,31,"598,693,423,773","693,1142,423,773",,,,,,,,,,,,,,,,,,,,,,,,,,,,,,,,,,,,,,,,,,,,,,,,,,,,,,,,,
397,Fig. 1,ID397__fig1.png,PLAIN,140,CUT,13,row,2,1419-1437,18,"0,1142,773,1428","0,1142,1428,1460",,,,,,,,,,,,,,,,,,,,,,,,,,,,,,,,,,,,,,,,,,,,,,,,,,,,,,,,,
397,Fig. 1,ID397__fig1.png,PLAIN,140,CUT,14,col,3,578-613,35,"0,595,773,1428","595,1142,773,1428",,,,,,,,,,,,,,,,,,,,,,,,,,,,,,,,,,,,,,,,,,,,,,,,,,,,,,,,,
397,Fig. 1,ID397__fig1.png,PLAIN,140,CUT,15,col,3,148-161,13,"0,154,1428,1460","154,1142,1428,1460",,,,,,,,,,,,,,,,,,,,,,,,,,,,,,,,,,,,,,,,,,,,,,,,,,,,,,,,,
397,Fig. 1,ID397__fig1.png,PLAIN,140,AXIS_FALLBACK,,,,,,,,"709,1086,441,748",1077,147,147,0.95,leftmost column whose run is >= 0.95 of the longest (147 px),1077:147px;913:122px;912:122px;1045:120px;1044:120px;979:116px,,,,,,,,,,,,,,,,,,,,,,,,,,,,,,,,,,,,,,,,,,,,,,,,,,
397,Fig. 1,ID397__fig1.png,PLAIN,140,AXIS_FALLBACK,,,,,,,,"709,1086,441,748",1077,147,147,0.95,leftmost column whose run is >= 0.95 of the longest (147 px),1077:147px;913:122px;912:122px;1045:120px;1044:120px;979:116px,,,,,,,,,,,,,,,,,,,,,,,,,,,,,,,,,,,,,,,,,,,,,,,,,,
397,Fig. 1,ID397__fig1.png,PLAIN,140,AXIS_FALLBACK,,,,,,,,"709,1081,174,292",841,98,98,0.95,leftmost column whose run is >= 0.95 of the longest (98 px),842:98px;841:98px;875:77px;1009:72px;1008:72px;942:70px,,,,,,,,,,,,,,,,,,,,,,,,,,,,,,,,,,,,,,,,,,,,,,,,,,
397,Fig. 1,ID397__fig1.png,PLAIN,140,AXIS_FALLBACK,,,,,,,,"723,1086,829,990",923,109,109,0.95,leftmost column whose run is >= 0.95 of the longest (109 px),923:109px;924:108px;1054:96px;1053:96px;956:95px;1021:69px,,,,,,,,,,,,,,,,,,,,,,,,,,,,,,,,,,,,,,,,,,,,,,,,,,
397,Fig. 1,ID397__fig1.png,PLAIN,140,AXIS_FALLBACK,,,,,,,,"711,1086,1155,1323",921,106,106,0.95,leftmost column whose run is >= 0.95 of the longest (106 px),922:106px;921:106px;957:94px;956:94px;991:80px;990:80px,,,,,,,,,,,,,,,,,,,,,,,,,,,,,,,,,,,,,,,,,,,,,,,,,,
397,Fig. 1,ID397__fig1.png,PLAIN,140,AXIS_CANDIDATES,,,,,,,,"709,1086,441,748",748,,,,leftmost of 9 free runs,748:494-594:free;749:494-594:free;781:479-591:free;782:479-591:free;814:508-601:free;847:511-604:free;880:498-600:free;912:478-600:free;913:478-600:free,9,0,494-594,935,92.1,,,,,,,,,,,,,,,,,,,,,,,,,,,,,,,,,,,,,,,,,,,,,
397,Fig. 1,ID397__fig1.png,PLAIN,140,AXIS_FALLBACK,,,,,,,,"709,1086,441,748",1077,147,147,0.95,leftmost column whose run is >= 0.95 of the longest (147 px),1077:147px;913:122px;912:122px;1045:120px;1044:120px;979:116px,,,,,,,,,,,,,,,,,,,,,,,,,,,,,,,,,,,,,,,,,,,,,,,,,,
397,Fig. 1,ID397__fig1.png,PLAIN,140,AXIS_CANDIDATES,,,,,,,,"709,1081,174,292",875,,,,leftmost of 3 free runs,875:200-277:free;908:215-272:free;909:215-272:free;741:240-292:clipped;742:240-292:clipped;841:174-272:clipped;842:174-272:clipped,3,4,200-277,932,35.4,,,,,,,,,,,,,,,,,,,,,,,,,,,,,,,,,,,,,,,,,,,,,
397,Fig. 1,ID397__fig1.png,PLAIN,140,AXIS_FALLBACK,,,,,,,,"709,1081,174,292",841,98,98,0.95,leftmost column whose run is >= 0.95 of the longest (98 px),842:98px;841:98px;875:77px;1009:72px;1008:72px;942:70px,,,,,,,,,,,,,,,,,,,,,,,,,,,,,,,,,,,,,,,,,,,,,,,,,,
397,Fig. 1,ID397__fig1.png,PLAIN,140,AXIS_CANDIDATES,,,,,,,,"723,1086,829,990",728,,,,leftmost of 4 free runs,728:918-971:free;891:870-930:free;923:833-942:free;924:833-941:free,4,0,918-971,940,48.3,,,,,,,,,,,,,,,,,,,,,,,,,,,,,,,,,,,,,,,,,,,,,
397,Fig. 1,ID397__fig1.png,PLAIN,140,AXIS_FALLBACK,,,,,,,,"723,1086,829,990",923,109,109,0.95,leftmost column whose run is >= 0.95 of the longest (109 px),923:109px;924:108px;1054:96px;1053:96px;956:95px;1021:69px,,,,,,,,,,,,,,,,,,,,,,,,,,,,,,,,,,,,,,,,,,,,,,,,,,
397,Fig. 1,ID397__fig1.png,PLAIN,140,AXIS_CANDIDATES,,,,,,,,"711,1086,1155,1323",715,,,,leftmost of 9 free runs,715:1245-1312:free;716:1245-1312:free;818:1244-1312:free;819:1244-1312:free;853:1230-1310:free;887:1181-1243:free;888:1181-1243:free;921:1157-1263:free;922:1157-1263:free;749:1253-1323:clipped;750:1253-1323:clipped;784:1252-1323:clipped;785:1252-1323:clipped,9,4,1245-1312,936,50.4,,,,,,,,,,,,,,,,,,,,,,,,,,,,,,,,,,,,,,,,,,,,,
397,Fig. 1,ID397__fig1.png,PLAIN,140,AXIS_FALLBACK,,,,,,,,"711,1086,1155,1323",921,106,106,0.95,leftmost column whose run is >= 0.95 of the longest (106 px),922:106px;921:106px;957:94px;956:94px;991:80px;990:80px,,,,,,,,,,,,,,,,,,,,,,,,,,,,,,,,,,,,,,,,,,,,,,,,,,
397,Fig. 1,ID397__fig1.png,PLAIN,140,ORPHAN,,,,,,,,,,,,,,,,,,,,"122,153,95,110",31,15,NO_PANEL_IN_REACH,0,left 556px share 0.00 reach 34 [gap] [share],,,,,,,,,,,,,,,,,,,,,,,,,,,,,,,,,,,,,,,
397,Fig. 1,ID397__fig1.png,PLAIN,140,PIECE_RELATION,,,,,,,,,,,,,,,,,,,,"122,153,95,110",,,,,,NO_SELECTED_PANEL_DESCENDANT,0,0,,,CONTAINMENT,,,,,,,,,,,,,,,,,,,,,,,,,,,,,,,,,
397,Fig. 1,ID397__fig1.png,PLAIN,140,ORPHAN,,,,,,,,,,,,,,,,,,,,"99,153,139,330",54,191,NO_PANEL_IN_REACH,0,left 556px share 1.00 reach 34 [gap],,,,,,,,,,,,,,,,,,,,,,,,,,,,,,,,,,,,,,,
397,Fig. 1,ID397__fig1.png,PLAIN,140,PIECE_RELATION,,,,,,,,,,,,,,,,,,,,"99,153,139,330",,,,,,NO_SELECTED_PANEL_DESCENDANT,0,0,,,CONTAINMENT,,,,,,,,,,,,,,,,,,,,,,,,,,,,,,,,,
397,Fig. 1,ID397__fig1.png,PLAIN,140,ORPHAN,,,,,,,,,,,,,,,,,,,,"186,557,30,251",371,221,NO_PANEL_IN_REACH,0,left 152px share 0.65 reach 34 [gap],,,,,,,,,,,,,,,,,,,,,,,,,,,,,,,,,,,,,,,
397,Fig. 1,ID397__fig1.png,PLAIN,140,PIECE_RELATION,,,,,,,,,,,,,,,,,,,,"186,557,30,251",,,,,,NO_SELECTED_PANEL_DESCENDANT,0,0,,,CONTAINMENT,,,,,,,,,,,,,,,,,,,,,,,,,,,,,,,,,
397,Fig. 1,ID397__fig1.png,PLAIN,140,ORPHAN,,,,,,,,,,,,,,,,,,,,"184,560,339,402",376,63,NO_PANEL_IN_REACH,0,left 149px share 0.00 reach 34 [gap] [share],,,,,,,,,,,,,,,,,,,,,,,,,,,,,,,,,,,,,,,
397,Fig. 1,ID397__fig1.png,PLAIN,140,PIECE_RELATION,,,,,,,,,,,,,,,,,,,,"184,560,339,402",,,,,,NO_SELECTED_PANEL_DESCENDANT,0,0,,,CONTAINMENT,,,,,,,,,,,,,,,,,,,,,,,,,,,,,,,,,
397,Fig. 1,ID397__fig1.png,PLAIN,140,ORPHAN,,,,,,,,,,,,,,,,,,,,"638,670,99,113",32,14,NO_PANEL_IN_REACH,0,left 39px share 0.00 reach 34 [gap] [share],,,,,,,,,,,,,,,,,,,,,,,,,,,,,,,,,,,,,,,
397,Fig. 1,ID397__fig1.png,PLAIN,140,PIECE_RELATION,,,,,,,,,,,,,,,,,,,,"638,670,99,113",,,,,,NO_SELECTED_PANEL_DESCENDANT,0,0,,,CONTAINMENT,,,,,,,,,,,,,,,,,,,,,,,,,,,,,,,,,
397,Fig. 1,ID397__fig1.png,PLAIN,140,ORPHAN,,,,,,,,,,,,,,,,,,,,"624,670,142,328",46,186,NO_PANEL_IN_REACH,0,left 39px share 1.00 reach 34 [gap],,,,,,,,,,,,,,,,,,,,,,,,,,,,,,,,,,,,,,,
397,Fig. 1,ID397__fig1.png,PLAIN,140,PIECE_RELATION,,,,,,,,,,,,,,,,,,,,"624,670,142,328",,,,,,NO_SELECTED_PANEL_DESCENDANT,0,0,,,CONTAINMENT,,,,,,,,,,,,,,,,,,,,,,,,,,,,,,,,,
397,Fig. 1,ID397__fig1.png,PLAIN,140,ORPHAN,,,,,,,,,,,,,,,,,,,,"703,1081,29,292",378,263,NO_PANEL_IN_REACH,0,overlap 0px share 1.00 reach 34,,,,,,,,,,,,,,,,,,,,,,,,,,,,,,,,,,,,,,,
397,Fig. 1,ID397__fig1.png,PLAIN,140,PIECE_RELATION,,,,,,,,,,,,,,,,,,,,"703,1081,29,292",,,,,,SAME_HALF_NESTED_PANEL,0,1,,"709,1081,174,292",CONTAINMENT,,,,,,,,,,,,,,,,,,,,,,,,,,,,,,,,,
397,Fig. 1,ID397__fig1.png,PLAIN,140,ORPHAN,,,,,,,,,,,,,,,,,,,,"702,1084,337,405",382,68,NO_PANEL_IN_REACH,0,overlap 0px share 0.00 reach 34 [share],,,,,,,,,,,,,,,,,,,,,,,,,,,,,,,,,,,,,,,
397,Fig. 1,ID397__fig1.png,PLAIN,140,PIECE_RELATION,,,,,,,,,,,,,,,,,,,,"702,1084,337,405",,,,,,OPPOSITE_HALF_UNIQUE_PANEL,1,0,"709,1081,174,292",,CONTAINMENT,,,,,,,,,,,,,,,,,,,,,,,,,,,,,,,,,
397,Fig. 1,ID397__fig1.png,PLAIN,140,AXIS_FALLBACK,,,,,,,,"709,1081,174,292",841,98,98,0.95,leftmost column whose run is >= 0.95 of the longest (98 px),842:98px;841:98px;875:77px;1009:72px;1008:72px;942:70px,,,,,,,,,,,,,,,,,,,,,,,,,,,,,,,,,,,,,,,,,,,,,,,,,,
397,Fig. 1,ID397__fig1.png,PLAIN,140,AXIS_FALLBACK,,,,,,,,"709,1081,174,292",841,98,98,0.95,leftmost column whose run is >= 0.95 of the longest (98 px),842:98px;841:98px;875:77px;1009:72px;1008:72px;942:70px,,,,,,,,,,,,,,,,,,,,,,,,,,,,,,,,,,,,,,,,,,,,,,,,,,
397,Fig. 1,ID397__fig1.png,PLAIN,140,AXIS_FALLBACK,,,,,,,,"709,1081,174,292",841,98,98,0.95,leftmost column whose run is >= 0.95 of the longest (98 px),842:98px;841:98px;875:77px;1009:72px;1008:72px;942:70px,,,,,,,,,,,,,,,,,,,,,,,,,,,,,,,,,,,,,,,,,,,,,,,,,,
397,Fig. 1,ID397__fig1.png,PLAIN,140,GATE_SHADOW,8,,,,45,,,,,,,,,,,,,,,"702,1084,337,405",,,,,,,,,,,,"709,1081,174,292",row,below,False,O,X,-,O,O,-,,,,,,,,,,,,,,,,,,,,,,,
397,Fig. 1,ID397__fig1.png,PLAIN,140,GATE_SHADOW_WHY,,,,,,,,,,,,,,,,,,,,"702,1084,337,405",,,,,,,,,,,,"709,1081,174,292",,,,,,,,,,"축 없음, 잉크 0.096","행 겹침 -0.66, 패널 행 174-292, 조각 337-405",이 클립에서 캡션을 읽지 못했다,"건너는 간격 0 px, 패널 내부의 가장 큰 간격 32 px","밑변에 선 열 0.00, 축 범위 안 잉크 1.99 (교집합 0.00)",막대·눈금이 2→2개뿐이라 규칙성을 잴 수 없다,,,,,,,,,,,,,,,,,
397,Fig. 1,ID397__fig1.png,PLAIN,140,ORPHAN,,,,,,,,,,,,,,,,,,,,"102,574,445,628",472,183,NO_PANEL_IN_REACH,0,left 135px share 1.00 reach 34 [gap],,,,,,,,,,,,,,,,,,,,,,,,,,,,,,,,,,,,,,,
397,Fig. 1,ID397__fig1.png,PLAIN,140,PIECE_RELATION,,,,,,,,,,,,,,,,,,,,"102,574,445,628",,,,,,NO_SELECTED_PANEL_DESCENDANT,0,0,,,CONTAINMENT,,,,,,,,,,,,,,,,,,,,,,,,,,,,,,,,,
397,Fig. 1,ID397__fig1.png,PLAIN,140,ORPHAN,,,,,,,,,,,,,,,,,,,,"139,577,662,756",438,94,NO_PANEL_IN_REACH,0,left 132px share 0.91 reach 34 [gap],,,,,,,,,,,,,,,,,,,,,,,,,,,,,,,,,,,,,,,
397,Fig. 1,ID397__fig1.png,PLAIN,140,PIECE_RELATION,,,,,,,,,,,,,,,,,,,,"139,577,662,756",,,,,,NO_SELECTED_PANEL_DESCENDANT,0,0,,,CONTAINMENT,,,,,,,,,,,,,,,,,,,,,,,,,,,,,,,,,
397,Fig. 1,ID397__fig1.png,PLAIN,140,AXIS_FALLBACK,,,,,,,,"709,1086,441,748",1077,147,147,0.95,leftmost column whose run is >= 0.95 of the longest (147 px),1077:147px;913:122px;912:122px;1045:120px;1044:120px;979:116px,,,,,,,,,,,,,,,,,,,,,,,,,,,,,,,,,,,,,,,,,,,,,,,,,,
397,Fig. 1,ID397__fig1.png,PLAIN,140,AXIS_FALLBACK,,,,,,,,"709,1086,441,748",1077,147,147,0.95,leftmost column whose run is >= 0.95 of the longest (147 px),1077:147px;913:122px;912:122px;1045:120px;1044:120px;979:116px,,,,,,,,,,,,,,,,,,,,,,,,,,,,,,,,,,,,,,,,,,,,,,,,,,
397,Fig. 1,ID397__fig1.png,PLAIN,140,AXIS_FALLBACK,,,,,,,,"709,1086,441,748",1077,147,147,0.95,leftmost column whose run is >= 0.95 of the longest (147 px),1077:147px;913:122px;912:122px;1045:120px;1044:120px;979:116px,,,,,,,,,,,,,,,,,,,,,,,,,,,,,,,,,,,,,,,,,,,,,,,,,,
397,Fig. 1,ID397__fig1.png,PLAIN,140,ORPHAN,,,,31,,,,,,,,,,,,,,,,"619,678,465,680",59,215,OFFERED,,,,,,,,,"709,1086,441,748",,left,,,,,,,,,,,,,,34,,,,,,,,,,,,,,,,
397,Fig. 1,ID397__fig1.png,PLAIN,140,GATE,,,,31,,,,,,,,,,,,,,,,"619,678,465,680",,,,,,,,,,,,"709,1086,441,748",,left,False,O,O,-,X,X,-,,,,,,,,,,,,,,,,,,,,,,,
397,Fig. 1,ID397__fig1.png,PLAIN,140,GATE_WHY,,,,,,,,,,,,,,,,,,,,"619,678,465,680",,,,,,,,,,,,"709,1086,441,748",,,,,,,,,,"축 없음, 잉크 0.066","행 겹침 1.00, 패널 행 441-748, 조각 465-680",이 클립에서 캡션을 읽지 못했다,밑변 행 707에 조각 쪽 잉크가 없다,"밑변에 선 열 0.00, 축 범위 안 잉크 0.48 (교집합 0.48)",막대·눈금이 0→0개뿐이라 규칙성을 잴 수 없다,,,,,,,,,,,,,,,,,
397,Fig. 1,ID397__fig1.png,PLAIN,140,ORPHAN,,,,,,,,,,,,,,,,,,,,"94,578,793,1419",484,626,NO_PANEL_IN_REACH,0,left 145px share 1.00 reach 34 [gap],,,,,,,,,,,,,,,,,,,,,,,,,,,,,,,,,,,,,,,
397,Fig. 1,ID397__fig1.png,PLAIN,140,PIECE_RELATION,,,,,,,,,,,,,,,,,,,,"94,578,793,1419",,,,,,OPPOSITE_HALF_MULTIPLE_PANELS,2,0,"723,1086,829,990;711,1086,1155,1323",,CONTAINMENT,,,,,,,,,,,,,,,,,,,,,,,,,,,,,,,,,
397,Fig. 1,ID397__fig1.png,PLAIN,140,ORPHAN,,,,,,,,,,,,,,,,,,,,"613,1102,791,1412",489,621,NO_PANEL_IN_REACH,0,overlap 0px share 1.00 reach 34,,,,,,,,,,,,,,,,,,,,,,,,,,,,,,,,,,,,,,,
397,Fig. 1,ID397__fig1.png,PLAIN,140,PIECE_RELATION,,,,,,,,,,,,,,,,,,,,"613,1102,791,1412",,,,,,SAME_HALF_NESTED_PANEL,0,2,,"723,1086,829,990;711,1086,1155,1323",CONTAINMENT,,,,,,,,,,,,,,,,,,,,,,,,,,,,,,,,,
397,Fig. 1,ID397__fig1.png,PLAIN,140,ORPHAN,,,,,,,,,,,,,,,,,,,,"93,148,1438,1458",55,20,NO_PANEL_IN_REACH,0,left 561px share 0.00 reach 34 [gap] [share],,,,,,,,,,,,,,,,,,,,,,,,,,,,,,,,,,,,,,,
397,Fig. 1,ID397__fig1.png,PLAIN,140,PIECE_RELATION,,,,,,,,,,,,,,,,,,,,"93,148,1438,1458",,,,,,NO_SELECTED_PANEL_DESCENDANT,0,0,,,CONTAINMENT,,,,,,,,,,,,,,,,,,,,,,,,,,,,,,,,,
397,Fig. 1,ID397__fig1.png,PLAIN,140,ORPHAN,,,,,,,,,,,,,,,,,,,,"161,624,1437,1458",463,21,NO_PANEL_IN_REACH,0,left 85px share 0.00 reach 34 [gap] [share],,,,,,,,,,,,,,,,,,,,,,,,,,,,,,,,,,,,,,,
397,Fig. 1,ID397__fig1.png,PLAIN,140,PIECE_RELATION,,,,,,,,,,,,,,,,,,,,"161,624,1437,1458",,,,,,NO_SELECTED_PANEL_DESCENDANT,0,0,,,CONTAINMENT,,,,,,,,,,,,,,,,,,,,,,,,,,,,,,,,,
397,Fig. 1,ID397__fig1.png,PLAIN,140,AXIS_CANDIDATES,,,,,,,,"611,1102,1078,1453",698,,,,leftmost of 2 free runs,698:1133-1335:free;699:1133-1334:free,2,0,1133-1335,905,112.5,,,,,,,,,,,,,,,,,,,,,,,,,,,,,,,,,,,,,,,,,,,,,
397,Fig. 1,ID397__fig1.png,PLAIN,140,AXIS_FALLBACK,,,,,,,,"611,1102,1078,1453",698,202,202,0.95,leftmost column whose run is >= 0.95 of the longest (202 px),698:202px;699:201px;922:106px;921:106px;957:94px;956:94px,,,,,,,,,,,,,,,,,,,,,,,,,,,,,,,,,,,,,,,,,,,,,,,,,,
397,Fig. 1,ID397__fig1.png,PLAIN,140,ORPHAN,,,,,,,,,,,,,,,,,,,,"122,153,95,110",31,15,NO_PANEL_IN_REACH,0,left 458px share 0.00 reach 34 [gap] [share],,,,,,,,,,,,,,,,,,,,,,,,,,,,,,,,,,,,,,,
397,Fig. 1,ID397__fig1.png,PLAIN,140,PIECE_RELATION,,,,,,,,,,,,,,,,,,,,"122,153,95,110",,,,,,NO_SELECTED_PANEL_DESCENDANT,0,0,,,CONTAINMENT,,,,,,,,,,,,,,,,,,,,,,,,,,,,,,,,,
397,Fig. 1,ID397__fig1.png,PLAIN,140,ORPHAN,,,,,,,,,,,,,,,,,,,,"99,153,139,330",54,191,NO_PANEL_IN_REACH,0,left 458px share 0.00 reach 34 [gap] [share],,,,,,,,,,,,,,,,,,,,,,,,,,,,,,,,,,,,,,,
397,Fig. 1,ID397__fig1.png,PLAIN,140,PIECE_RELATION,,,,,,,,,,,,,,,,,,,,"99,153,139,330",,,,,,NO_SELECTED_PANEL_DESCENDANT,0,0,,,CONTAINMENT,,,,,,,,,,,,,,,,,,,,,,,,,,,,,,,,,
397,Fig. 1,ID397__fig1.png,PLAIN,140,ORPHAN,,,,,,,,,,,,,,,,,,,,"186,557,30,251",371,221,NO_PANEL_IN_REACH,0,left 54px share 0.00 reach 34 [gap] [share],,,,,,,,,,,,,,,,,,,,,,,,,,,,,,,,,,,,,,,
397,Fig. 1,ID397__fig1.png,PLAIN,140,PIECE_RELATION,,,,,,,,,,,,,,,,,,,,"186,557,30,251",,,,,,NO_SELECTED_PANEL_DESCENDANT,0,0,,,CONTAINMENT,,,,,,,,,,,,,,,,,,,,,,,,,,,,,,,,,
397,Fig. 1,ID397__fig1.png,PLAIN,140,ORPHAN,,,,,,,,,,,,,,,,,,,,"184,560,339,402",376,63,NO_PANEL_IN_REACH,0,left 51px share 0.00 reach 34 [gap] [share],,,,,,,,,,,,,,,,,,,,,,,,,,,,,,,,,,,,,,,
397,Fig. 1,ID397__fig1.png,PLAIN,140,PIECE_RELATION,,,,,,,,,,,,,,,,,,,,"184,560,339,402",,,,,,NO_SELECTED_PANEL_DESCENDANT,0,0,,,CONTAINMENT,,,,,,,,,,,,,,,,,,,,,,,,,,,,,,,,,
397,Fig. 1,ID397__fig1.png,PLAIN,140,ORPHAN,,,,,,,,,,,,,,,,,,,,"638,670,99,113",32,14,NO_PANEL_IN_REACH,0,overlap 0px share 0.00 reach 34 [share],,,,,,,,,,,,,,,,,,,,,,,,,,,,,,,,,,,,,,,
397,Fig. 1,ID397__fig1.png,PLAIN,140,PIECE_RELATION,,,,,,,,,,,,,,,,,,,,"638,670,99,113",,,,,,NO_SELECTED_PANEL_DESCENDANT,0,0,,,CONTAINMENT,,,,,,,,,,,,,,,,,,,,,,,,,,,,,,,,,
397,Fig. 1,ID397__fig1.png,PLAIN,140,ORPHAN,,,,,,,,,,,,,,,,,,,,"624,670,142,328",46,186,NO_PANEL_IN_REACH,0,overlap 0px share 0.00 reach 34 [share],,,,,,,,,,,,,,,,,,,,,,,,,,,,,,,,,,,,,,,
397,Fig. 1,ID397__fig1.png,PLAIN,140,PIECE_RELATION,,,,,,,,,,,,,,,,,,,,"624,670,142,328",,,,,,NO_SELECTED_PANEL_DESCENDANT,0,0,,,CONTAINMENT,,,,,,,,,,,,,,,,,,,,,,,,,,,,,,,,,
397,Fig. 1,ID397__fig1.png,PLAIN,140,ORPHAN,,,,,,,,,,,,,,,,,,,,"703,1081,29,292",378,263,NO_PANEL_IN_REACH,0,overlap 0px share 0.00 reach 34 [share],,,,,,,,,,,,,,,,,,,,,,,,,,,,,,,,,,,,,,,
397,Fig. 1,ID397__fig1.png,PLAIN,140,PIECE_RELATION,,,,,,,,,,,,,,,,,,,,"703,1081,29,292",,,,,,NO_SELECTED_PANEL_DESCENDANT,0,0,,,CONTAINMENT,,,,,,,,,,,,,,,,,,,,,,,,,,,,,,,,,
397,Fig. 1,ID397__fig1.png,PLAIN,140,ORPHAN,,,,,,,,,,,,,,,,,,,,"702,1084,337,405",382,68,NO_PANEL_IN_REACH,0,overlap 0px share 0.00 reach 34 [share],,,,,,,,,,,,,,,,,,,,,,,,,,,,,,,,,,,,,,,
397,Fig. 1,ID397__fig1.png,PLAIN,140,PIECE_RELATION,,,,,,,,,,,,,,,,,,,,"702,1084,337,405",,,,,,NO_SELECTED_PANEL_DESCENDANT,0,0,,,CONTAINMENT,,,,,,,,,,,,,,,,,,,,,,,,,,,,,,,,,
397,Fig. 1,ID397__fig1.png,PLAIN,140,ORPHAN,,,,,,,,,,,,,,,,,,,,"102,574,445,628",472,183,NO_PANEL_IN_REACH,0,left 37px share 0.00 reach 34 [gap] [share],,,,,,,,,,,,,,,,,,,,,,,,,,,,,,,,,,,,,,,
397,Fig. 1,ID397__fig1.png,PLAIN,140,PIECE_RELATION,,,,,,,,,,,,,,,,,,,,"102,574,445,628",,,,,,NO_SELECTED_PANEL_DESCENDANT,0,0,,,CONTAINMENT,,,,,,,,,,,,,,,,,,,,,,,,,,,,,,,,,
397,Fig. 1,ID397__fig1.png,PLAIN,140,ORPHAN,,,,,,,,,,,,,,,,,,,,"139,577,662,756",438,94,NO_PANEL_IN_REACH,0,left 34px share 0.00 reach 34 [share],,,,,,,,,,,,,,,,,,,,,,,,,,,,,,,,,,,,,,,
397,Fig. 1,ID397__fig1.png,PLAIN,140,PIECE_RELATION,,,,,,,,,,,,,,,,,,,,"139,577,662,756",,,,,,NO_SELECTED_PANEL_DESCENDANT,0,0,,,CONTAINMENT,,,,,,,,,,,,,,,,,,,,,,,,,,,,,,,,,
397,Fig. 1,ID397__fig1.png,PLAIN,140,ORPHAN,,,,,,,,,,,,,,,,,,,,"619,678,465,680",59,215,NO_PANEL_IN_REACH,0,overlap 0px share 0.00 reach 34 [share],,,,,,,,,,,,,,,,,,,,,,,,,,,,,,,,,,,,,,,
397,Fig. 1,ID397__fig1.png,PLAIN,140,PIECE_RELATION,,,,,,,,,,,,,,,,,,,,"619,678,465,680",,,,,,NO_SELECTED_PANEL_DESCENDANT,0,0,,,CONTAINMENT,,,,,,,,,,,,,,,,,,,,,,,,,,,,,,,,,
397,Fig. 1,ID397__fig1.png,PLAIN,140,AXIS_FALLBACK,,,,,,,,"611,1102,1078,1453",698,202,202,0.95,leftmost column whose run is >= 0.95 of the longest (202 px),698:202px;699:201px;922:106px;921:106px;957:94px;956:94px,,,,,,,,,,,,,,,,,,,,,,,,,,,,,,,,,,,,,,,,,,,,,,,,,,
397,Fig. 1,ID397__fig1.png,PLAIN,140,AXIS_FALLBACK,,,,,,,,"611,1102,1078,1453",698,202,202,0.95,leftmost column whose run is >= 0.95 of the longest (202 px),698:202px;699:201px;922:106px;921:106px;957:94px;956:94px,,,,,,,,,,,,,,,,,,,,,,,,,,,,,,,,,,,,,,,,,,,,,,,,,,
397,Fig. 1,ID397__fig1.png,PLAIN,140,AXIS_FALLBACK,,,,,,,,"611,1102,1078,1453",698,202,202,0.95,leftmost column whose run is >= 0.95 of the longest (202 px),698:202px;699:201px;922:106px;921:106px;957:94px;956:94px,,,,,,,,,,,,,,,,,,,,,,,,,,,,,,,,,,,,,,,,,,,,,,,,,,
397,Fig. 1,ID397__fig1.png,PLAIN,140,ORPHAN,,,,33,,,,,,,,,,,,,,,,"94,578,793,1419",484,626,OFFERED,,,,,,,,,"611,1102,1078,1453",,left,,,,,,,,,,,,,,34,,,,,,,,,,,,,,,,
397,Fig. 1,ID397__fig1.png,PLAIN,140,GATE,,,,33,,,,,,,,,,,,,,,,"94,578,793,1419",,,,,,,,,,,,"611,1102,1078,1453",,left,False,O,X,-,X,X,-,,,,,,,,,,,,,,,,,,,,,,,
397,Fig. 1,ID397__fig1.png,PLAIN,140,GATE_WHY,,,,,,,,,,,,,,,,,,,,"94,578,793,1419",,,,,,,,,,,,"611,1102,1078,1453",,,,,,,,,,"축 없음, 잉크 0.073","행 겹침 0.91, 패널 행 1078-1453, 조각 793-1419",이 클립에서 캡션을 읽지 못했다,"건너는 간격 328 px, 패널 내부의 가장 큰 간격 32 px","밑변에 선 열 0.00, 축 범위 안 잉크 0.35 (교집합 0.35)",막대·눈금이 0→0개뿐이라 규칙성을 잴 수 없다,,,,,,,,,,,,,,,,,
397,Fig. 1,ID397__fig1.png,PLAIN,140,ORPHAN,,,,,,,,,,,,,,,,,,,,"613,1102,791,1412",489,621,NO_PANEL_IN_REACH,0,overlap 0px share 0.89 reach 34,,,,,,,,,,,,,,,,,,,,,,,,,,,,,,,,,,,,,,,
397,Fig. 1,ID397__fig1.png,PLAIN,140,PIECE_RELATION,,,,,,,,,,,,,,,,,,,,"613,1102,791,1412",,,,,,NO_SELECTED_PANEL_DESCENDANT,0,0,,,CONTAINMENT,,,,,,,,,,,,,,,,,,,,,,,,,,,,,,,,,
397,Fig. 1,ID397__fig1.png,PLAIN,140,ORPHAN,,,,,,,,,,,,,,,,,,,,"93,148,1438,1458",55,20,NO_PANEL_IN_REACH,0,left 463px share 0.75 reach 34 [gap],,,,,,,,,,,,,,,,,,,,,,,,,,,,,,,,,,,,,,,
397,Fig. 1,ID397__fig1.png,PLAIN,140,PIECE_RELATION,,,,,,,,,,,,,,,,,,,,"93,148,1438,1458",,,,,,NO_SELECTED_PANEL_DESCENDANT,0,0,,,CONTAINMENT,,,,,,,,,,,,,,,,,,,,,,,,,,,,,,,,,
397,Fig. 1,ID397__fig1.png,PLAIN,140,ORPHAN,,,,,,,,,,,,,,,,,,,,"161,624,1437,1458",463,21,NO_PANEL_IN_REACH,0,overlap 0px share 0.76 reach 34,,,,,,,,,,,,,,,,,,,,,,,,,,,,,,,,,,,,,,,
397,Fig. 1,ID397__fig1.png,PLAIN,140,PIECE_RELATION,,,,,,,,,,,,,,,,,,,,"161,624,1437,1458",,,,,,NO_SELECTED_PANEL_DESCENDANT,0,0,,,CONTAINMENT,,,,,,,,,,,,,,,,,,,,,,,,,,,,,,,,,
397,Fig. 1,ID397__fig1.png,PLAIN,140,AXIS_FALLBACK,,,,,,,,"709,1086,441,748",1077,147,147,0.95,leftmost column whose run is >= 0.95 of the longest (147 px),1077:147px;913:122px;912:122px;1045:120px;1044:120px;979:116px,,,,,,,,,,,,,,,,,,,,,,,,,,,,,,,,,,,,,,,,,,,,,,,,,,
397,Fig. 1,ID397__fig1.png,PLAIN,140,AXIS_FALLBACK,,,,,,,,"709,1081,174,292",841,98,98,0.95,leftmost column whose run is >= 0.95 of the longest (98 px),842:98px;841:98px;875:77px;1009:72px;1008:72px;942:70px,,,,,,,,,,,,,,,,,,,,,,,,,,,,,,,,,,,,,,,,,,,,,,,,,,
397,Fig. 1,ID397__fig1.png,PLAIN,140,AXIS_FALLBACK,,,,,,,,"723,1086,829,990",923,109,109,0.95,leftmost column whose run is >= 0.95 of the longest (109 px),923:109px;924:108px;1054:96px;1053:96px;956:95px;1021:69px,,,,,,,,,,,,,,,,,,,,,,,,,,,,,,,,,,,,,,,,,,,,,,,,,,
397,Fig. 1,ID397__fig1.png,PLAIN,140,AXIS_FALLBACK,,,,,,,,"711,1086,1155,1323",921,106,106,0.95,leftmost column whose run is >= 0.95 of the longest (106 px),922:106px;921:106px;957:94px;956:94px;991:80px;990:80px,,,,,,,,,,,,,,,,,,,,,,,,,,,,,,,,,,,,,,,,,,,,,,,,,,
397,Fig. 1,ID397__fig1.png,PLAIN,140,AXIS_FALLBACK,,,,,,,,"611,1102,1078,1453",698,202,202,0.95,leftmost column whose run is >= 0.95 of the longest (202 px),698:202px;699:201px;922:106px;921:106px;957:94px;956:94px,,,,,,,,,,,,,,,,,,,,,,,,,,,,,,,,,,,,,,,,,,,,,,,,,,
397,Fig. 1,ID397__fig1.png,CAP,140,CUT,1,row,0,405-442,37,"0,1142,0,423","0,1142,423,1460",,,,,,,,,,,,,,,,,,,,,,,,,,,,,,,,,,,,,,,,,,,,,,,,,,,,,,,,,
397,Fig. 1,ID397__fig1.png,CAP,140,CUT,2,col,1,560-624,64,"0,592,0,423","592,1142,0,423",,,,,,,,,,,,,,,,,,,,,,,,,,,,,,,,,,,,,,,,,,,,,,,,,,,,,,,,,
397,Fig. 1,ID397__fig1.png,CAP,140,CUT,3,col,2,153-184,31,"0,168,0,423","168,592,0,423",,,,,,,,,,,,,,,,,,,,,,,,,,,,,,,,,,,,,,,,,,,,,,,,,,,,,,,,,
397,Fig. 1,ID397__fig1.png,CAP,140,CUT,4,row,3,110-139,29,"0,168,0,124","0,168,124,423",,,,,,,,,,,,,,,,,,,,,,,,,,,,,,,,,,,,,,,,,,,,,,,,,,,,,,,,,
397,Fig. 1,ID397__fig1.png,CAP,140,CUT,5,row,3,251-339,88,"168,592,0,295","168,592,295,423",,,,,,,,,,,,,,,,,,,,,,,,,,,,,,,,,,,,,,,,,,,,,,,,,,,,,,,,,
397,Fig. 1,ID397__fig1.png,CAP,140,CUT,6,col,2,670-702,32,"592,686,0,423","686,1142,0,423",,,,,,,,,,,,,,,,,,,,,,,,,,,,,,,,,,,,,,,,,,,,,,,,,,,,,,,,,
397,Fig. 1,ID397__fig1.png,CAP,140,CUT,7,row,3,113-142,29,"592,686,0,127","592,686,127,423",,,,,,,,,,,,,,,,,,,,,,,,,,,,,,,,,,,,,,,,,,,,,,,,,,,,,,,,,
397,Fig. 1,ID397__fig1.png,CAP,140,CUT,8,row,3,292-337,45,"686,1142,0,314","686,1142,314,423",,,,,,,,,,,,,,,,,,,,,,,,,,,,,,,,,,,,,,,,,,,,,,,,,,,,,,,,,
397,Fig. 1,ID397__fig1.png,CAP,140,CUT,9,row,1,756-791,35,"0,1142,423,773","0,1142,773,1460",,,,,,,,,,,,,,,,,,,,,,,,,,,,,,,,,,,,,,,,,,,,,,,,,,,,,,,,,
397,Fig. 1,ID397__fig1.png,CAP,140,CUT,10,col,2,577-619,42,"0,598,423,773","598,1142,423,773",,,,,,,,,,,,,,,,,,,,,,,,,,,,,,,,,,,,,,,,,,,,,,,,,,,,,,,,,
397,Fig. 1,ID397__fig1.png,CAP,140,CUT,11,row,3,628-662,34,"0,598,423,645","0,598,645,773",,,,,,,,,,,,,,,,,,,,,,,,,,,,,,,,,,,,,,,,,,,,,,,,,,,,,,,,,
397,Fig. 1,ID397__fig1.png,CAP,140,CUT,12,col,3,678-709,31,"598,693,423,773","693,1142,423,773",,,,,,,,,,,,,,,,,,,,,,,,,,,,,,,,,,,,,,,,,,,,,,,,,,,,,,,,,
397,Fig. 1,ID397__fig1.png,CAP,140,CUT,13,row,2,1419-1437,18,"0,1142,773,1428","0,1142,1428,1460",,,,,,,,,,,,,,,,,,,,,,,,,,,,,,,,,,,,,,,,,,,,,,,,,,,,,,,,,
397,Fig. 1,ID397__fig1.png,CAP,140,CUT,14,col,3,578-613,35,"0,595,773,1428","595,1142,773,1428",,,,,,,,,,,,,,,,,,,,,,,,,,,,,,,,,,,,,,,,,,,,,,,,,,,,,,,,,
397,Fig. 1,ID397__fig1.png,CAP,140,CUT,15,col,3,148-161,13,"0,154,1428,1460","154,1142,1428,1460",,,,,,,,,,,,,,,,,,,,,,,,,,,,,,,,,,,,,,,,,,,,,,,,,,,,,,,,,
397,Fig. 1,ID397__fig1.png,CAP,140,AXIS_FALLBACK,,,,,,,,"709,1086,441,748",1077,147,147,0.95,leftmost column whose run is >= 0.95 of the longest (147 px),1077:147px;913:122px;912:122px;1045:120px;1044:120px;979:116px,,,,,,,,,,,,,,,,,,,,,,,,,,,,,,,,,,,,,,,,,,,,,,,,,,
397,Fig. 1,ID397__fig1.png,CAP,140,AXIS_FALLBACK,,,,,,,,"709,1086,441,748",1077,147,147,0.95,leftmost column whose run is >= 0.95 of the longest (147 px),1077:147px;913:122px;912:122px;1045:120px;1044:120px;979:116px,,,,,,,,,,,,,,,,,,,,,,,,,,,,,,,,,,,,,,,,,,,,,,,,,,
397,Fig. 1,ID397__fig1.png,CAP,140,AXIS_FALLBACK,,,,,,,,"709,1081,174,292",841,98,98,0.95,leftmost column whose run is >= 0.95 of the longest (98 px),842:98px;841:98px;875:77px;1009:72px;1008:72px;942:70px,,,,,,,,,,,,,,,,,,,,,,,,,,,,,,,,,,,,,,,,,,,,,,,,,,
397,Fig. 1,ID397__fig1.png,CAP,140,AXIS_FALLBACK,,,,,,,,"723,1086,829,990",923,109,109,0.95,leftmost column whose run is >= 0.95 of the longest (109 px),923:109px;924:108px;1054:96px;1053:96px;956:95px;1021:69px,,,,,,,,,,,,,,,,,,,,,,,,,,,,,,,,,,,,,,,,,,,,,,,,,,
397,Fig. 1,ID397__fig1.png,CAP,140,AXIS_FALLBACK,,,,,,,,"711,1086,1155,1323",921,106,106,0.95,leftmost column whose run is >= 0.95 of the longest (106 px),922:106px;921:106px;957:94px;956:94px;991:80px;990:80px,,,,,,,,,,,,,,,,,,,,,,,,,,,,,,,,,,,,,,,,,,,,,,,,,,
397,Fig. 1,ID397__fig1.png,CAP,140,AXIS_CANDIDATES,,,,,,,,"709,1086,441,748",748,,,,leftmost of 9 free runs,748:494-594:free;749:494-594:free;781:479-591:free;782:479-591:free;814:508-601:free;847:511-604:free;880:498-600:free;912:478-600:free;913:478-600:free,9,0,494-594,935,92.1,,,,,,,,,,,,,,,,,,,,,,,,,,,,,,,,,,,,,,,,,,,,,
397,Fig. 1,ID397__fig1.png,CAP,140,AXIS_FALLBACK,,,,,,,,"709,1086,441,748",1077,147,147,0.95,leftmost column whose run is >= 0.95 of the longest (147 px),1077:147px;913:122px;912:122px;1045:120px;1044:120px;979:116px,,,,,,,,,,,,,,,,,,,,,,,,,,,,,,,,,,,,,,,,,,,,,,,,,,
397,Fig. 1,ID397__fig1.png,CAP,140,AXIS_CANDIDATES,,,,,,,,"709,1081,174,292",875,,,,leftmost of 3 free runs,875:200-277:free;908:215-272:free;909:215-272:free;741:240-292:clipped;742:240-292:clipped;841:174-272:clipped;842:174-272:clipped,3,4,200-277,932,35.4,,,,,,,,,,,,,,,,,,,,,,,,,,,,,,,,,,,,,,,,,,,,,
397,Fig. 1,ID397__fig1.png,CAP,140,AXIS_FALLBACK,,,,,,,,"709,1081,174,292",841,98,98,0.95,leftmost column whose run is >= 0.95 of the longest (98 px),842:98px;841:98px;875:77px;1009:72px;1008:72px;942:70px,,,,,,,,,,,,,,,,,,,,,,,,,,,,,,,,,,,,,,,,,,,,,,,,,,
397,Fig. 1,ID397__fig1.png,CAP,140,AXIS_CANDIDATES,,,,,,,,"723,1086,829,990",728,,,,leftmost of 4 free runs,728:918-971:free;891:870-930:free;923:833-942:free;924:833-941:free,4,0,918-971,940,48.3,,,,,,,,,,,,,,,,,,,,,,,,,,,,,,,,,,,,,,,,,,,,,
397,Fig. 1,ID397__fig1.png,CAP,140,AXIS_FALLBACK,,,,,,,,"723,1086,829,990",923,109,109,0.95,leftmost column whose run is >= 0.95 of the longest (109 px),923:109px;924:108px;1054:96px;1053:96px;956:95px;1021:69px,,,,,,,,,,,,,,,,,,,,,,,,,,,,,,,,,,,,,,,,,,,,,,,,,,
397,Fig. 1,ID397__fig1.png,CAP,140,AXIS_CANDIDATES,,,,,,,,"711,1086,1155,1323",715,,,,leftmost of 9 free runs,715:1245-1312:free;716:1245-1312:free;818:1244-1312:free;819:1244-1312:free;853:1230-1310:free;887:1181-1243:free;888:1181-1243:free;921:1157-1263:free;922:1157-1263:free;749:1253-1323:clipped;750:1253-1323:clipped;784:1252-1323:clipped;785:1252-1323:clipped,9,4,1245-1312,936,50.4,,,,,,,,,,,,,,,,,,,,,,,,,,,,,,,,,,,,,,,,,,,,,
397,Fig. 1,ID397__fig1.png,CAP,140,AXIS_FALLBACK,,,,,,,,"711,1086,1155,1323",921,106,106,0.95,leftmost column whose run is >= 0.95 of the longest (106 px),922:106px;921:106px;957:94px;956:94px;991:80px;990:80px,,,,,,,,,,,,,,,,,,,,,,,,,,,,,,,,,,,,,,,,,,,,,,,,,,
397,Fig. 1,ID397__fig1.png,CAP,140,ORPHAN,,,,,,,,,,,,,,,,,,,,"122,153,95,110",31,15,NO_PANEL_IN_REACH,0,left 556px share 0.00 reach 34 [gap] [share],,,,,,,,,,,,,,,,,,,,,,,,,,,,,,,,,,,,,,,
397,Fig. 1,ID397__fig1.png,CAP,140,PIECE_RELATION,,,,,,,,,,,,,,,,,,,,"122,153,95,110",,,,,,NO_SELECTED_PANEL_DESCENDANT,0,0,,,CONTAINMENT,,,,,,,,,,,,,,,,,,,,,,,,,,,,,,,,,
397,Fig. 1,ID397__fig1.png,CAP,140,ORPHAN,,,,,,,,,,,,,,,,,,,,"99,153,139,330",54,191,NO_PANEL_IN_REACH,0,left 556px share 1.00 reach 34 [gap],,,,,,,,,,,,,,,,,,,,,,,,,,,,,,,,,,,,,,,
397,Fig. 1,ID397__fig1.png,CAP,140,PIECE_RELATION,,,,,,,,,,,,,,,,,,,,"99,153,139,330",,,,,,NO_SELECTED_PANEL_DESCENDANT,0,0,,,CONTAINMENT,,,,,,,,,,,,,,,,,,,,,,,,,,,,,,,,,
397,Fig. 1,ID397__fig1.png,CAP,140,ORPHAN,,,,,,,,,,,,,,,,,,,,"186,557,30,251",371,221,NO_PANEL_IN_REACH,0,left 152px share 0.65 reach 34 [gap],,,,,,,,,,,,,,,,,,,,,,,,,,,,,,,,,,,,,,,
397,Fig. 1,ID397__fig1.png,CAP,140,PIECE_RELATION,,,,,,,,,,,,,,,,,,,,"186,557,30,251",,,,,,NO_SELECTED_PANEL_DESCENDANT,0,0,,,CONTAINMENT,,,,,,,,,,,,,,,,,,,,,,,,,,,,,,,,,
397,Fig. 1,ID397__fig1.png,CAP,140,ORPHAN,,,,,,,,,,,,,,,,,,,,"184,560,339,402",376,63,NO_PANEL_IN_REACH,0,left 149px share 0.00 reach 34 [gap] [share],,,,,,,,,,,,,,,,,,,,,,,,,,,,,,,,,,,,,,,
397,Fig. 1,ID397__fig1.png,CAP,140,PIECE_RELATION,,,,,,,,,,,,,,,,,,,,"184,560,339,402",,,,,,NO_SELECTED_PANEL_DESCENDANT,0,0,,,CONTAINMENT,,,,,,,,,,,,,,,,,,,,,,,,,,,,,,,,,
397,Fig. 1,ID397__fig1.png,CAP,140,ORPHAN,,,,,,,,,,,,,,,,,,,,"638,670,99,113",32,14,NO_PANEL_IN_REACH,0,left 39px share 0.00 reach 34 [gap] [share],,,,,,,,,,,,,,,,,,,,,,,,,,,,,,,,,,,,,,,
397,Fig. 1,ID397__fig1.png,CAP,140,PIECE_RELATION,,,,,,,,,,,,,,,,,,,,"638,670,99,113",,,,,,NO_SELECTED_PANEL_DESCENDANT,0,0,,,CONTAINMENT,,,,,,,,,,,,,,,,,,,,,,,,,,,,,,,,,
397,Fig. 1,ID397__fig1.png,CAP,140,ORPHAN,,,,,,,,,,,,,,,,,,,,"624,670,142,328",46,186,NO_PANEL_IN_REACH,0,left 39px share 1.00 reach 34 [gap],,,,,,,,,,,,,,,,,,,,,,,,,,,,,,,,,,,,,,,
397,Fig. 1,ID397__fig1.png,CAP,140,PIECE_RELATION,,,,,,,,,,,,,,,,,,,,"624,670,142,328",,,,,,NO_SELECTED_PANEL_DESCENDANT,0,0,,,CONTAINMENT,,,,,,,,,,,,,,,,,,,,,,,,,,,,,,,,,
397,Fig. 1,ID397__fig1.png,CAP,140,ORPHAN,,,,,,,,,,,,,,,,,,,,"703,1081,29,292",378,263,NO_PANEL_IN_REACH,0,overlap 0px share 1.00 reach 34,,,,,,,,,,,,,,,,,,,,,,,,,,,,,,,,,,,,,,,
397,Fig. 1,ID397__fig1.png,CAP,140,PIECE_RELATION,,,,,,,,,,,,,,,,,,,,"703,1081,29,292",,,,,,SAME_HALF_NESTED_PANEL,0,1,,"709,1081,174,292",CONTAINMENT,,,,,,,,,,,,,,,,,,,,,,,,,,,,,,,,,
397,Fig. 1,ID397__fig1.png,CAP,140,ORPHAN,,,,,,,,,,,,,,,,,,,,"702,1084,337,405",382,68,NO_PANEL_IN_REACH,0,overlap 0px share 0.00 reach 34 [share],,,,,,,,,,,,,,,,,,,,,,,,,,,,,,,,,,,,,,,
397,Fig. 1,ID397__fig1.png,CAP,140,PIECE_RELATION,,,,,,,,,,,,,,,,,,,,"702,1084,337,405",,,,,,OPPOSITE_HALF_UNIQUE_PANEL,1,0,"709,1081,174,292",,CONTAINMENT,,,,,,,,,,,,,,,,,,,,,,,,,,,,,,,,,
397,Fig. 1,ID397__fig1.png,CAP,140,AXIS_FALLBACK,,,,,,,,"709,1081,174,292",841,98,98,0.95,leftmost column whose run is >= 0.95 of the longest (98 px),842:98px;841:98px;875:77px;1009:72px;1008:72px;942:70px,,,,,,,,,,,,,,,,,,,,,,,,,,,,,,,,,,,,,,,,,,,,,,,,,,
397,Fig. 1,ID397__fig1.png,CAP,140,AXIS_FALLBACK,,,,,,,,"709,1081,174,292",841,98,98,0.95,leftmost column whose run is >= 0.95 of the longest (98 px),842:98px;841:98px;875:77px;1009:72px;1008:72px;942:70px,,,,,,,,,,,,,,,,,,,,,,,,,,,,,,,,,,,,,,,,,,,,,,,,,,
397,Fig. 1,ID397__fig1.png,CAP,140,AXIS_FALLBACK,,,,,,,,"709,1081,174,292",841,98,98,0.95,leftmost column whose run is >= 0.95 of the longest (98 px),842:98px;841:98px;875:77px;1009:72px;1008:72px;942:70px,,,,,,,,,,,,,,,,,,,,,,,,,,,,,,,,,,,,,,,,,,,,,,,,,,
397,Fig. 1,ID397__fig1.png,CAP,140,GATE_SHADOW,8,,,,45,,,,,,,,,,,,,,,"702,1084,337,405",,,,,,,,,,,,"709,1081,174,292",row,below,False,O,X,-,O,O,-,,,,,,,,,,,,,,,,,,,,,,,
397,Fig. 1,ID397__fig1.png,CAP,140,GATE_SHADOW_WHY,,,,,,,,,,,,,,,,,,,,"702,1084,337,405",,,,,,,,,,,,"709,1081,174,292",,,,,,,,,,"축 없음, 잉크 0.096","행 겹침 -0.66, 패널 행 174-292, 조각 337-405",이 클립에서 캡션을 읽지 못했다,"건너는 간격 0 px, 패널 내부의 가장 큰 간격 32 px","밑변에 선 열 0.00, 축 범위 안 잉크 1.99 (교집합 0.00)",막대·눈금이 2→2개뿐이라 규칙성을 잴 수 없다,,,,,,,,,,,,,,,,,
397,Fig. 1,ID397__fig1.png,CAP,140,ORPHAN,,,,,,,,,,,,,,,,,,,,"102,574,445,628",472,183,NO_PANEL_IN_REACH,0,left 135px share 1.00 reach 34 [gap],,,,,,,,,,,,,,,,,,,,,,,,,,,,,,,,,,,,,,,
397,Fig. 1,ID397__fig1.png,CAP,140,PIECE_RELATION,,,,,,,,,,,,,,,,,,,,"102,574,445,628",,,,,,NO_SELECTED_PANEL_DESCENDANT,0,0,,,CONTAINMENT,,,,,,,,,,,,,,,,,,,,,,,,,,,,,,,,,
397,Fig. 1,ID397__fig1.png,CAP,140,ORPHAN,,,,,,,,,,,,,,,,,,,,"139,577,662,756",438,94,NO_PANEL_IN_REACH,0,left 132px share 0.91 reach 34 [gap],,,,,,,,,,,,,,,,,,,,,,,,,,,,,,,,,,,,,,,
397,Fig. 1,ID397__fig1.png,CAP,140,PIECE_RELATION,,,,,,,,,,,,,,,,,,,,"139,577,662,756",,,,,,NO_SELECTED_PANEL_DESCENDANT,0,0,,,CONTAINMENT,,,,,,,,,,,,,,,,,,,,,,,,,,,,,,,,,
397,Fig. 1,ID397__fig1.png,CAP,140,AXIS_FALLBACK,,,,,,,,"709,1086,441,748",1077,147,147,0.95,leftmost column whose run is >= 0.95 of the longest (147 px),1077:147px;913:122px;912:122px;1045:120px;1044:120px;979:116px,,,,,,,,,,,,,,,,,,,,,,,,,,,,,,,,,,,,,,,,,,,,,,,,,,
397,Fig. 1,ID397__fig1.png,CAP,140,AXIS_FALLBACK,,,,,,,,"709,1086,441,748",1077,147,147,0.95,leftmost column whose run is >= 0.95 of the longest (147 px),1077:147px;913:122px;912:122px;1045:120px;1044:120px;979:116px,,,,,,,,,,,,,,,,,,,,,,,,,,,,,,,,,,,,,,,,,,,,,,,,,,
397,Fig. 1,ID397__fig1.png,CAP,140,AXIS_FALLBACK,,,,,,,,"709,1086,441,748",1077,147,147,0.95,leftmost column whose run is >= 0.95 of the longest (147 px),1077:147px;913:122px;912:122px;1045:120px;1044:120px;979:116px,,,,,,,,,,,,,,,,,,,,,,,,,,,,,,,,,,,,,,,,,,,,,,,,,,
397,Fig. 1,ID397__fig1.png,CAP,140,ORPHAN,,,,31,,,,,,,,,,,,,,,,"619,678,465,680",59,215,OFFERED,,,,,,,,,"709,1086,441,748",,left,,,,,,,,,,,,,,34,,,,,,,,,,,,,,,,
397,Fig. 1,ID397__fig1.png,CAP,140,GATE,,,,31,,,,,,,,,,,,,,,,"619,678,465,680",,,,,,,,,,,,"709,1086,441,748",,left,False,O,O,-,X,X,-,,,,,,,,,,,,,,,,,,,,,,,
397,Fig. 1,ID397__fig1.png,CAP,140,GATE_WHY,,,,,,,,,,,,,,,,,,,,"619,678,465,680",,,,,,,,,,,,"709,1086,441,748",,,,,,,,,,"축 없음, 잉크 0.066","행 겹침 1.00, 패널 행 441-748, 조각 465-680",이 클립에서 캡션을 읽지 못했다,밑변 행 707에 조각 쪽 잉크가 없다,"밑변에 선 열 0.00, 축 범위 안 잉크 0.48 (교집합 0.48)",막대·눈금이 0→0개뿐이라 규칙성을 잴 수 없다,,,,,,,,,,,,,,,,,
397,Fig. 1,ID397__fig1.png,CAP,140,ORPHAN,,,,,,,,,,,,,,,,,,,,"94,578,793,1419",484,626,NO_PANEL_IN_REACH,0,left 145px share 1.00 reach 34 [gap],,,,,,,,,,,,,,,,,,,,,,,,,,,,,,,,,,,,,,,
397,Fig. 1,ID397__fig1.png,CAP,140,PIECE_RELATION,,,,,,,,,,,,,,,,,,,,"94,578,793,1419",,,,,,OPPOSITE_HALF_MULTIPLE_PANELS,2,0,"723,1086,829,990;711,1086,1155,1323",,CONTAINMENT,,,,,,,,,,,,,,,,,,,,,,,,,,,,,,,,,
397,Fig. 1,ID397__fig1.png,CAP,140,ORPHAN,,,,,,,,,,,,,,,,,,,,"613,1102,791,1412",489,621,NO_PANEL_IN_REACH,0,overlap 0px share 1.00 reach 34,,,,,,,,,,,,,,,,,,,,,,,,,,,,,,,,,,,,,,,
397,Fig. 1,ID397__fig1.png,CAP,140,PIECE_RELATION,,,,,,,,,,,,,,,,,,,,"613,1102,791,1412",,,,,,SAME_HALF_NESTED_PANEL,0,2,,"723,1086,829,990;711,1086,1155,1323",CONTAINMENT,,,,,,,,,,,,,,,,,,,,,,,,,,,,,,,,,
397,Fig. 1,ID397__fig1.png,CAP,140,ORPHAN,,,,,,,,,,,,,,,,,,,,"93,148,1438,1458",55,20,NO_PANEL_IN_REACH,0,left 561px share 0.00 reach 34 [gap] [share],,,,,,,,,,,,,,,,,,,,,,,,,,,,,,,,,,,,,,,
397,Fig. 1,ID397__fig1.png,CAP,140,PIECE_RELATION,,,,,,,,,,,,,,,,,,,,"93,148,1438,1458",,,,,,NO_SELECTED_PANEL_DESCENDANT,0,0,,,CONTAINMENT,,,,,,,,,,,,,,,,,,,,,,,,,,,,,,,,,
397,Fig. 1,ID397__fig1.png,CAP,140,ORPHAN,,,,,,,,,,,,,,,,,,,,"161,624,1437,1458",463,21,NO_PANEL_IN_REACH,0,left 85px share 0.00 reach 34 [gap] [share],,,,,,,,,,,,,,,,,,,,,,,,,,,,,,,,,,,,,,,
397,Fig. 1,ID397__fig1.png,CAP,140,PIECE_RELATION,,,,,,,,,,,,,,,,,,,,"161,624,1437,1458",,,,,,NO_SELECTED_PANEL_DESCENDANT,0,0,,,CONTAINMENT,,,,,,,,,,,,,,,,,,,,,,,,,,,,,,,,,
397,Fig. 1,ID397__fig1.png,CAP,140,AXIS_CANDIDATES,,,,,,,,"611,1102,1078,1453",698,,,,leftmost of 2 free runs,698:1133-1335:free;699:1133-1334:free,2,0,1133-1335,905,112.5,,,,,,,,,,,,,,,,,,,,,,,,,,,,,,,,,,,,,,,,,,,,,
397,Fig. 1,ID397__fig1.png,CAP,140,AXIS_FALLBACK,,,,,,,,"611,1102,1078,1453",698,202,202,0.95,leftmost column whose run is >= 0.95 of the longest (202 px),698:202px;699:201px;922:106px;921:106px;957:94px;956:94px,,,,,,,,,,,,,,,,,,,,,,,,,,,,,,,,,,,,,,,,,,,,,,,,,,
397,Fig. 1,ID397__fig1.png,CAP,140,ORPHAN,,,,,,,,,,,,,,,,,,,,"122,153,95,110",31,15,NO_PANEL_IN_REACH,0,left 458px share 0.00 reach 34 [gap] [share],,,,,,,,,,,,,,,,,,,,,,,,,,,,,,,,,,,,,,,
397,Fig. 1,ID397__fig1.png,CAP,140,PIECE_RELATION,,,,,,,,,,,,,,,,,,,,"122,153,95,110",,,,,,NO_SELECTED_PANEL_DESCENDANT,0,0,,,CONTAINMENT,,,,,,,,,,,,,,,,,,,,,,,,,,,,,,,,,
397,Fig. 1,ID397__fig1.png,CAP,140,ORPHAN,,,,,,,,,,,,,,,,,,,,"99,153,139,330",54,191,NO_PANEL_IN_REACH,0,left 458px share 0.00 reach 34 [gap] [share],,,,,,,,,,,,,,,,,,,,,,,,,,,,,,,,,,,,,,,
397,Fig. 1,ID397__fig1.png,CAP,140,PIECE_RELATION,,,,,,,,,,,,,,,,,,,,"99,153,139,330",,,,,,NO_SELECTED_PANEL_DESCENDANT,0,0,,,CONTAINMENT,,,,,,,,,,,,,,,,,,,,,,,,,,,,,,,,,
397,Fig. 1,ID397__fig1.png,CAP,140,ORPHAN,,,,,,,,,,,,,,,,,,,,"186,557,30,251",371,221,NO_PANEL_IN_REACH,0,left 54px share 0.00 reach 34 [gap] [share],,,,,,,,,,,,,,,,,,,,,,,,,,,,,,,,,,,,,,,
397,Fig. 1,ID397__fig1.png,CAP,140,PIECE_RELATION,,,,,,,,,,,,,,,,,,,,"186,557,30,251",,,,,,NO_SELECTED_PANEL_DESCENDANT,0,0,,,CONTAINMENT,,,,,,,,,,,,,,,,,,,,,,,,,,,,,,,,,
397,Fig. 1,ID397__fig1.png,CAP,140,ORPHAN,,,,,,,,,,,,,,,,,,,,"184,560,339,402",376,63,NO_PANEL_IN_REACH,0,left 51px share 0.00 reach 34 [gap] [share],,,,,,,,,,,,,,,,,,,,,,,,,,,,,,,,,,,,,,,
397,Fig. 1,ID397__fig1.png,CAP,140,PIECE_RELATION,,,,,,,,,,,,,,,,,,,,"184,560,339,402",,,,,,NO_SELECTED_PANEL_DESCENDANT,0,0,,,CONTAINMENT,,,,,,,,,,,,,,,,,,,,,,,,,,,,,,,,,
397,Fig. 1,ID397__fig1.png,CAP,140,ORPHAN,,,,,,,,,,,,,,,,,,,,"638,670,99,113",32,14,NO_PANEL_IN_REACH,0,overlap 0px share 0.00 reach 34 [share],,,,,,,,,,,,,,,,,,,,,,,,,,,,,,,,,,,,,,,
397,Fig. 1,ID397__fig1.png,CAP,140,PIECE_RELATION,,,,,,,,,,,,,,,,,,,,"638,670,99,113",,,,,,NO_SELECTED_PANEL_DESCENDANT,0,0,,,CONTAINMENT,,,,,,,,,,,,,,,,,,,,,,,,,,,,,,,,,
397,Fig. 1,ID397__fig1.png,CAP,140,ORPHAN,,,,,,,,,,,,,,,,,,,,"624,670,142,328",46,186,NO_PANEL_IN_REACH,0,overlap 0px share 0.00 reach 34 [share],,,,,,,,,,,,,,,,,,,,,,,,,,,,,,,,,,,,,,,
397,Fig. 1,ID397__fig1.png,CAP,140,PIECE_RELATION,,,,,,,,,,,,,,,,,,,,"624,670,142,328",,,,,,NO_SELECTED_PANEL_DESCENDANT,0,0,,,CONTAINMENT,,,,,,,,,,,,,,,,,,,,,,,,,,,,,,,,,
397,Fig. 1,ID397__fig1.png,CAP,140,ORPHAN,,,,,,,,,,,,,,,,,,,,"703,1081,29,292",378,263,NO_PANEL_IN_REACH,0,overlap 0px share 0.00 reach 34 [share],,,,,,,,,,,,,,,,,,,,,,,,,,,,,,,,,,,,,,,
397,Fig. 1,ID397__fig1.png,CAP,140,PIECE_RELATION,,,,,,,,,,,,,,,,,,,,"703,1081,29,292",,,,,,NO_SELECTED_PANEL_DESCENDANT,0,0,,,CONTAINMENT,,,,,,,,,,,,,,,,,,,,,,,,,,,,,,,,,
397,Fig. 1,ID397__fig1.png,CAP,140,ORPHAN,,,,,,,,,,,,,,,,,,,,"702,1084,337,405",382,68,NO_PANEL_IN_REACH,0,overlap 0px share 0.00 reach 34 [share],,,,,,,,,,,,,,,,,,,,,,,,,,,,,,,,,,,,,,,
397,Fig. 1,ID397__fig1.png,CAP,140,PIECE_RELATION,,,,,,,,,,,,,,,,,,,,"702,1084,337,405",,,,,,NO_SELECTED_PANEL_DESCENDANT,0,0,,,CONTAINMENT,,,,,,,,,,,,,,,,,,,,,,,,,,,,,,,,,
397,Fig. 1,ID397__fig1.png,CAP,140,ORPHAN,,,,,,,,,,,,,,,,,,,,"102,574,445,628",472,183,NO_PANEL_IN_REACH,0,left 37px share 0.00 reach 34 [gap] [share],,,,,,,,,,,,,,,,,,,,,,,,,,,,,,,,,,,,,,,
397,Fig. 1,ID397__fig1.png,CAP,140,PIECE_RELATION,,,,,,,,,,,,,,,,,,,,"102,574,445,628",,,,,,NO_SELECTED_PANEL_DESCENDANT,0,0,,,CONTAINMENT,,,,,,,,,,,,,,,,,,,,,,,,,,,,,,,,,
397,Fig. 1,ID397__fig1.png,CAP,140,ORPHAN,,,,,,,,,,,,,,,,,,,,"139,577,662,756",438,94,NO_PANEL_IN_REACH,0,left 34px share 0.00 reach 34 [share],,,,,,,,,,,,,,,,,,,,,,,,,,,,,,,,,,,,,,,
397,Fig. 1,ID397__fig1.png,CAP,140,PIECE_RELATION,,,,,,,,,,,,,,,,,,,,"139,577,662,756",,,,,,NO_SELECTED_PANEL_DESCENDANT,0,0,,,CONTAINMENT,,,,,,,,,,,,,,,,,,,,,,,,,,,,,,,,,
397,Fig. 1,ID397__fig1.png,CAP,140,ORPHAN,,,,,,,,,,,,,,,,,,,,"619,678,465,680",59,215,NO_PANEL_IN_REACH,0,overlap 0px share 0.00 reach 34 [share],,,,,,,,,,,,,,,,,,,,,,,,,,,,,,,,,,,,,,,
397,Fig. 1,ID397__fig1.png,CAP,140,PIECE_RELATION,,,,,,,,,,,,,,,,,,,,"619,678,465,680",,,,,,NO_SELECTED_PANEL_DESCENDANT,0,0,,,CONTAINMENT,,,,,,,,,,,,,,,,,,,,,,,,,,,,,,,,,
397,Fig. 1,ID397__fig1.png,CAP,140,AXIS_FALLBACK,,,,,,,,"611,1102,1078,1453",698,202,202,0.95,leftmost column whose run is >= 0.95 of the longest (202 px),698:202px;699:201px;922:106px;921:106px;957:94px;956:94px,,,,,,,,,,,,,,,,,,,,,,,,,,,,,,,,,,,,,,,,,,,,,,,,,,
397,Fig. 1,ID397__fig1.png,CAP,140,AXIS_FALLBACK,,,,,,,,"611,1102,1078,1453",698,202,202,0.95,leftmost column whose run is >= 0.95 of the longest (202 px),698:202px;699:201px;922:106px;921:106px;957:94px;956:94px,,,,,,,,,,,,,,,,,,,,,,,,,,,,,,,,,,,,,,,,,,,,,,,,,,
397,Fig. 1,ID397__fig1.png,CAP,140,AXIS_FALLBACK,,,,,,,,"611,1102,1078,1453",698,202,202,0.95,leftmost column whose run is >= 0.95 of the longest (202 px),698:202px;699:201px;922:106px;921:106px;957:94px;956:94px,,,,,,,,,,,,,,,,,,,,,,,,,,,,,,,,,,,,,,,,,,,,,,,,,,
397,Fig. 1,ID397__fig1.png,CAP,140,ORPHAN,,,,33,,,,,,,,,,,,,,,,"94,578,793,1419",484,626,OFFERED,,,,,,,,,"611,1102,1078,1453",,left,,,,,,,,,,,,,,34,,,,,,,,,,,,,,,,
397,Fig. 1,ID397__fig1.png,CAP,140,GATE,,,,33,,,,,,,,,,,,,,,,"94,578,793,1419",,,,,,,,,,,,"611,1102,1078,1453",,left,False,O,X,-,X,X,-,,,,,,,,,,,,,,,,,,,,,,,
397,Fig. 1,ID397__fig1.png,CAP,140,GATE_WHY,,,,,,,,,,,,,,,,,,,,"94,578,793,1419",,,,,,,,,,,,"611,1102,1078,1453",,,,,,,,,,"축 없음, 잉크 0.073","행 겹침 0.91, 패널 행 1078-1453, 조각 793-1419",이 클립에서 캡션을 읽지 못했다,"건너는 간격 328 px, 패널 내부의 가장 큰 간격 32 px","밑변에 선 열 0.00, 축 범위 안 잉크 0.35 (교집합 0.35)",막대·눈금이 0→0개뿐이라 규칙성을 잴 수 없다,,,,,,,,,,,,,,,,,
397,Fig. 1,ID397__fig1.png,CAP,140,ORPHAN,,,,,,,,,,,,,,,,,,,,"613,1102,791,1412",489,621,NO_PANEL_IN_REACH,0,overlap 0px share 0.89 reach 34,,,,,,,,,,,,,,,,,,,,,,,,,,,,,,,,,,,,,,,
397,Fig. 1,ID397__fig1.png,CAP,140,PIECE_RELATION,,,,,,,,,,,,,,,,,,,,"613,1102,791,1412",,,,,,NO_SELECTED_PANEL_DESCENDANT,0,0,,,CONTAINMENT,,,,,,,,,,,,,,,,,,,,,,,,,,,,,,,,,
397,Fig. 1,ID397__fig1.png,CAP,140,ORPHAN,,,,,,,,,,,,,,,,,,,,"93,148,1438,1458",55,20,NO_PANEL_IN_REACH,0,left 463px share 0.75 reach 34 [gap],,,,,,,,,,,,,,,,,,,,,,,,,,,,,,,,,,,,,,,
397,Fig. 1,ID397__fig1.png,CAP,140,PIECE_RELATION,,,,,,,,,,,,,,,,,,,,"93,148,1438,1458",,,,,,NO_SELECTED_PANEL_DESCENDANT,0,0,,,CONTAINMENT,,,,,,,,,,,,,,,,,,,,,,,,,,,,,,,,,
397,Fig. 1,ID397__fig1.png,CAP,140,ORPHAN,,,,,,,,,,,,,,,,,,,,"161,624,1437,1458",463,21,NO_PANEL_IN_REACH,0,overlap 0px share 0.76 reach 34,,,,,,,,,,,,,,,,,,,,,,,,,,,,,,,,,,,,,,,
397,Fig. 1,ID397__fig1.png,CAP,140,PIECE_RELATION,,,,,,,,,,,,,,,,,,,,"161,624,1437,1458",,,,,,NO_SELECTED_PANEL_DESCENDANT,0,0,,,CONTAINMENT,,,,,,,,,,,,,,,,,,,,,,,,,,,,,,,,,
397,Fig. 1,ID397__fig1.png,CAP,140,AXIS_FALLBACK,,,,,,,,"709,1086,441,748",1077,147,147,0.95,leftmost column whose run is >= 0.95 of the longest (147 px),1077:147px;913:122px;912:122px;1045:120px;1044:120px;979:116px,,,,,,,,,,,,,,,,,,,,,,,,,,,,,,,,,,,,,,,,,,,,,,,,,,
397,Fig. 1,ID397__fig1.png,CAP,140,AXIS_FALLBACK,,,,,,,,"709,1081,174,292",841,98,98,0.95,leftmost column whose run is >= 0.95 of the longest (98 px),842:98px;841:98px;875:77px;1009:72px;1008:72px;942:70px,,,,,,,,,,,,,,,,,,,,,,,,,,,,,,,,,,,,,,,,,,,,,,,,,,
397,Fig. 1,ID397__fig1.png,CAP,140,AXIS_FALLBACK,,,,,,,,"723,1086,829,990",923,109,109,0.95,leftmost column whose run is >= 0.95 of the longest (109 px),923:109px;924:108px;1054:96px;1053:96px;956:95px;1021:69px,,,,,,,,,,,,,,,,,,,,,,,,,,,,,,,,,,,,,,,,,,,,,,,,,,
397,Fig. 1,ID397__fig1.png,CAP,140,AXIS_FALLBACK,,,,,,,,"711,1086,1155,1323",921,106,106,0.95,leftmost column whose run is >= 0.95 of the longest (106 px),922:106px;921:106px;957:94px;956:94px;991:80px;990:80px,,,,,,,,,,,,,,,,,,,,,,,,,,,,,,,,,,,,,,,,,,,,,,,,,,
397,Fig. 1,ID397__fig1.png,CAP,140,AXIS_FALLBACK,,,,,,,,"611,1102,1078,1453",698,202,202,0.95,leftmost column whose run is >= 0.95 of the longest (202 px),698:202px;699:201px;922:106px;921:106px;957:94px;956:94px,,,,,,,,,,,,,,,,,,,,,,,,,,,,,,,,,,,,,,,,,,,,,,,,,,
397,Fig. 1,ID397__fig1.png,GRID,140,CUT,1,row,0,405-442,37,"0,1142,0,423","0,1142,423,1460",,,,,,,,,,,,,,,,,,,,,,,,,,,,,,,,,,,,,,,,,,,,,,,,,,,,,,,,,
397,Fig. 1,ID397__fig1.png,GRID,140,CUT,2,col,1,560-624,64,"0,592,0,423","592,1142,0,423",,,,,,,,,,,,,,,,,,,,,,,,,,,,,,,,,,,,,,,,,,,,,,,,,,,,,,,,,
397,Fig. 1,ID397__fig1.png,GRID,140,CUT,3,col,2,153-184,31,"0,168,0,423","168,592,0,423",,,,,,,,,,,,,,,,,,,,,,,,,,,,,,,,,,,,,,,,,,,,,,,,,,,,,,,,,
397,Fig. 1,ID397__fig1.png,GRID,140,CUT,4,row,3,110-139,29,"0,168,0,124","0,168,124,423",,,,,,,,,,,,,,,,,,,,,,,,,,,,,,,,,,,,,,,,,,,,,,,,,,,,,,,,,
397,Fig. 1,ID397__fig1.png,GRID,140,CUT,5,row,3,251-339,88,"168,592,0,295","168,592,295,423",,,,,,,,,,,,,,,,,,,,,,,,,,,,,,,,,,,,,,,,,,,,,,,,,,,,,,,,,
397,Fig. 1,ID397__fig1.png,GRID,140,CUT,6,col,2,670-702,32,"592,686,0,423","686,1142,0,423",,,,,,,,,,,,,,,,,,,,,,,,,,,,,,,,,,,,,,,,,,,,,,,,,,,,,,,,,
397,Fig. 1,ID397__fig1.png,GRID,140,CUT,7,row,3,113-142,29,"592,686,0,127","592,686,127,423",,,,,,,,,,,,,,,,,,,,,,,,,,,,,,,,,,,,,,,,,,,,,,,,,,,,,,,,,
397,Fig. 1,ID397__fig1.png,GRID,140,CUT,8,row,3,292-337,45,"686,1142,0,314","686,1142,314,423",,,,,,,,,,,,,,,,,,,,,,,,,,,,,,,,,,,,,,,,,,,,,,,,,,,,,,,,,
397,Fig. 1,ID397__fig1.png,GRID,140,CUT,9,row,1,756-791,35,"0,1142,423,773","0,1142,773,1460",,,,,,,,,,,,,,,,,,,,,,,,,,,,,,,,,,,,,,,,,,,,,,,,,,,,,,,,,
397,Fig. 1,ID397__fig1.png,GRID,140,CUT,10,col,2,577-619,42,"0,598,423,773","598,1142,423,773",,,,,,,,,,,,,,,,,,,,,,,,,,,,,,,,,,,,,,,,,,,,,,,,,,,,,,,,,
397,Fig. 1,ID397__fig1.png,GRID,140,CUT,11,row,3,628-662,34,"0,598,423,645","0,598,645,773",,,,,,,,,,,,,,,,,,,,,,,,,,,,,,,,,,,,,,,,,,,,,,,,,,,,,,,,,
397,Fig. 1,ID397__fig1.png,GRID,140,CUT,12,col,3,678-709,31,"598,693,423,773","693,1142,423,773",,,,,,,,,,,,,,,,,,,,,,,,,,,,,,,,,,,,,,,,,,,,,,,,,,,,,,,,,
397,Fig. 1,ID397__fig1.png,GRID,140,CUT,13,row,2,1419-1437,18,"0,1142,773,1428","0,1142,1428,1460",,,,,,,,,,,,,,,,,,,,,,,,,,,,,,,,,,,,,,,,,,,,,,,,,,,,,,,,,
397,Fig. 1,ID397__fig1.png,GRID,140,CUT,14,col,3,578-613,35,"0,595,773,1428","595,1142,773,1428",,,,,,,,,,,,,,,,,,,,,,,,,,,,,,,,,,,,,,,,,,,,,,,,,,,,,,,,,
397,Fig. 1,ID397__fig1.png,GRID,140,CUT,15,col,3,148-161,13,"0,154,1428,1460","154,1142,1428,1460",,,,,,,,,,,,,,,,,,,,,,,,,,,,,,,,,,,,,,,,,,,,,,,,,,,,,,,,,
397,Fig. 1,ID397__fig1.png,GRID,140,AXIS_FALLBACK,,,,,,,,"779,908,235,550",781,71,71,0.95,leftmost column whose run is >= 0.95 of the longest (71 px),782:71px;781:71px;880:52px;875:42px;814:42px;847:39px,,,,,,,,,,,,,,,,,,,,,,,,,,,,,,,,,,,,,,,,,,,,,,,,,,
397,Fig. 1,ID397__fig1.png,GRID,140,AXIS_FALLBACK,,,,,,,,"567,678,235,550",568,32,32,0.95,leftmost column whose run is >= 0.95 of the longest (32 px),569:32px;568:32px;629:14px;669:12px;668:12px;661:12px,,,,,,,,,,,,,,,,,,,,,,,,,,,,,,,,,,,,,,,,,,,,,,,,,,
397,Fig. 1,ID397__fig1.png,GRID,140,AXIS_FALLBACK,,,,,,,,"779,908,29,237",841,63,63,0.95,leftmost column whose run is >= 0.95 of the longest (63 px),842:63px;841:63px;875:37px;809:29px;808:29px;896:19px,,,,,,,,,,,,,,,,,,,,,,,,,,,,,,,,,,,,,,,,,,,,,,,,,,
397,Fig. 1,ID397__fig1.png,GRID,140,AXIS_FALLBACK,,,,,,,,"702,777,235,550",748,56,56,0.95,leftmost column whose run is >= 0.95 of the longest (56 px),749:56px;748:56px;742:52px;741:52px;708:43px;775:31px,,,,,,,,,,,,,,,,,,,,,,,,,,,,,,,,,,,,,,,,,,,,,,,,,,
397,Fig. 1,ID397__fig1.png,GRID,140,AXIS_FALLBACK,,,,,,,,"431,531,339,550",467,42,42,0.95,leftmost column whose run is >= 0.95 of the longest (42 px),468:42px;467:42px;502:40px;501:40px;434:36px;433:36px,,,,,,,,,,,,,,,,,,,,,,,,,,,,,,,,,,,,,,,,,,,,,,,,,,
397,Fig. 1,ID397__fig1.png,GRID,140,AXIS_FALLBACK,,,,,,,,"910,974,235,550",912,72,72,0.95,leftmost column whose run is >= 0.95 of the longest (72 px),913:72px;912:72px;946:55px;945:55px;942:44px;911:17px,,,,,,,,,,,,,,,,,,,,,,,,,,,,,,,,,,,,,,,,,,,,,,,,,,
397,Fig. 1,ID397__fig1.png,GRID,140,AXIS_FALLBACK,,,,,,,,"431,531,81,227",518,49,49,0.95,leftmost column whose run is >= 0.95 of the longest (49 px),519:49px;518:49px;486:40px;485:40px;453:33px;521:15px,,,,,,,,,,,,,,,,,,,,,,,,,,,,,,,,,,,,,,,,,,,,,,,,,,
397,Fig. 1,ID397__fig1.png,GRID,140,AXIS_FALLBACK,,,,,,,,"703,777,70,237",741,33,33,0.95,leftmost column whose run is >= 0.95 of the longest (33 px),742:33px;741:33px;775:28px;774:28px;763:17px;762:17px,,,,,,,,,,,,,,,,,,,,,,,,,,,,,,,,,,,,,,,,,,,,,,,,,,
397,Fig. 1,ID397__fig1.png,GRID,140,AXIS_FALLBACK,,,,,,,,"910,974,70,237",942,28,28,0.95,leftmost column whose run is >= 0.95 of the longest (28 px),942:28px;910:16px;968:13px;933:13px;923:13px;922:13px,,,,,,,,,,,,,,,,,,,,,,,,,,,,,,,,,,,,,,,,,,,,,,,,,,
397,Fig. 1,ID397__fig1.png,GRID,140,AXIS_FALLBACK,,,,,,,,"624,670,99,237",642,14,14,0.95,leftmost column whose run is >= 0.95 of the longest (14 px),654:14px;653:14px;643:14px;642:14px;656:13px;668:12px,,,,,,,,,,,,,,,,,,,,,,,,,,,,,,,,,,,,,,,,,,,,,,,,,,
397,Fig. 1,ID397__fig1.png,GRID,140,AXIS_FALLBACK,,,,,,,,"779,908,235,550",781,71,71,0.95,leftmost column whose run is >= 0.95 of the longest (71 px),782:71px;781:71px;880:52px;875:42px;814:42px;847:39px,,,,,,,,,,,,,,,,,,,,,,,,,,,,,,,,,,,,,,,,,,,,,,,,,,
397,Fig. 1,ID397__fig1.png,GRID,140,AXIS_FALLBACK,,,,,,,,"910,974,235,550",912,72,72,0.95,leftmost column whose run is >= 0.95 of the longest (72 px),913:72px;912:72px;946:55px;945:55px;942:44px;911:17px,,,,,,,,,,,,,,,,,,,,,,,,,,,,,,,,,,,,,,,,,,,,,,,,,,
397,Fig. 1,ID397__fig1.png,GRID,140,AXIS_FALLBACK,,,,,,,,"567,678,235,550",568,32,32,0.95,leftmost column whose run is >= 0.95 of the longest (32 px),569:32px;568:32px;629:14px;669:12px;668:12px;661:12px,,,,,,,,,,,,,,,,,,,,,,,,,,,,,,,,,,,,,,,,,,,,,,,,,,
397,Fig. 1,ID397__fig1.png,GRID,140,AXIS_FALLBACK,,,,,,,,"702,777,235,550",748,56,56,0.95,leftmost column whose run is >= 0.95 of the longest (56 px),749:56px;748:56px;742:52px;741:52px;708:43px;775:31px,,,,,,,,,,,,,,,,,,,,,,,,,,,,,,,,,,,,,,,,,,,,,,,,,,
397,Fig. 1,ID397__fig1.png,GRID,140,AXIS_FALLBACK,,,,,,,,"779,908,29,237",841,63,63,0.95,leftmost column whose run is >= 0.95 of the longest (63 px),842:63px;841:63px;875:37px;809:29px;808:29px;896:19px,,,,,,,,,,,,,,,,,,,,,,,,,,,,,,,,,,,,,,,,,,,,,,,,,,
397,Fig. 1,ID397__fig1.png,GRID,140,AXIS_FALLBACK,,,,,,,,"910,974,70,237",942,28,28,0.95,leftmost column whose run is >= 0.95 of the longest (28 px),942:28px;910:16px;968:13px;933:13px;923:13px;922:13px,,,,,,,,,,,,,,,,,,,,,,,,,,,,,,,,,,,,,,,,,,,,,,,,,,
397,Fig. 1,ID397__fig1.png,GRID,140,AXIS_FALLBACK,,,,,,,,"702,777,235,550",748,56,56,0.95,leftmost column whose run is >= 0.95 of the longest (56 px),749:56px;748:56px;742:52px;741:52px;708:43px;775:31px,,,,,,,,,,,,,,,,,,,,,,,,,,,,,,,,,,,,,,,,,,,,,,,,,,
397,Fig. 1,ID397__fig1.png,GRID,140,AXIS_FALLBACK,,,,,,,,"779,974,235,550",781,71,72,0.95,leftmost column whose run is >= 0.95 of the longest (72 px),913:72px;912:72px;782:71px;781:71px;946:55px;945:55px,,,,,,,,,,,,,,,,,,,,,,,,,,,,,,,,,,,,,,,,,,,,,,,,,,
397,Fig. 1,ID397__fig1.png,GRID,140,AXIS_FALLBACK,,,,,,,,"703,777,70,237",741,33,33,0.95,leftmost column whose run is >= 0.95 of the longest (33 px),742:33px;741:33px;775:28px;774:28px;763:17px;762:17px,,,,,,,,,,,,,,,,,,,,,,,,,,,,,,,,,,,,,,,,,,,,,,,,,,
397,Fig. 1,ID397__fig1.png,GRID,140,AXIS_FALLBACK,,,,,,,,"779,908,29,237",841,63,63,0.95,leftmost column whose run is >= 0.95 of the longest (63 px),842:63px;841:63px;875:37px;809:29px;808:29px;896:19px,,,,,,,,,,,,,,,,,,,,,,,,,,,,,,,,,,,,,,,,,,,,,,,,,,
397,Fig. 1,ID397__fig1.png,GRID,140,AXIS_FALLBACK,,,,,,,,"709,1086,441,748",1077,147,147,0.95,leftmost column whose run is >= 0.95 of the longest (147 px),1077:147px;913:122px;912:122px;1045:120px;1044:120px;979:116px,,,,,,,,,,,,,,,,,,,,,,,,,,,,,,,,,,,,,,,,,,,,,,,,,,
397,Fig. 1,ID397__fig1.png,GRID,140,AXIS_FALLBACK,,,,,,,,"567,678,235,550",568,32,32,0.95,leftmost column whose run is >= 0.95 of the longest (32 px),569:32px;568:32px;629:14px;669:12px;668:12px;661:12px,,,,,,,,,,,,,,,,,,,,,,,,,,,,,,,,,,,,,,,,,,,,,,,,,,
397,Fig. 1,ID397__fig1.png,GRID,140,AXIS_FALLBACK,,,,,,,,"702,777,235,550",748,56,56,0.95,leftmost column whose run is >= 0.95 of the longest (56 px),749:56px;748:56px;742:52px;741:52px;708:43px;775:31px,,,,,,,,,,,,,,,,,,,,,,,,,,,,,,,,,,,,,,,,,,,,,,,,,,
397,Fig. 1,ID397__fig1.png,GRID,140,AXIS_FALLBACK,,,,,,,,"779,908,29,237",841,63,63,0.95,leftmost column whose run is >= 0.95 of the longest (63 px),842:63px;841:63px;875:37px;809:29px;808:29px;896:19px,,,,,,,,,,,,,,,,,,,,,,,,,,,,,,,,,,,,,,,,,,,,,,,,,,
397,Fig. 1,ID397__fig1.png,GRID,140,AXIS_FALLBACK,,,,,,,,"910,974,70,237",942,28,28,0.95,leftmost column whose run is >= 0.95 of the longest (28 px),942:28px;910:16px;968:13px;933:13px;923:13px;922:13px,,,,,,,,,,,,,,,,,,,,,,,,,,,,,,,,,,,,,,,,,,,,,,,,,,
397,Fig. 1,ID397__fig1.png,GRID,140,AXIS_FALLBACK,,,,,,,,"702,777,235,550",748,56,56,0.95,leftmost column whose run is >= 0.95 of the longest (56 px),749:56px;748:56px;742:52px;741:52px;708:43px;775:31px,,,,,,,,,,,,,,,,,,,,,,,,,,,,,,,,,,,,,,,,,,,,,,,,,,
397,Fig. 1,ID397__fig1.png,GRID,140,AXIS_FALLBACK,,,,,,,,"779,974,235,550",781,71,72,0.95,leftmost column whose run is >= 0.95 of the longest (72 px),913:72px;912:72px;782:71px;781:71px;946:55px;945:55px,,,,,,,,,,,,,,,,,,,,,,,,,,,,,,,,,,,,,,,,,,,,,,,,,,
397,Fig. 1,ID397__fig1.png,GRID,140,AXIS_FALLBACK,,,,,,,,"703,777,70,237",741,33,33,0.95,leftmost column whose run is >= 0.95 of the longest (33 px),742:33px;741:33px;775:28px;774:28px;763:17px;762:17px,,,,,,,,,,,,,,,,,,,,,,,,,,,,,,,,,,,,,,,,,,,,,,,,,,
397,Fig. 1,ID397__fig1.png,GRID,140,AXIS_FALLBACK,,,,,,,,"779,908,29,237",841,63,63,0.95,leftmost column whose run is >= 0.95 of the longest (63 px),842:63px;841:63px;875:37px;809:29px;808:29px;896:19px,,,,,,,,,,,,,,,,,,,,,,,,,,,,,,,,,,,,,,,,,,,,,,,,,,
397,Fig. 1,ID397__fig1.png,GRID,140,AXIS_FALLBACK,,,,,,,,"567,677,1147,1275",569,117,117,0.95,leftmost column whose run is >= 0.95 of the longest (117 px),570:117px;569:117px;674:14px;673:14px;669:13px;675:12px,,,,,,,,,,,,,,,,,,,,,,,,,,,,,,,,,,,,,,,,,,,,,,,,,,
397,Fig. 1,ID397__fig1.png,GRID,140,AXIS_FALLBACK,,,,,,,,"779,908,870,988",891,60,60,0.95,leftmost column whose run is >= 0.95 of the longest (60 px),891:60px;859:40px;858:40px;890:36px;794:35px;793:35px,,,,,,,,,,,,,,,,,,,,,,,,,,,,,,,,,,,,,,,,,,,,,,,,,,
397,Fig. 1,ID397__fig1.png,GRID,140,AXIS_FALLBACK,,,,,,,,"779,908,1181,1323",853,80,80,0.95,leftmost column whose run is >= 0.95 of the longest (80 px),853:80px;785:71px;784:71px;819:68px;818:68px;888:62px,,,,,,,,,,,,,,,,,,,,,,,,,,,,,,,,,,,,,,,,,,,,,,,,,,
397,Fig. 1,ID397__fig1.png,GRID,140,AXIS_FALLBACK,,,,,,,,"710,777,494,607",748,100,100,0.95,leftmost column whose run is >= 0.95 of the longest (100 px),749:100px;748:100px;716:85px;715:85px;719:13px;740:12px,,,,,,,,,,,,,,,,,,,,,,,,,,,,,,,,,,,,,,,,,,,,,,,,,,
397,Fig. 1,ID397__fig1.png,GRID,140,AXIS_FALLBACK,,,,,,,,"723,777,918,990",728,53,53,0.95,leftmost column whose run is >= 0.95 of the longest (53 px),728:53px;761:45px;760:45px;733:14px;748:13px;734:13px,,,,,,,,,,,,,,,,,,,,,,,,,,,,,,,,,,,,,,,,,,,,,,,,,,
397,Fig. 1,ID397__fig1.png,GRID,140,AXIS_FALLBACK,,,,,,,,"711,777,1245,1323",715,67,70,0.95,leftmost column whose run is >= 0.95 of the longest (70 px),750:70px;749:70px;716:67px;715:67px;720:8px;719:7px,,,,,,,,,,,,,,,,,,,,,,,,,,,,,,,,,,,,,,,,,,,,,,,,,,
397,Fig. 1,ID397__fig1.png,GRID,140,AXIS_FALLBACK,,,,,,,,"431,531,1147,1262",433,103,103,0.95,leftmost column whose run is >= 0.95 of the longest (103 px),433:103px;502:102px;501:102px;468:80px;467:80px;434:7px,,,,,,,,,,,,,,,,,,,,,,,,,,,,,,,,,,,,,,,,,,,,,,,,,,
397,Fig. 1,ID397__fig1.png,GRID,140,AXIS_FALLBACK,,,,,,,,"431,531,1147,1262",433,103,103,0.95,leftmost column whose run is >= 0.95 of the longest (103 px),433:103px;502:102px;501:102px;468:80px;467:80px;434:7px,,,,,,,,,,,,,,,,,,,,,,,,,,,,,,,,,,,,,,,,,,,,,,,,,,
397,Fig. 1,ID397__fig1.png,GRID,140,AXIS_FALLBACK,,,,,,,,"710,777,494,607",748,100,100,0.95,leftmost column whose run is >= 0.95 of the longest (100 px),749:100px;748:100px;716:85px;715:85px;719:13px;740:12px,,,,,,,,,,,,,,,,,,,,,,,,,,,,,,,,,,,,,,,,,,,,,,,,,,
397,Fig. 1,ID397__fig1.png,GRID,140,AXIS_FALLBACK,,,,,,,,"723,777,918,990",728,53,53,0.95,leftmost column whose run is >= 0.95 of the longest (53 px),728:53px;761:45px;760:45px;733:14px;748:13px;734:13px,,,,,,,,,,,,,,,,,,,,,,,,,,,,,,,,,,,,,,,,,,,,,,,,,,
397,Fig. 1,ID397__fig1.png,GRID,140,AXIS_FALLBACK,,,,,,,,"711,777,1245,1323",715,67,70,0.95,leftmost column whose run is >= 0.95 of the longest (70 px),750:70px;749:70px;716:67px;715:67px;720:8px;719:7px,,,,,,,,,,,,,,,,,,,,,,,,,,,,,,,,,,,,,,,,,,,,,,,,,,
397,Fig. 1,ID397__fig1.png,GRID,140,AXIS_FALLBACK,,,,,,,,"910,974,833,942",923,109,109,0.95,leftmost column whose run is >= 0.95 of the longest (109 px),923:109px;924:108px;956:95px;957:7px;955:7px;922:7px,,,,,,,,,,,,,,,,,,,,,,,,,,,,,,,,,,,,,,,,,,,,,,,,,,
397,Fig. 1,ID397__fig1.png,GRID,140,AXIS_FALLBACK,,,,,,,,"910,974,1155,1263",921,106,106,0.95,leftmost column whose run is >= 0.95 of the longest (106 px),922:106px;921:106px;957:94px;956:94px;920:8px;919:8px,,,,,,,,,,,,,,,,,,,,,,,,,,,,,,,,,,,,,,,,,,,,,,,,,,
397,Fig. 1,ID397__fig1.png,GRID,140,AXIS_FALLBACK,,,,,,,,"779,974,833,988",923,109,109,0.95,leftmost column whose run is >= 0.95 of the longest (109 px),923:109px;924:108px;956:95px;891:60px;859:40px;858:40px,,,,,,,,,,,,,,,,,,,,,,,,,,,,,,,,,,,,,,,,,,,,,,,,,,
397,Fig. 1,ID397__fig1.png,GRID,140,AXIS_FALLBACK,,,,,,,,"779,974,1155,1323",921,106,106,0.95,leftmost column whose run is >= 0.95 of the longest (106 px),922:106px;921:106px;957:94px;956:94px;853:80px;785:71px,,,,,,,,,,,,,,,,,,,,,,,,,,,,,,,,,,,,,,,,,,,,,,,,,,
397,Fig. 1,ID397__fig1.png,GRID,140,AXIS_CANDIDATES,,,,,,,,"567,678,235,550",,,,,no run long enough,,0,0,,633,94.5,,,,,,,,,,,,,,,,,,,,,,,,,,,,,,,,,,,,,,,,,,,,,
397,Fig. 1,ID397__fig1.png,GRID,140,AXIS_FALLBACK,,,,,,,,"567,678,235,550",568,32,32,0.95,leftmost column whose run is >= 0.95 of the longest (32 px),569:32px;568:32px;629:14px;669:12px;668:12px;661:12px,,,,,,,,,,,,,,,,,,,,,,,,,,,,,,,,,,,,,,,,,,,,,,,,,,
397,Fig. 1,ID397__fig1.png,GRID,140,AXIS_FALLBACK,,,,,,,,"567,678,235,550",568,32,32,0.95,leftmost column whose run is >= 0.95 of the longest (32 px),569:32px;568:32px;629:14px;669:12px;668:12px;661:12px,,,,,,,,,,,,,,,,,,,,,,,,,,,,,,,,,,,,,,,,,,,,,,,,,,
397,Fig. 1,ID397__fig1.png,GRID,140,AXIS_CANDIDATES,,,,,,,,"779,908,29,237",841,,,,no free run; leftmost of 2 clipped,841:174-272:clipped;842:174-272:clipped,0,2,174-272,856,62.4,,,,,,,,,,,,,,,,,,,,,,,,,,,,,,,,,,,,,,,,,,,,,
397,Fig. 1,ID397__fig1.png,GRID,140,AXIS_FALLBACK,,,,,,,,"779,908,29,237",841,63,63,0.95,leftmost column whose run is >= 0.95 of the longest (63 px),842:63px;841:63px;875:37px;809:29px;808:29px;896:19px,,,,,,,,,,,,,,,,,,,,,,,,,,,,,,,,,,,,,,,,,,,,,,,,,,
397,Fig. 1,ID397__fig1.png,GRID,140,AXIS_CANDIDATES,,,,,,,,"702,777,235,550",,,,,no run long enough,,0,0,,747,94.5,,,,,,,,,,,,,,,,,,,,,,,,,,,,,,,,,,,,,,,,,,,,,
397,Fig. 1,ID397__fig1.png,GRID,140,AXIS_FALLBACK,,,,,,,,"702,777,235,550",748,56,56,0.95,leftmost column whose run is >= 0.95 of the longest (56 px),749:56px;748:56px;742:52px;741:52px;708:43px;775:31px,,,,,,,,,,,,,,,,,,,,,,,,,,,,,,,,,,,,,,,,,,,,,,,,,,
397,Fig. 1,ID397__fig1.png,GRID,140,AXIS_FALLBACK,,,,,,,,"702,777,235,550",748,56,56,0.95,leftmost column whose run is >= 0.95 of the longest (56 px),749:56px;748:56px;742:52px;741:52px;708:43px;775:31px,,,,,,,,,,,,,,,,,,,,,,,,,,,,,,,,,,,,,,,,,,,,,,,,,,
397,Fig. 1,ID397__fig1.png,GRID,140,AXIS_CANDIDATES,,,,,,,,"431,531,339,550",,,,,no run long enough,,0,0,,491,63.3,,,,,,,,,,,,,,,,,,,,,,,,,,,,,,,,,,,,,,,,,,,,,
397,Fig. 1,ID397__fig1.png,GRID,140,AXIS_FALLBACK,,,,,,,,"431,531,339,550",467,42,42,0.95,leftmost column whose run is >= 0.95 of the longest (42 px),468:42px;467:42px;502:40px;501:40px;434:36px;433:36px,,,,,,,,,,,,,,,,,,,,,,,,,,,,,,,,,,,,,,,,,,,,,,,,,,
397,Fig. 1,ID397__fig1.png,GRID,140,AXIS_FALLBACK,,,,,,,,"431,531,339,550",467,42,42,0.95,leftmost column whose run is >= 0.95 of the longest (42 px),468:42px;467:42px;502:40px;501:40px;434:36px;433:36px,,,,,,,,,,,,,,,,,,,,,,,,,,,,,,,,,,,,,,,,,,,,,,,,,,
397,Fig. 1,ID397__fig1.png,GRID,140,AXIS_CANDIDATES,,,,,,,,"431,531,81,227",,,,,no run long enough,,0,0,,491,43.8,,,,,,,,,,,,,,,,,,,,,,,,,,,,,,,,,,,,,,,,,,,,,
397,Fig. 1,ID397__fig1.png,GRID,140,AXIS_FALLBACK,,,,,,,,"431,531,81,227",518,49,49,0.95,leftmost column whose run is >= 0.95 of the longest (49 px),519:49px;518:49px;486:40px;485:40px;453:33px;521:15px,,,,,,,,,,,,,,,,,,,,,,,,,,,,,,,,,,,,,,,,,,,,,,,,,,
397,Fig. 1,ID397__fig1.png,GRID,140,AXIS_FALLBACK,,,,,,,,"431,531,81,227",518,49,49,0.95,leftmost column whose run is >= 0.95 of the longest (49 px),519:49px;518:49px;486:40px;485:40px;453:33px;521:15px,,,,,,,,,,,,,,,,,,,,,,,,,,,,,,,,,,,,,,,,,,,,,,,,,,
397,Fig. 1,ID397__fig1.png,GRID,140,AXIS_CANDIDATES,,,,,,,,"703,777,70,237",,,,,no run long enough,,0,0,,747,50.1,,,,,,,,,,,,,,,,,,,,,,,,,,,,,,,,,,,,,,,,,,,,,
397,Fig. 1,ID397__fig1.png,GRID,140,AXIS_FALLBACK,,,,,,,,"703,777,70,237",741,33,33,0.95,leftmost column whose run is >= 0.95 of the longest (33 px),742:33px;741:33px;775:28px;774:28px;763:17px;762:17px,,,,,,,,,,,,,,,,,,,,,,,,,,,,,,,,,,,,,,,,,,,,,,,,,,
397,Fig. 1,ID397__fig1.png,GRID,140,AXIS_CANDIDATES,,,,,,,,"910,974,70,237",,,,,no run long enough,,0,0,,948,50.1,,,,,,,,,,,,,,,,,,,,,,,,,,,,,,,,,,,,,,,,,,,,,
397,Fig. 1,ID397__fig1.png,GRID,140,AXIS_FALLBACK,,,,,,,,"910,974,70,237",942,28,28,0.95,leftmost column whose run is >= 0.95 of the longest (28 px),942:28px;910:16px;968:13px;933:13px;923:13px;922:13px,,,,,,,,,,,,,,,,,,,,,,,,,,,,,,,,,,,,,,,,,,,,,,,,,,
397,Fig. 1,ID397__fig1.png,GRID,140,AXIS_FALLBACK,,,,,,,,"910,974,70,237",942,28,28,0.95,leftmost column whose run is >= 0.95 of the longest (28 px),942:28px;910:16px;968:13px;933:13px;923:13px;922:13px,,,,,,,,,,,,,,,,,,,,,,,,,,,,,,,,,,,,,,,,,,,,,,,,,,
397,Fig. 1,ID397__fig1.png,GRID,140,AXIS_CANDIDATES,,,,,,,,"624,670,99,237",,,,,no run long enough,,0,0,,651,41.4,,,,,,,,,,,,,,,,,,,,,,,,,,,,,,,,,,,,,,,,,,,,,
397,Fig. 1,ID397__fig1.png,GRID,140,AXIS_FALLBACK,,,,,,,,"624,670,99,237",642,14,14,0.95,leftmost column whose run is >= 0.95 of the longest (14 px),654:14px;653:14px;643:14px;642:14px;656:13px;668:12px,,,,,,,,,,,,,,,,,,,,,,,,,,,,,,,,,,,,,,,,,,,,,,,,,,
397,Fig. 1,ID397__fig1.png,GRID,140,AXIS_CANDIDATES,,,,,,,,"779,974,235,550",,,,,no run long enough,,0,0,,896,94.5,,,,,,,,,,,,,,,,,,,,,,,,,,,,,,,,,,,,,,,,,,,,,
397,Fig. 1,ID397__fig1.png,GRID,140,AXIS_FALLBACK,,,,,,,,"779,974,235,550",781,71,72,0.95,leftmost column whose run is >= 0.95 of the longest (72 px),913:72px;912:72px;782:71px;781:71px;946:55px;945:55px,,,,,,,,,,,,,,,,,,,,,,,,,,,,,,,,,,,,,,,,,,,,,,,,,,
397,Fig. 1,ID397__fig1.png,GRID,140,AXIS_FALLBACK,,,,,,,,"779,974,235,550",781,71,72,0.95,leftmost column whose run is >= 0.95 of the longest (72 px),913:72px;912:72px;782:71px;781:71px;946:55px;945:55px,,,,,,,,,,,,,,,,,,,,,,,,,,,,,,,,,,,,,,,,,,,,,,,,,,
397,Fig. 1,ID397__fig1.png,GRID,140,AXIS_CANDIDATES,,,,,,,,"567,677,1147,1275",569,,,,no free run; leftmost of 2 clipped,569:1147-1264:clipped;570:1147-1264:clipped,0,2,1147-1264,633,38.4,,,,,,,,,,,,,,,,,,,,,,,,,,,,,,,,,,,,,,,,,,,,,
397,Fig. 1,ID397__fig1.png,GRID,140,AXIS_FALLBACK,,,,,,,,"567,677,1147,1275",569,117,117,0.95,leftmost column whose run is >= 0.95 of the longest (117 px),570:117px;569:117px;674:14px;673:14px;669:13px;675:12px,,,,,,,,,,,,,,,,,,,,,,,,,,,,,,,,,,,,,,,,,,,,,,,,,,
397,Fig. 1,ID397__fig1.png,GRID,140,AXIS_CANDIDATES,,,,,,,,"779,908,870,988",,,,,no run long enough,,0,0,,856,35.4,,,,,,,,,,,,,,,,,,,,,,,,,,,,,,,,,,,,,,,,,,,,,
397,Fig. 1,ID397__fig1.png,GRID,140,AXIS_FALLBACK,,,,,,,,"779,908,870,988",891,60,60,0.95,leftmost column whose run is >= 0.95 of the longest (60 px),891:60px;859:40px;858:40px;890:36px;794:35px;793:35px,,,,,,,,,,,,,,,,,,,,,,,,,,,,,,,,,,,,,,,,,,,,,,,,,,
397,Fig. 1,ID397__fig1.png,GRID,140,AXIS_FALLBACK,,,,,,,,"779,908,870,988",891,60,60,0.95,leftmost column whose run is >= 0.95 of the longest (60 px),891:60px;859:40px;858:40px;890:36px;794:35px;793:35px,,,,,,,,,,,,,,,,,,,,,,,,,,,,,,,,,,,,,,,,,,,,,,,,,,
397,Fig. 1,ID397__fig1.png,GRID,140,AXIS_CANDIDATES,,,,,,,,"779,908,1181,1323",818,,,,leftmost of 3 free runs,818:1244-1312:free;819:1244-1312:free;853:1230-1310:free;784:1252-1323:clipped;785:1252-1323:clipped,3,2,1244-1312,856,42.6,,,,,,,,,,,,,,,,,,,,,,,,,,,,,,,,,,,,,,,,,,,,,
397,Fig. 1,ID397__fig1.png,GRID,140,AXIS_FALLBACK,,,,,,,,"779,908,1181,1323",853,80,80,0.95,leftmost column whose run is >= 0.95 of the longest (80 px),853:80px;785:71px;784:71px;819:68px;818:68px;888:62px,,,,,,,,,,,,,,,,,,,,,,,,,,,,,,,,,,,,,,,,,,,,,,,,,,
397,Fig. 1,ID397__fig1.png,GRID,140,AXIS_CANDIDATES,,,,,,,,"710,777,494,607",715,,,,no free run; leftmost of 4 clipped,715:522-607:clipped;716:522-607:clipped;748:494-594:clipped;749:494-594:clipped,0,4,522-607,750,33.9,,,,,,,,,,,,,,,,,,,,,,,,,,,,,,,,,,,,,,,,,,,,,
397,Fig. 1,ID397__fig1.png,GRID,140,AXIS_FALLBACK,,,,,,,,"710,777,494,607",748,100,100,0.95,leftmost column whose run is >= 0.95 of the longest (100 px),749:100px;748:100px;716:85px;715:85px;719:13px;740:12px,,,,,,,,,,,,,,,,,,,,,,,,,,,,,,,,,,,,,,,,,,,,,,,,,,
397,Fig. 1,ID397__fig1.png,GRID,140,AXIS_CANDIDATES,,,,,,,,"723,777,918,990",728,,,,no free run; leftmost of 1 clipped,728:918-971:clipped,0,1,918-971,755,21.6,,,,,,,,,,,,,,,,,,,,,,,,,,,,,,,,,,,,,,,,,,,,,
397,Fig. 1,ID397__fig1.png,GRID,140,AXIS_FALLBACK,,,,,,,,"723,777,918,990",728,53,53,0.95,leftmost column whose run is >= 0.95 of the longest (53 px),728:53px;761:45px;760:45px;733:14px;748:13px;734:13px,,,,,,,,,,,,,,,,,,,,,,,,,,,,,,,,,,,,,,,,,,,,,,,,,,
397,Fig. 1,ID397__fig1.png,GRID,140,AXIS_CANDIDATES,,,,,,,,"711,777,1245,1323",715,,,,no free run; leftmost of 3 clipped,715:1245-1312:clipped;716:1245-1312:clipped;749:1253-1323:clipped,0,3,1245-1312,750,23.4,,,,,,,,,,,,,,,,,,,,,,,,,,,,,,,,,,,,,,,,,,,,,
397,Fig. 1,ID397__fig1.png,GRID,140,AXIS_FALLBACK,,,,,,,,"711,777,1245,1323",715,67,70,0.95,leftmost column whose run is >= 0.95 of the longest (70 px),750:70px;749:70px;716:67px;715:67px;720:8px;719:7px,,,,,,,,,,,,,,,,,,,,,,,,,,,,,,,,,,,,,,,,,,,,,,,,,,
397,Fig. 1,ID397__fig1.png,GRID,140,AXIS_CANDIDATES,,,,,,,,"431,531,1147,1262",467,,,,leftmost of 2 free runs,467:1157-1237:free;468:1157-1237:free;433:1159-1262:clipped,2,1,1157-1237,491,34.5,,,,,,,,,,,,,,,,,,,,,,,,,,,,,,,,,,,,,,,,,,,,,
397,Fig. 1,ID397__fig1.png,GRID,140,AXIS_FALLBACK,,,,,,,,"431,531,1147,1262",433,103,103,0.95,leftmost column whose run is >= 0.95 of the longest (103 px),433:103px;502:102px;501:102px;468:80px;467:80px;434:7px,,,,,,,,,,,,,,,,,,,,,,,,,,,,,,,,,,,,,,,,,,,,,,,,,,
397,Fig. 1,ID397__fig1.png,GRID,140,AXIS_FALLBACK,,,,,,,,"431,531,1147,1262",433,103,103,0.95,leftmost column whose run is >= 0.95 of the longest (103 px),433:103px;502:102px;501:102px;468:80px;467:80px;434:7px,,,,,,,,,,,,,,,,,,,,,,,,,,,,,,,,,,,,,,,,,,,,,,,,,,
397,Fig. 1,ID397__fig1.png,GRID,140,AXIS_FALLBACK,,,,,,,,"710,777,494,607",748,100,100,0.95,leftmost column whose run is >= 0.95 of the longest (100 px),749:100px;748:100px;716:85px;715:85px;719:13px;740:12px,,,,,,,,,,,,,,,,,,,,,,,,,,,,,,,,,,,,,,,,,,,,,,,,,,
397,Fig. 1,ID397__fig1.png,GRID,140,AXIS_FALLBACK,,,,,,,,"723,777,918,990",728,53,53,0.95,leftmost column whose run is >= 0.95 of the longest (53 px),728:53px;761:45px;760:45px;733:14px;748:13px;734:13px,,,,,,,,,,,,,,,,,,,,,,,,,,,,,,,,,,,,,,,,,,,,,,,,,,
397,Fig. 1,ID397__fig1.png,GRID,140,AXIS_FALLBACK,,,,,,,,"711,777,1245,1323",715,67,70,0.95,leftmost column whose run is >= 0.95 of the longest (70 px),750:70px;749:70px;716:67px;715:67px;720:8px;719:7px,,,,,,,,,,,,,,,,,,,,,,,,,,,,,,,,,,,,,,,,,,,,,,,,,,
397,Fig. 1,ID397__fig1.png,GRID,140,AXIS_CANDIDATES,,,,,,,,"910,974,833,942",923,,,,no free run; leftmost of 2 clipped,923:833-942:clipped;924:833-941:clipped,0,2,833-942,948,32.7,,,,,,,,,,,,,,,,,,,,,,,,,,,,,,,,,,,,,,,,,,,,,
397,Fig. 1,ID397__fig1.png,GRID,140,AXIS_FALLBACK,,,,,,,,"910,974,833,942",923,109,109,0.95,leftmost column whose run is >= 0.95 of the longest (109 px),923:109px;924:108px;956:95px;957:7px;955:7px;922:7px,,,,,,,,,,,,,,,,,,,,,,,,,,,,,,,,,,,,,,,,,,,,,,,,,,
397,Fig. 1,ID397__fig1.png,GRID,140,AXIS_CANDIDATES,,,,,,,,"910,974,1155,1263",921,,,,no free run; leftmost of 2 clipped,921:1157-1263:clipped;922:1157-1263:clipped,0,2,1157-1263,948,32.4,,,,,,,,,,,,,,,,,,,,,,,,,,,,,,,,,,,,,,,,,,,,,
397,Fig. 1,ID397__fig1.png,GRID,140,AXIS_FALLBACK,,,,,,,,"910,974,1155,1263",921,106,106,0.95,leftmost column whose run is >= 0.95 of the longest (106 px),922:106px;921:106px;957:94px;956:94px;920:8px;919:8px,,,,,,,,,,,,,,,,,,,,,,,,,,,,,,,,,,,,,,,,,,,,,,,,,,
397,Fig. 1,ID397__fig1.png,GRID,140,AXIS_CANDIDATES,,,,,,,,"779,974,833,988",891,,,,leftmost of 1 free runs,891:870-930:free,1,0,870-930,896,46.5,,,,,,,,,,,,,,,,,,,,,,,,,,,,,,,,,,,,,,,,,,,,,
397,Fig. 1,ID397__fig1.png,GRID,140,AXIS_FALLBACK,,,,,,,,"779,974,833,988",923,109,109,0.95,leftmost column whose run is >= 0.95 of the longest (109 px),923:109px;924:108px;956:95px;891:60px;859:40px;858:40px,,,,,,,,,,,,,,,,,,,,,,,,,,,,,,,,,,,,,,,,,,,,,,,,,,
397,Fig. 1,ID397__fig1.png,GRID,140,AXIS_CANDIDATES,,,,,,,,"779,974,1155,1323",818,,,,leftmost of 5 free runs,818:1244-1312:free;819:1244-1312:free;853:1230-1310:free;887:1181-1243:free;888:1181-1243:free;784:1252-1323:clipped;785:1252-1323:clipped,5,2,1244-1312,896,50.4,,,,,,,,,,,,,,,,,,,,,,,,,,,,,,,,,,,,,,,,,,,,,
397,Fig. 1,ID397__fig1.png,GRID,140,AXIS_FALLBACK,,,,,,,,"779,974,1155,1323",921,106,106,0.95,leftmost column whose run is >= 0.95 of the longest (106 px),922:106px;921:106px;957:94px;956:94px;853:80px;785:71px,,,,,,,,,,,,,,,,,,,,,,,,,,,,,,,,,,,,,,,,,,,,,,,,,,
397,Fig. 1,ID397__fig1.png,GRID,140,ORPHAN,,,,,,,,,,,,,,,,,,,,"122,153,95,110",31,15,NO_PANEL_IN_REACH,0,left 626px share 1.00 reach 34 [gap],,,,,,,,,,,,,,,,,,,,,,,,,,,,,,,,,,,,,,,
397,Fig. 1,ID397__fig1.png,GRID,140,PIECE_RELATION,,,,,,,,,,,,,,,,,,,,"122,153,95,110",,,,,,NO_SELECTED_PANEL_DESCENDANT,0,0,,,CONTAINMENT,,,,,,,,,,,,,,,,,,,,,,,,,,,,,,,,,
397,Fig. 1,ID397__fig1.png,GRID,140,ORPHAN,,,,,,,,,,,,,,,,,,,,"99,153,139,330",54,191,NO_PANEL_IN_REACH,0,left 471px share 0.71 reach 34 [gap],,,,,,,,,,,,,,,,,,,,,,,,,,,,,,,,,,,,,,,
397,Fig. 1,ID397__fig1.png,GRID,140,PIECE_RELATION,,,,,,,,,,,,,,,,,,,,"99,153,139,330",,,,,,NO_SELECTED_PANEL_DESCENDANT,0,0,,,CONTAINMENT,,,,,,,,,,,,,,,,,,,,,,,,,,,,,,,,,
397,Fig. 1,ID397__fig1.png,GRID,140,ORPHAN,,,,,,,,,,,,,,,,,,,,"186,557,30,251",371,221,NO_PANEL_IN_REACH,0,left 146px share 1.00 reach 34 [gap] | overlap 0px share 1.00 reach 34,,,,,,,,,,,,,,,,,,,,,,,,,,,,,,,,,,,,,,,
397,Fig. 1,ID397__fig1.png,GRID,140,PIECE_RELATION,,,,,,,,,,,,,,,,,,,,"186,557,30,251",,,,,,SAME_HALF_NESTED_PANEL,0,1,,"431,531,81,227",CONTAINMENT,,,,,,,,,,,,,,,,,,,,,,,,,,,,,,,,,
397,Fig. 1,ID397__fig1.png,GRID,140,AXIS_FALLBACK,,,,,,,,"567,678,235,550",568,32,32,0.95,leftmost column whose run is >= 0.95 of the longest (32 px),569:32px;568:32px;629:14px;669:12px;668:12px;661:12px,,,,,,,,,,,,,,,,,,,,,,,,,,,,,,,,,,,,,,,,,,,,,,,,,,
397,Fig. 1,ID397__fig1.png,GRID,140,AXIS_FALLBACK,,,,,,,,"567,678,235,550",568,32,32,0.95,leftmost column whose run is >= 0.95 of the longest (32 px),569:32px;568:32px;629:14px;669:12px;668:12px;661:12px,,,,,,,,,,,,,,,,,,,,,,,,,,,,,,,,,,,,,,,,,,,,,,,,,,
397,Fig. 1,ID397__fig1.png,GRID,140,AXIS_FALLBACK,,,,,,,,"567,678,235,550",568,32,32,0.95,leftmost column whose run is >= 0.95 of the longest (32 px),569:32px;568:32px;629:14px;669:12px;668:12px;661:12px,,,,,,,,,,,,,,,,,,,,,,,,,,,,,,,,,,,,,,,,,,,,,,,,,,
397,Fig. 1,ID397__fig1.png,GRID,140,AXIS_FALLBACK,,,,,,,,"567,678,235,550",568,32,32,0.95,leftmost column whose run is >= 0.95 of the longest (32 px),569:32px;568:32px;629:14px;669:12px;668:12px;661:12px,,,,,,,,,,,,,,,,,,,,,,,,,,,,,,,,,,,,,,,,,,,,,,,,,,
397,Fig. 1,ID397__fig1.png,GRID,140,ORPHAN,,,,7,,,,,,,,,,,,,,,,"184,560,339,402",376,63,OFFERED,,,,,,,,,"567,678,235,550",,left,,,,,,,,,,,,,,34,,,,,,,,,,,,,,,,
397,Fig. 1,ID397__fig1.png,GRID,140,GATE,,,,7,,,,,,,,,,,,,,,,"184,560,339,402",,,,,,,,,,,,"567,678,235,550",,left,True,O,O,-,X,O,-,,,,,,,,,,,,,,,,,,,,,,,
397,Fig. 1,ID397__fig1.png,GRID,140,GATE_WHY,,,,,,,,,,,,,,,,,,,,"184,560,339,402",,,,,,,,,,,,"567,678,235,550",,,,,,,,,,"축 없음, 잉크 0.106","행 겹침 1.00, 패널 행 235-565, 조각 339-402",이 클립에서 캡션을 읽지 못했다,밑변 행 274에 조각 쪽 잉크가 없다,"밑변에 선 열 0.00, 축 범위 안 잉크 1.64 (교집합 0.00)",막대·눈금이 0→0개뿐이라 규칙성을 잴 수 없다,,,,,,,,,,,,,,,,,
397,Fig. 1,ID397__fig1.png,GRID,140,POST,,,,,,,,,,,,,,,,,,,,"184,560,339,402",,,WOULD_CONTAIN_ANOTHER_PANEL,,,,,,,,,"567,678,235,550",,,,,,,,,,,,,,,,,"184,678,235,550",,,,,,,,,,,,,,,
397,Fig. 1,ID397__fig1.png,GRID,140,AXIS_FALLBACK,,,,,,,,"703,777,70,237",741,33,33,0.95,leftmost column whose run is >= 0.95 of the longest (33 px),742:33px;741:33px;775:28px;774:28px;763:17px;762:17px,,,,,,,,,,,,,,,,,,,,,,,,,,,,,,,,,,,,,,,,,,,,,,,,,,
397,Fig. 1,ID397__fig1.png,GRID,140,ORPHAN,,,,,,,,,,,,,,"left@32px:702,777,235,550;left@33px:703,777,70,237",,,,,,"624,670,142,328",46,186,AMBIGUOUS_2,2,left 33px share 0.57 reach 34 | overlap 0px share 0.69 reach 34 | right 93px share 0.58 reach 34 [gap],,,,,,,,,,,,,,,,,,,,,,,,,,,,,,,,,,,,,,,
397,Fig. 1,ID397__fig1.png,GRID,140,PIECE_RELATION,,,,,,,,,,,,,,,,,,,,"624,670,142,328",,,,,,NO_SELECTED_PANEL_DESCENDANT,0,0,,,CONTAINMENT,,,,,,,,,,,,,,,,,,,,,,,,,,,,,,,,,
397,Fig. 1,ID397__fig1.png,GRID,140,AXIS_FALLBACK,,,,,,,,"624,670,99,237",642,14,14,0.95,leftmost column whose run is >= 0.95 of the longest (14 px),654:14px;653:14px;643:14px;642:14px;656:13px;668:12px,,,,,,,,,,,,,,,,,,,,,,,,,,,,,,,,,,,,,,,,,,,,,,,,,,
397,Fig. 1,ID397__fig1.png,GRID,140,AXIS_FALLBACK,,,,,,,,"567,678,235,550",568,32,32,0.95,leftmost column whose run is >= 0.95 of the longest (32 px),569:32px;568:32px;629:14px;669:12px;668:12px;661:12px,,,,,,,,,,,,,,,,,,,,,,,,,,,,,,,,,,,,,,,,,,,,,,,,,,
397,Fig. 1,ID397__fig1.png,GRID,140,AXIS_FALLBACK,,,,,,,,"567,678,235,550",568,32,32,0.95,leftmost column whose run is >= 0.95 of the longest (32 px),569:32px;568:32px;629:14px;669:12px;668:12px;661:12px,,,,,,,,,,,,,,,,,,,,,,,,,,,,,,,,,,,,,,,,,,,,,,,,,,
397,Fig. 1,ID397__fig1.png,GRID,140,AXIS_FALLBACK,,,,,,,,"567,678,235,550",568,32,32,0.95,leftmost column whose run is >= 0.95 of the longest (32 px),569:32px;568:32px;629:14px;669:12px;668:12px;661:12px,,,,,,,,,,,,,,,,,,,,,,,,,,,,,,,,,,,,,,,,,,,,,,,,,,
397,Fig. 1,ID397__fig1.png,GRID,140,AXIS_FALLBACK,,,,,,,,"567,678,235,550",568,32,32,0.95,leftmost column whose run is >= 0.95 of the longest (32 px),569:32px;568:32px;629:14px;669:12px;668:12px;661:12px,,,,,,,,,,,,,,,,,,,,,,,,,,,,,,,,,,,,,,,,,,,,,,,,,,
397,Fig. 1,ID397__fig1.png,GRID,140,ORPHAN,,,,24,,,,,,,,,,,,,,,,"702,1084,337,405",382,68,OFFERED,,,,,,,,,"567,678,235,550",,right,,,,,,,,,,,,,,34,,,,,,,,,,,,,,,,
397,Fig. 1,ID397__fig1.png,GRID,140,GATE,,,,24,,,,,,,,,,,,,,,,"702,1084,337,405",,,,,,,,,,,,"567,678,235,550",,right,True,O,O,-,O,O,-,,,,,,,,,,,,,,,,,,,,,,,
397,Fig. 1,ID397__fig1.png,GRID,140,GATE_WHY,,,,,,,,,,,,,,,,,,,,"702,1084,337,405",,,,,,,,,,,,"567,678,235,550",,,,,,,,,,"축 없음, 잉크 0.096","행 겹침 1.00, 패널 행 235-565, 조각 337-405",이 클립에서 캡션을 읽지 못했다,"건너는 간격 34 px, 패널 내부의 가장 큰 간격 60 px","밑변에 선 열 0.00, 축 범위 안 잉크 1.44 (교집합 0.00)",막대·눈금이 0→0개뿐이라 규칙성을 잴 수 없다,,,,,,,,,,,,,,,,,
397,Fig. 1,ID397__fig1.png,GRID,140,POST,,,,,,,,,,,,,,,,,,,,"702,1084,337,405",,,WOULD_CONTAIN_ANOTHER_PANEL,,,,,,,,,"567,678,235,550",,,,,,,,,,,,,,,,,"567,1084,235,550",,,,,,,,,,,,,,,
397,Fig. 1,ID397__fig1.png,GRID,140,ORPHAN,,,,,,,,,,,,,,,,,,,,"102,574,445,628",472,183,NO_PANEL_IN_REACH,0,left 136px share 1.00 reach 34 [gap] | overlap 0px share 0.57 reach 34,,,,,,,,,,,,,,,,,,,,,,,,,,,,,,,,,,,,,,,
397,Fig. 1,ID397__fig1.png,GRID,140,PIECE_RELATION,,,,,,,,,,,,,,,,,,,,"102,574,445,628",,,,,,NO_SELECTED_PANEL_DESCENDANT,0,0,,,CONTAINMENT,,,,,,,,,,,,,,,,,,,,,,,,,,,,,,,,,
397,Fig. 1,ID397__fig1.png,GRID,140,ORPHAN,,,,,,,,,,,,,,,,,,,,"139,577,662,756",438,94,NO_PANEL_IN_REACH,0,left 202px share 0.00 reach 34 [gap] [share] | overlap 0px share 0.00 reach 34 [share],,,,,,,,,,,,,,,,,,,,,,,,,,,,,,,,,,,,,,,
397,Fig. 1,ID397__fig1.png,GRID,140,PIECE_RELATION,,,,,,,,,,,,,,,,,,,,"139,577,662,756",,,,,,NO_SELECTED_PANEL_DESCENDANT,0,0,,,CONTAINMENT,,,,,,,,,,,,,,,,,,,,,,,,,,,,,,,,,
397,Fig. 1,ID397__fig1.png,GRID,140,ORPHAN,,,,,,,,,,,,,,"left@32px:710,777,494,607;left@32px:710,777,494,607",,,,,,"619,678,465,680",59,215,AMBIGUOUS_2,2,left 32px share 1.00 reach 34 | overlap 0px share 0.40 reach 34 [share] | right 88px share 0.40 reach 34 [gap] [share],,,,,,,,,,,,,,,,,,,,,,,,,,,,,,,,,,,,,,,
397,Fig. 1,ID397__fig1.png,GRID,140,PIECE_RELATION,,,,,,,,,,,,,,,,,,,,"619,678,465,680",,,,,,OPPOSITE_HALF_MULTIPLE_PANELS,2,0,"710,777,494,607;710,777,494,607",,CONTAINMENT,,,,,,,,,,,,,,,,,,,,,,,,,,,,,,,,,
397,Fig. 1,ID397__fig1.png,GRID,140,ORPHAN,,,,,,,,,,,,,,,,,,,,"94,578,793,1419",484,626,NO_PANEL_IN_REACH,0,left 201px share 1.00 reach 34 [gap] | overlap 0px share 1.00 reach 34,,,,,,,,,,,,,,,,,,,,,,,,,,,,,,,,,,,,,,,
397,Fig. 1,ID397__fig1.png,GRID,140,PIECE_RELATION,,,,,,,,,,,,,,,,,,,,"94,578,793,1419",,,,,,OPPOSITE_AND_NESTED,10,2,"779,908,870,988;779,908,1181,1323;723,777,918,990;711,777,1245,1323;723,777,918,990;711,777,1245,1323;910,974,833,942;910,974,1155,1263;779,974,833,988;779,974,1155,1323","431,531,1147,1262;431,531,1147,1262",CONTAINMENT,,,,,,,,,,,,,,,,,,,,,,,,,,,,,,,,,
397,Fig. 1,ID397__fig1.png,GRID,140,ORPHAN,,,,,,,,,,,,,,,,,,,,"613,1102,791,1412",489,621,NO_PANEL_IN_REACH,0,overlap 0px share 1.00 reach 34 | right 82px share 1.00 reach 34 [gap],,,,,,,,,,,,,,,,,,,,,,,,,,,,,,,,,,,,,,,
397,Fig. 1,ID397__fig1.png,GRID,140,PIECE_RELATION,,,,,,,,,,,,,,,,,,,,"613,1102,791,1412",,,,,,OPPOSITE_AND_NESTED,2,10,"431,531,1147,1262;431,531,1147,1262","779,908,870,988;779,908,1181,1323;723,777,918,990;711,777,1245,1323;723,777,918,990;711,777,1245,1323;910,974,833,942;910,974,1155,1263;779,974,833,988;779,974,1155,1323",CONTAINMENT,,,,,,,,,,,,,,,,,,,,,,,,,,,,,,,,,
397,Fig. 1,ID397__fig1.png,GRID,140,ORPHAN,,,,,,,,,,,,,,,,,,,,"93,148,1438,1458",55,20,NO_PANEL_IN_REACH,0,left 419px share 0.00 reach 34 [gap] [share],,,,,,,,,,,,,,,,,,,,,,,,,,,,,,,,,,,,,,,
397,Fig. 1,ID397__fig1.png,GRID,140,PIECE_RELATION,,,,,,,,,,,,,,,,,,,,"93,148,1438,1458",,,,,,NO_SELECTED_PANEL_DESCENDANT,0,0,,,CONTAINMENT,,,,,,,,,,,,,,,,,,,,,,,,,,,,,,,,,
397,Fig. 1,ID397__fig1.png,GRID,140,ORPHAN,,,,,,,,,,,,,,,,,,,,"161,624,1437,1458",463,21,NO_PANEL_IN_REACH,0,left 155px share 0.00 reach 34 [gap] [share] | overlap 0px share 0.00 reach 34 [share],,,,,,,,,,,,,,,,,,,,,,,,,,,,,,,,,,,,,,,
397,Fig. 1,ID397__fig1.png,GRID,140,PIECE_RELATION,,,,,,,,,,,,,,,,,,,,"161,624,1437,1458",,,,,,NO_SELECTED_PANEL_DESCENDANT,0,0,,,CONTAINMENT,,,,,,,,,,,,,,,,,,,,,,,,,,,,,,,,,
397,Fig. 1,ID397__fig1.png,GRID,140,AXIS_CANDIDATES,,,,,,,,"611,1102,1078,1453",698,,,,leftmost of 2 free runs,698:1133-1335:free;699:1133-1334:free,2,0,1133-1335,905,112.5,,,,,,,,,,,,,,,,,,,,,,,,,,,,,,,,,,,,,,,,,,,,,
397,Fig. 1,ID397__fig1.png,GRID,140,AXIS_FALLBACK,,,,,,,,"611,1102,1078,1453",698,202,202,0.95,leftmost column whose run is >= 0.95 of the longest (202 px),698:202px;699:201px;922:106px;921:106px;957:94px;956:94px,,,,,,,,,,,,,,,,,,,,,,,,,,,,,,,,,,,,,,,,,,,,,,,,,,
397,Fig. 1,ID397__fig1.png,GRID,140,ORPHAN,,,,,,,,,,,,,,,,,,,,"122,153,95,110",31,15,NO_PANEL_IN_REACH,0,left 458px share 0.00 reach 34 [gap] [share],,,,,,,,,,,,,,,,,,,,,,,,,,,,,,,,,,,,,,,
397,Fig. 1,ID397__fig1.png,GRID,140,PIECE_RELATION,,,,,,,,,,,,,,,,,,,,"122,153,95,110",,,,,,NO_SELECTED_PANEL_DESCENDANT,0,0,,,CONTAINMENT,,,,,,,,,,,,,,,,,,,,,,,,,,,,,,,,,
397,Fig. 1,ID397__fig1.png,GRID,140,ORPHAN,,,,,,,,,,,,,,,,,,,,"99,153,139,330",54,191,NO_PANEL_IN_REACH,0,left 458px share 0.00 reach 34 [gap] [share],,,,,,,,,,,,,,,,,,,,,,,,,,,,,,,,,,,,,,,
397,Fig. 1,ID397__fig1.png,GRID,140,PIECE_RELATION,,,,,,,,,,,,,,,,,,,,"99,153,139,330",,,,,,NO_SELECTED_PANEL_DESCENDANT,0,0,,,CONTAINMENT,,,,,,,,,,,,,,,,,,,,,,,,,,,,,,,,,
397,Fig. 1,ID397__fig1.png,GRID,140,ORPHAN,,,,,,,,,,,,,,,,,,,,"186,557,30,251",371,221,NO_PANEL_IN_REACH,0,left 54px share 0.00 reach 34 [gap] [share],,,,,,,,,,,,,,,,,,,,,,,,,,,,,,,,,,,,,,,
397,Fig. 1,ID397__fig1.png,GRID,140,PIECE_RELATION,,,,,,,,,,,,,,,,,,,,"186,557,30,251",,,,,,NO_SELECTED_PANEL_DESCENDANT,0,0,,,CONTAINMENT,,,,,,,,,,,,,,,,,,,,,,,,,,,,,,,,,
397,Fig. 1,ID397__fig1.png,GRID,140,ORPHAN,,,,,,,,,,,,,,,,,,,,"184,560,339,402",376,63,NO_PANEL_IN_REACH,0,left 51px share 0.00 reach 34 [gap] [share],,,,,,,,,,,,,,,,,,,,,,,,,,,,,,,,,,,,,,,
397,Fig. 1,ID397__fig1.png,GRID,140,PIECE_RELATION,,,,,,,,,,,,,,,,,,,,"184,560,339,402",,,,,,NO_SELECTED_PANEL_DESCENDANT,0,0,,,CONTAINMENT,,,,,,,,,,,,,,,,,,,,,,,,,,,,,,,,,
397,Fig. 1,ID397__fig1.png,GRID,140,ORPHAN,,,,,,,,,,,,,,,,,,,,"638,670,99,113",32,14,NO_PANEL_IN_REACH,0,overlap 0px share 0.00 reach 34 [share],,,,,,,,,,,,,,,,,,,,,,,,,,,,,,,,,,,,,,,
397,Fig. 1,ID397__fig1.png,GRID,140,PIECE_RELATION,,,,,,,,,,,,,,,,,,,,"638,670,99,113",,,,,,NO_SELECTED_PANEL_DESCENDANT,0,0,,,CONTAINMENT,,,,,,,,,,,,,,,,,,,,,,,,,,,,,,,,,
397,Fig. 1,ID397__fig1.png,GRID,140,ORPHAN,,,,,,,,,,,,,,,,,,,,"624,670,142,328",46,186,NO_PANEL_IN_REACH,0,overlap 0px share 0.00 reach 34 [share],,,,,,,,,,,,,,,,,,,,,,,,,,,,,,,,,,,,,,,
397,Fig. 1,ID397__fig1.png,GRID,140,PIECE_RELATION,,,,,,,,,,,,,,,,,,,,"624,670,142,328",,,,,,NO_SELECTED_PANEL_DESCENDANT,0,0,,,CONTAINMENT,,,,,,,,,,,,,,,,,,,,,,,,,,,,,,,,,
397,Fig. 1,ID397__fig1.png,GRID,140,ORPHAN,,,,,,,,,,,,,,,,,,,,"703,1081,29,292",378,263,NO_PANEL_IN_REACH,0,overlap 0px share 0.00 reach 34 [share],,,,,,,,,,,,,,,,,,,,,,,,,,,,,,,,,,,,,,,
397,Fig. 1,ID397__fig1.png,GRID,140,PIECE_RELATION,,,,,,,,,,,,,,,,,,,,"703,1081,29,292",,,,,,NO_SELECTED_PANEL_DESCENDANT,0,0,,,CONTAINMENT,,,,,,,,,,,,,,,,,,,,,,,,,,,,,,,,,
397,Fig. 1,ID397__fig1.png,GRID,140,ORPHAN,,,,,,,,,,,,,,,,,,,,"702,1084,337,405",382,68,NO_PANEL_IN_REACH,0,overlap 0px share 0.00 reach 34 [share],,,,,,,,,,,,,,,,,,,,,,,,,,,,,,,,,,,,,,,
397,Fig. 1,ID397__fig1.png,GRID,140,PIECE_RELATION,,,,,,,,,,,,,,,,,,,,"702,1084,337,405",,,,,,NO_SELECTED_PANEL_DESCENDANT,0,0,,,CONTAINMENT,,,,,,,,,,,,,,,,,,,,,,,,,,,,,,,,,
397,Fig. 1,ID397__fig1.png,GRID,140,ORPHAN,,,,,,,,,,,,,,,,,,,,"102,574,445,628",472,183,NO_PANEL_IN_REACH,0,left 37px share 0.00 reach 34 [gap] [share],,,,,,,,,,,,,,,,,,,,,,,,,,,,,,,,,,,,,,,
397,Fig. 1,ID397__fig1.png,GRID,140,PIECE_RELATION,,,,,,,,,,,,,,,,,,,,"102,574,445,628",,,,,,NO_SELECTED_PANEL_DESCENDANT,0,0,,,CONTAINMENT,,,,,,,,,,,,,,,,,,,,,,,,,,,,,,,,,
397,Fig. 1,ID397__fig1.png,GRID,140,ORPHAN,,,,,,,,,,,,,,,,,,,,"139,577,662,756",438,94,NO_PANEL_IN_REACH,0,left 34px share 0.00 reach 34 [share],,,,,,,,,,,,,,,,,,,,,,,,,,,,,,,,,,,,,,,
397,Fig. 1,ID397__fig1.png,GRID,140,PIECE_RELATION,,,,,,,,,,,,,,,,,,,,"139,577,662,756",,,,,,NO_SELECTED_PANEL_DESCENDANT,0,0,,,CONTAINMENT,,,,,,,,,,,,,,,,,,,,,,,,,,,,,,,,,
397,Fig. 1,ID397__fig1.png,GRID,140,ORPHAN,,,,,,,,,,,,,,,,,,,,"619,678,465,680",59,215,NO_PANEL_IN_REACH,0,overlap 0px share 0.00 reach 34 [share],,,,,,,,,,,,,,,,,,,,,,,,,,,,,,,,,,,,,,,
397,Fig. 1,ID397__fig1.png,GRID,140,PIECE_RELATION,,,,,,,,,,,,,,,,,,,,"619,678,465,680",,,,,,NO_SELECTED_PANEL_DESCENDANT,0,0,,,CONTAINMENT,,,,,,,,,,,,,,,,,,,,,,,,,,,,,,,,,
397,Fig. 1,ID397__fig1.png,GRID,140,AXIS_FALLBACK,,,,,,,,"611,1102,1078,1453",698,202,202,0.95,leftmost column whose run is >= 0.95 of the longest (202 px),698:202px;699:201px;922:106px;921:106px;957:94px;956:94px,,,,,,,,,,,,,,,,,,,,,,,,,,,,,,,,,,,,,,,,,,,,,,,,,,
397,Fig. 1,ID397__fig1.png,GRID,140,AXIS_FALLBACK,,,,,,,,"611,1102,1078,1453",698,202,202,0.95,leftmost column whose run is >= 0.95 of the longest (202 px),698:202px;699:201px;922:106px;921:106px;957:94px;956:94px,,,,,,,,,,,,,,,,,,,,,,,,,,,,,,,,,,,,,,,,,,,,,,,,,,
397,Fig. 1,ID397__fig1.png,GRID,140,AXIS_FALLBACK,,,,,,,,"611,1102,1078,1453",698,202,202,0.95,leftmost column whose run is >= 0.95 of the longest (202 px),698:202px;699:201px;922:106px;921:106px;957:94px;956:94px,,,,,,,,,,,,,,,,,,,,,,,,,,,,,,,,,,,,,,,,,,,,,,,,,,
397,Fig. 1,ID397__fig1.png,GRID,140,ORPHAN,,,,33,,,,,,,,,,,,,,,,"94,578,793,1419",484,626,OFFERED,,,,,,,,,"611,1102,1078,1453",,left,,,,,,,,,,,,,,34,,,,,,,,,,,,,,,,
397,Fig. 1,ID397__fig1.png,GRID,140,GATE,,,,33,,,,,,,,,,,,,,,,"94,578,793,1419",,,,,,,,,,,,"611,1102,1078,1453",,left,False,O,X,-,X,X,-,,,,,,,,,,,,,,,,,,,,,,,
397,Fig. 1,ID397__fig1.png,GRID,140,GATE_WHY,,,,,,,,,,,,,,,,,,,,"94,578,793,1419",,,,,,,,,,,,"611,1102,1078,1453",,,,,,,,,,"축 없음, 잉크 0.073","행 겹침 0.91, 패널 행 1078-1453, 조각 793-1419",이 클립에서 캡션을 읽지 못했다,"건너는 간격 328 px, 패널 내부의 가장 큰 간격 32 px","밑변에 선 열 0.00, 축 범위 안 잉크 0.35 (교집합 0.35)",막대·눈금이 0→0개뿐이라 규칙성을 잴 수 없다,,,,,,,,,,,,,,,,,
397,Fig. 1,ID397__fig1.png,GRID,140,ORPHAN,,,,,,,,,,,,,,,,,,,,"613,1102,791,1412",489,621,NO_PANEL_IN_REACH,0,overlap 0px share 0.89 reach 34,,,,,,,,,,,,,,,,,,,,,,,,,,,,,,,,,,,,,,,
397,Fig. 1,ID397__fig1.png,GRID,140,PIECE_RELATION,,,,,,,,,,,,,,,,,,,,"613,1102,791,1412",,,,,,NO_SELECTED_PANEL_DESCENDANT,0,0,,,CONTAINMENT,,,,,,,,,,,,,,,,,,,,,,,,,,,,,,,,,
397,Fig. 1,ID397__fig1.png,GRID,140,ORPHAN,,,,,,,,,,,,,,,,,,,,"93,148,1438,1458",55,20,NO_PANEL_IN_REACH,0,left 463px share 0.75 reach 34 [gap],,,,,,,,,,,,,,,,,,,,,,,,,,,,,,,,,,,,,,,
397,Fig. 1,ID397__fig1.png,GRID,140,PIECE_RELATION,,,,,,,,,,,,,,,,,,,,"93,148,1438,1458",,,,,,NO_SELECTED_PANEL_DESCENDANT,0,0,,,CONTAINMENT,,,,,,,,,,,,,,,,,,,,,,,,,,,,,,,,,
397,Fig. 1,ID397__fig1.png,GRID,140,ORPHAN,,,,,,,,,,,,,,,,,,,,"161,624,1437,1458",463,21,NO_PANEL_IN_REACH,0,overlap 0px share 0.76 reach 34,,,,,,,,,,,,,,,,,,,,,,,,,,,,,,,,,,,,,,,
397,Fig. 1,ID397__fig1.png,GRID,140,PIECE_RELATION,,,,,,,,,,,,,,,,,,,,"161,624,1437,1458",,,,,,NO_SELECTED_PANEL_DESCENDANT,0,0,,,CONTAINMENT,,,,,,,,,,,,,,,,,,,,,,,,,,,,,,,,,
397,Fig. 1,ID397__fig1.png,GRID,140,AXIS_FALLBACK,,,,,,,,"567,678,235,550",568,32,32,0.95,leftmost column whose run is >= 0.95 of the longest (32 px),569:32px;568:32px;629:14px;669:12px;668:12px;661:12px,,,,,,,,,,,,,,,,,,,,,,,,,,,,,,,,,,,,,,,,,,,,,,,,,,
397,Fig. 1,ID397__fig1.png,GRID,140,AXIS_FALLBACK,,,,,,,,"779,908,29,237",841,63,63,0.95,leftmost column whose run is >= 0.95 of the longest (63 px),842:63px;841:63px;875:37px;809:29px;808:29px;896:19px,,,,,,,,,,,,,,,,,,,,,,,,,,,,,,,,,,,,,,,,,,,,,,,,,,
397,Fig. 1,ID397__fig1.png,GRID,140,AXIS_FALLBACK,,,,,,,,"702,777,235,550",748,56,56,0.95,leftmost column whose run is >= 0.95 of the longest (56 px),749:56px;748:56px;742:52px;741:52px;708:43px;775:31px,,,,,,,,,,,,,,,,,,,,,,,,,,,,,,,,,,,,,,,,,,,,,,,,,,
397,Fig. 1,ID397__fig1.png,GRID,140,AXIS_FALLBACK,,,,,,,,"431,531,339,550",467,42,42,0.95,leftmost column whose run is >= 0.95 of the longest (42 px),468:42px;467:42px;502:40px;501:40px;434:36px;433:36px,,,,,,,,,,,,,,,,,,,,,,,,,,,,,,,,,,,,,,,,,,,,,,,,,,
397,Fig. 1,ID397__fig1.png,GRID,140,AXIS_FALLBACK,,,,,,,,"431,531,81,227",518,49,49,0.95,leftmost column whose run is >= 0.95 of the longest (49 px),519:49px;518:49px;486:40px;485:40px;453:33px;521:15px,,,,,,,,,,,,,,,,,,,,,,,,,,,,,,,,,,,,,,,,,,,,,,,,,,
397,Fig. 1,ID397__fig1.png,GRID,140,AXIS_FALLBACK,,,,,,,,"703,777,70,237",741,33,33,0.95,leftmost column whose run is >= 0.95 of the longest (33 px),742:33px;741:33px;775:28px;774:28px;763:17px;762:17px,,,,,,,,,,,,,,,,,,,,,,,,,,,,,,,,,,,,,,,,,,,,,,,,,,
397,Fig. 1,ID397__fig1.png,GRID,140,AXIS_FALLBACK,,,,,,,,"910,974,70,237",942,28,28,0.95,leftmost column whose run is >= 0.95 of the longest (28 px),942:28px;910:16px;968:13px;933:13px;923:13px;922:13px,,,,,,,,,,,,,,,,,,,,,,,,,,,,,,,,,,,,,,,,,,,,,,,,,,
397,Fig. 1,ID397__fig1.png,GRID,140,AXIS_FALLBACK,,,,,,,,"624,670,99,237",642,14,14,0.95,leftmost column whose run is >= 0.95 of the longest (14 px),654:14px;653:14px;643:14px;642:14px;656:13px;668:12px,,,,,,,,,,,,,,,,,,,,,,,,,,,,,,,,,,,,,,,,,,,,,,,,,,
397,Fig. 1,ID397__fig1.png,GRID,140,AXIS_FALLBACK,,,,,,,,"779,974,235,550",781,71,72,0.95,leftmost column whose run is >= 0.95 of the longest (72 px),913:72px;912:72px;782:71px;781:71px;946:55px;945:55px,,,,,,,,,,,,,,,,,,,,,,,,,,,,,,,,,,,,,,,,,,,,,,,,,,
397,Fig. 1,ID397__fig1.png,GRID,140,AXIS_FALLBACK,,,,,,,,"567,677,1147,1275",569,117,117,0.95,leftmost column whose run is >= 0.95 of the longest (117 px),570:117px;569:117px;674:14px;673:14px;669:13px;675:12px,,,,,,,,,,,,,,,,,,,,,,,,,,,,,,,,,,,,,,,,,,,,,,,,,,
397,Fig. 1,ID397__fig1.png,GRID,140,AXIS_FALLBACK,,,,,,,,"779,908,870,988",891,60,60,0.95,leftmost column whose run is >= 0.95 of the longest (60 px),891:60px;859:40px;858:40px;890:36px;794:35px;793:35px,,,,,,,,,,,,,,,,,,,,,,,,,,,,,,,,,,,,,,,,,,,,,,,,,,
397,Fig. 1,ID397__fig1.png,GRID,140,AXIS_FALLBACK,,,,,,,,"779,908,1181,1323",853,80,80,0.95,leftmost column whose run is >= 0.95 of the longest (80 px),853:80px;785:71px;784:71px;819:68px;818:68px;888:62px,,,,,,,,,,,,,,,,,,,,,,,,,,,,,,,,,,,,,,,,,,,,,,,,,,
397,Fig. 1,ID397__fig1.png,GRID,140,AXIS_FALLBACK,,,,,,,,"710,777,494,607",748,100,100,0.95,leftmost column whose run is >= 0.95 of the longest (100 px),749:100px;748:100px;716:85px;715:85px;719:13px;740:12px,,,,,,,,,,,,,,,,,,,,,,,,,,,,,,,,,,,,,,,,,,,,,,,,,,
397,Fig. 1,ID397__fig1.png,GRID,140,AXIS_FALLBACK,,,,,,,,"723,777,918,990",728,53,53,0.95,leftmost column whose run is >= 0.95 of the longest (53 px),728:53px;761:45px;760:45px;733:14px;748:13px;734:13px,,,,,,,,,,,,,,,,,,,,,,,,,,,,,,,,,,,,,,,,,,,,,,,,,,
397,Fig. 1,ID397__fig1.png,GRID,140,AXIS_FALLBACK,,,,,,,,"711,777,1245,1323",715,67,70,0.95,leftmost column whose run is >= 0.95 of the longest (70 px),750:70px;749:70px;716:67px;715:67px;720:8px;719:7px,,,,,,,,,,,,,,,,,,,,,,,,,,,,,,,,,,,,,,,,,,,,,,,,,,
397,Fig. 1,ID397__fig1.png,GRID,140,AXIS_FALLBACK,,,,,,,,"431,531,1147,1262",433,103,103,0.95,leftmost column whose run is >= 0.95 of the longest (103 px),433:103px;502:102px;501:102px;468:80px;467:80px;434:7px,,,,,,,,,,,,,,,,,,,,,,,,,,,,,,,,,,,,,,,,,,,,,,,,,,
397,Fig. 1,ID397__fig1.png,GRID,140,AXIS_FALLBACK,,,,,,,,"431,531,1147,1262",433,103,103,0.95,leftmost column whose run is >= 0.95 of the longest (103 px),433:103px;502:102px;501:102px;468:80px;467:80px;434:7px,,,,,,,,,,,,,,,,,,,,,,,,,,,,,,,,,,,,,,,,,,,,,,,,,,
397,Fig. 1,ID397__fig1.png,GRID,140,AXIS_FALLBACK,,,,,,,,"710,777,494,607",748,100,100,0.95,leftmost column whose run is >= 0.95 of the longest (100 px),749:100px;748:100px;716:85px;715:85px;719:13px;740:12px,,,,,,,,,,,,,,,,,,,,,,,,,,,,,,,,,,,,,,,,,,,,,,,,,,
397,Fig. 1,ID397__fig1.png,GRID,140,AXIS_FALLBACK,,,,,,,,"723,777,918,990",728,53,53,0.95,leftmost column whose run is >= 0.95 of the longest (53 px),728:53px;761:45px;760:45px;733:14px;748:13px;734:13px,,,,,,,,,,,,,,,,,,,,,,,,,,,,,,,,,,,,,,,,,,,,,,,,,,
397,Fig. 1,ID397__fig1.png,GRID,140,AXIS_FALLBACK,,,,,,,,"711,777,1245,1323",715,67,70,0.95,leftmost column whose run is >= 0.95 of the longest (70 px),750:70px;749:70px;716:67px;715:67px;720:8px;719:7px,,,,,,,,,,,,,,,,,,,,,,,,,,,,,,,,,,,,,,,,,,,,,,,,,,
397,Fig. 1,ID397__fig1.png,GRID,140,AXIS_FALLBACK,,,,,,,,"910,974,833,942",923,109,109,0.95,leftmost column whose run is >= 0.95 of the longest (109 px),923:109px;924:108px;956:95px;957:7px;955:7px;922:7px,,,,,,,,,,,,,,,,,,,,,,,,,,,,,,,,,,,,,,,,,,,,,,,,,,
397,Fig. 1,ID397__fig1.png,GRID,140,AXIS_FALLBACK,,,,,,,,"910,974,1155,1263",921,106,106,0.95,leftmost column whose run is >= 0.95 of the longest (106 px),922:106px;921:106px;957:94px;956:94px;920:8px;919:8px,,,,,,,,,,,,,,,,,,,,,,,,,,,,,,,,,,,,,,,,,,,,,,,,,,
397,Fig. 1,ID397__fig1.png,GRID,140,AXIS_FALLBACK,,,,,,,,"779,974,833,988",923,109,109,0.95,leftmost column whose run is >= 0.95 of the longest (109 px),923:109px;924:108px;956:95px;891:60px;859:40px;858:40px,,,,,,,,,,,,,,,,,,,,,,,,,,,,,,,,,,,,,,,,,,,,,,,,,,
397,Fig. 1,ID397__fig1.png,GRID,140,AXIS_FALLBACK,,,,,,,,"779,974,1155,1323",921,106,106,0.95,leftmost column whose run is >= 0.95 of the longest (106 px),922:106px;921:106px;957:94px;956:94px;853:80px;785:71px,,,,,,,,,,,,,,,,,,,,,,,,,,,,,,,,,,,,,,,,,,,,,,,,,,
397,Fig. 1,ID397__fig1.png,GRID,140,AXIS_FALLBACK,,,,,,,,"611,1102,1078,1453",698,202,202,0.95,leftmost column whose run is >= 0.95 of the longest (202 px),698:202px;699:201px;922:106px;921:106px;957:94px;956:94px,,,,,,,,,,,,,,,,,,,,,,,,,,,,,,,,,,,,,,,,,,,,,,,,,,
397,Fig. 1,ID397__fig1.png,GRID,140,AXIS_FALLBACK,,,,,,,,"779,908,870,988",891,60,60,0.95,leftmost column whose run is >= 0.95 of the longest (60 px),891:60px;859:40px;858:40px;890:36px;794:35px;793:35px,,,,,,,,,,,,,,,,,,,,,,,,,,,,,,,,,,,,,,,,,,,,,,,,,,
397,Fig. 1,ID397__fig1.png,GRID,140,AXIS_CANDIDATES,,,,,,,,"779,908,870,988",,,,,no run long enough,,0,0,,856,35.4,,,,,,,,,,,,,,,,,,,,,,,,,,,,,,,,,,,,,,,,,,,,,
397,Fig. 1,ID397__fig1.png,GRID,140,AXIS_FALLBACK,,,,,,,,"431,531,1147,1262",433,103,103,0.95,leftmost column whose run is >= 0.95 of the longest (103 px),433:103px;502:102px;501:102px;468:80px;467:80px;434:7px,,,,,,,,,,,,,,,,,,,,,,,,,,,,,,,,,,,,,,,,,,,,,,,,,,
397,Fig. 1,ID397__fig1.png,GRID,140,AXIS_CANDIDATES,,,,,,,,"431,531,1147,1262",467,,,,leftmost of 2 free runs,467:1157-1237:free;468:1157-1237:free;433:1159-1262:clipped,2,1,1157-1237,491,34.5,,,,,,,,,,,,,,,,,,,,,,,,,,,,,,,,,,,,,,,,,,,,,
397,Fig. 1,ID397__fig1.png,GRID,140,AXIS_FALLBACK,,,,,,,,"779,974,1155,1323",921,106,106,0.95,leftmost column whose run is >= 0.95 of the longest (106 px),922:106px;921:106px;957:94px;956:94px;853:80px;785:71px,,,,,,,,,,,,,,,,,,,,,,,,,,,,,,,,,,,,,,,,,,,,,,,,,,
397,Fig. 1,ID397__fig1.png,GRID,140,AXIS_CANDIDATES,,,,,,,,"779,974,1155,1323",818,,,,leftmost of 5 free runs,818:1244-1312:free;819:1244-1312:free;853:1230-1310:free;887:1181-1243:free;888:1181-1243:free;784:1252-1323:clipped;785:1252-1323:clipped,5,2,1244-1312,896,50.4,,,,,,,,,,,,,,,,,,,,,,,,,,,,,,,,,,,,,,,,,,,,,
397,Fig. 1,ID397__fig1.png,GRID,140,AXIS_FALLBACK,,,,,,,,"779,974,833,988",923,109,109,0.95,leftmost column whose run is >= 0.95 of the longest (109 px),923:109px;924:108px;956:95px;891:60px;859:40px;858:40px,,,,,,,,,,,,,,,,,,,,,,,,,,,,,,,,,,,,,,,,,,,,,,,,,,
397,Fig. 1,ID397__fig1.png,GRID,140,AXIS_CANDIDATES,,,,,,,,"779,974,833,988",891,,,,leftmost of 1 free runs,891:870-930:free,1,0,870-930,896,46.5,,,,,,,,,,,,,,,,,,,,,,,,,,,,,,,,,,,,,,,,,,,,,
397,Fig. 1,ID397__fig1.png,GRID,140,AXIS_FALLBACK,,,,,,,,"779,908,1181,1323",853,80,80,0.95,leftmost column whose run is >= 0.95 of the longest (80 px),853:80px;785:71px;784:71px;819:68px;818:68px;888:62px,,,,,,,,,,,,,,,,,,,,,,,,,,,,,,,,,,,,,,,,,,,,,,,,,,
397,Fig. 1,ID397__fig1.png,GRID,140,AXIS_CANDIDATES,,,,,,,,"779,908,1181,1323",818,,,,leftmost of 3 free runs,818:1244-1312:free;819:1244-1312:free;853:1230-1310:free;784:1252-1323:clipped;785:1252-1323:clipped,3,2,1244-1312,856,42.6,,,,,,,,,,,,,,,,,,,,,,,,,,,,,,,,,,,,,,,,,,,,,
397,Fig. 1,ID397__fig1.png,GRID,140,AXIS_FALLBACK,,,,,,,,"567,677,1147,1275",569,117,117,0.95,leftmost column whose run is >= 0.95 of the longest (117 px),570:117px;569:117px;674:14px;673:14px;669:13px;675:12px,,,,,,,,,,,,,,,,,,,,,,,,,,,,,,,,,,,,,,,,,,,,,,,,,,
397,Fig. 1,ID397__fig1.png,GRID,140,AXIS_CANDIDATES,,,,,,,,"567,677,1147,1275",569,,,,no free run; leftmost of 2 clipped,569:1147-1264:clipped;570:1147-1264:clipped,0,2,1147-1264,633,38.4,,,,,,,,,,,,,,,,,,,,,,,,,,,,,,,,,,,,,,,,,,,,,
397,Fig. 1,ID397__fig1.png,GRID,140,AXIS_FALLBACK,,,,,,,,"710,777,494,607",748,100,100,0.95,leftmost column whose run is >= 0.95 of the longest (100 px),749:100px;748:100px;716:85px;715:85px;719:13px;740:12px,,,,,,,,,,,,,,,,,,,,,,,,,,,,,,,,,,,,,,,,,,,,,,,,,,
397,Fig. 1,ID397__fig1.png,GRID,140,AXIS_CANDIDATES,,,,,,,,"710,777,494,607",715,,,,no free run; leftmost of 4 clipped,715:522-607:clipped;716:522-607:clipped;748:494-594:clipped;749:494-594:clipped,0,4,522-607,750,33.9,,,,,,,,,,,,,,,,,,,,,,,,,,,,,,,,,,,,,,,,,,,,,
397,Fig. 1,ID397__fig1.png,GRID,140,AXIS_FALLBACK,,,,,,,,"910,974,833,942",923,109,109,0.95,leftmost column whose run is >= 0.95 of the longest (109 px),923:109px;924:108px;956:95px;957:7px;955:7px;922:7px,,,,,,,,,,,,,,,,,,,,,,,,,,,,,,,,,,,,,,,,,,,,,,,,,,
397,Fig. 1,ID397__fig1.png,GRID,140,AXIS_CANDIDATES,,,,,,,,"910,974,833,942",923,,,,no free run; leftmost of 2 clipped,923:833-942:clipped;924:833-941:clipped,0,2,833-942,948,32.7,,,,,,,,,,,,,,,,,,,,,,,,,,,,,,,,,,,,,,,,,,,,,
397,Fig. 1,ID397__fig1.png,GRID,140,AXIS_FALLBACK,,,,,,,,"910,974,1155,1263",921,106,106,0.95,leftmost column whose run is >= 0.95 of the longest (106 px),922:106px;921:106px;957:94px;956:94px;920:8px;919:8px,,,,,,,,,,,,,,,,,,,,,,,,,,,,,,,,,,,,,,,,,,,,,,,,,,
397,Fig. 1,ID397__fig1.png,GRID,140,AXIS_CANDIDATES,,,,,,,,"910,974,1155,1263",921,,,,no free run; leftmost of 2 clipped,921:1157-1263:clipped;922:1157-1263:clipped,0,2,1157-1263,948,32.4,,,,,,,,,,,,,,,,,,,,,,,,,,,,,,,,,,,,,,,,,,,,,
397,Fig. 1,ID397__fig1.png,GRID,140,AXIS_FALLBACK,,,,,,,,"711,777,1245,1323",715,67,70,0.95,leftmost column whose run is >= 0.95 of the longest (70 px),750:70px;749:70px;716:67px;715:67px;720:8px;719:7px,,,,,,,,,,,,,,,,,,,,,,,,,,,,,,,,,,,,,,,,,,,,,,,,,,
397,Fig. 1,ID397__fig1.png,GRID,140,AXIS_CANDIDATES,,,,,,,,"711,777,1245,1323",715,,,,no free run; leftmost of 3 clipped,715:1245-1312:clipped;716:1245-1312:clipped;749:1253-1323:clipped,0,3,1245-1312,750,23.4,,,,,,,,,,,,,,,,,,,,,,,,,,,,,,,,,,,,,,,,,,,,,
397,Fig. 1,ID397__fig1.png,GRID,140,AXIS_FALLBACK,,,,,,,,"723,777,918,990",728,53,53,0.95,leftmost column whose run is >= 0.95 of the longest (53 px),728:53px;761:45px;760:45px;733:14px;748:13px;734:13px,,,,,,,,,,,,,,,,,,,,,,,,,,,,,,,,,,,,,,,,,,,,,,,,,,
397,Fig. 1,ID397__fig1.png,GRID,140,AXIS_CANDIDATES,,,,,,,,"723,777,918,990",728,,,,no free run; leftmost of 1 clipped,728:918-971:clipped,0,1,918-971,755,21.6,,,,,,,,,,,,,,,,,,,,,,,,,,,,,,,,,,,,,,,,,,,,,
397,Fig. 1,ID397__fig1.png,OFF,158,CUT,1,row,0,405-441,36,"0,1142,0,423","0,1142,423,1460",,,,,,,,,,,,,,,,,,,,,,,,,,,,,,,,,,,,,,,,,,,,,,,,,,,,,,,,,
397,Fig. 1,ID397__fig1.png,OFF,158,CUT,2,col,1,568-624,56,"0,596,0,423","596,1142,0,423",,,,,,,,,,,,,,,,,,,,,,,,,,,,,,,,,,,,,,,,,,,,,,,,,,,,,,,,,
397,Fig. 1,ID397__fig1.png,OFF,158,CUT,3,row,2,46-76,30,"0,596,0,61","0,596,61,423",,,,,,,,,,,,,,,,,,,,,,,,,,,,,,,,,,,,,,,,,,,,,,,,,,,,,,,,,
397,Fig. 1,ID397__fig1.png,OFF,158,CUT,4,row,3,286-315,29,"0,596,61,300","0,596,300,423",,,,,,,,,,,,,,,,,,,,,,,,,,,,,,,,,,,,,,,,,,,,,,,,,,,,,,,,,
397,Fig. 1,ID397__fig1.png,OFF,158,CUT,5,row,2,46-69,23,"596,1142,0,57","596,1142,57,423",,,,,,,,,,,,,,,,,,,,,,,,,,,,,,,,,,,,,,,,,,,,,,,,,,,,,,,,,
397,Fig. 1,ID397__fig1.png,OFF,158,CUT,6,row,3,292-314,22,"596,1142,57,303","596,1142,303,423",,,,,,,,,,,,,,,,,,,,,,,,,,,,,,,,,,,,,,,,,,,,,,,,,,,,,,,,,
397,Fig. 1,ID397__fig1.png,OFF,158,CUT,7,row,1,756-791,35,"0,1142,423,773","0,1142,773,1460",,,,,,,,,,,,,,,,,,,,,,,,,,,,,,,,,,,,,,,,,,,,,,,,,,,,,,,,,
397,Fig. 1,ID397__fig1.png,OFF,158,CUT,8,col,2,577-619,42,"0,598,423,773","598,1142,423,773",,,,,,,,,,,,,,,,,,,,,,,,,,,,,,,,,,,,,,,,,,,,,,,,,,,,,,,,,
397,Fig. 1,ID397__fig1.png,OFF,158,CUT,9,row,3,628-662,34,"0,598,423,645","0,598,645,773",,,,,,,,,,,,,,,,,,,,,,,,,,,,,,,,,,,,,,,,,,,,,,,,,,,,,,,,,
397,Fig. 1,ID397__fig1.png,OFF,158,CUT,10,row,3,641-665,24,"598,1142,423,653","598,1142,653,773",,,,,,,,,,,,,,,,,,,,,,,,,,,,,,,,,,,,,,,,,,,,,,,,,,,,,,,,,
397,Fig. 1,ID397__fig1.png,OFF,158,CUT,11,row,2,1419-1437,18,"0,1142,773,1428","0,1142,1428,1460",,,,,,,,,,,,,,,,,,,,,,,,,,,,,,,,,,,,,,,,,,,,,,,,,,,,,,,,,
397,Fig. 1,ID397__fig1.png,OFF,158,CUT,12,col,3,586-613,27,"0,599,773,1428","599,1142,773,1428",,,,,,,,,,,,,,,,,,,,,,,,,,,,,,,,,,,,,,,,,,,,,,,,,,,,,,,,,
397,Fig. 1,ID397__fig1.png,OFF,158,CUT,13,col,3,148-161,13,"0,154,1428,1460","154,1142,1428,1460",,,,,,,,,,,,,,,,,,,,,,,,,,,,,,,,,,,,,,,,,,,,,,,,,,,,,,,,,
397,Fig. 1,ID397__fig1.png,OFF,158,AXIS_FALLBACK,,,,,,,,"102,574,445,628",181,152,152,0.95,leftmost column whose run is >= 0.95 of the longest (152 px),181:152px;367:64px;366:64px;468:63px;467:63px;299:60px,,,,,,,,,,,,,,,,,,,,,,,,,,,,,,,,,,,,,,,,,,,,,,,,,,
397,Fig. 1,ID397__fig1.png,OFF,158,AXIS_FALLBACK,,,,,,,,"619,1083,441,641",1077,147,147,0.95,leftmost column whose run is >= 0.95 of the longest (147 px),1078:147px;1077:147px;913:123px;912:123px;1045:120px;1044:120px,,,,,,,,,,,,,,,,,,,,,,,,,,,,,,,,,,,,,,,,,,,,,,,,,,
397,Fig. 1,ID397__fig1.png,OFF,158,AXIS_FALLBACK,,,,,,,,"102,574,445,628",181,152,152,0.95,leftmost column whose run is >= 0.95 of the longest (152 px),181:152px;367:64px;366:64px;468:63px;467:63px;299:60px,,,,,,,,,,,,,,,,,,,,,,,,,,,,,,,,,,,,,,,,,,,,,,,,,,
397,Fig. 1,ID397__fig1.png,OFF,158,AXIS_FALLBACK,,,,,,,,"619,1083,441,641",1077,147,147,0.95,leftmost column whose run is >= 0.95 of the longest (147 px),1078:147px;1077:147px;913:123px;912:123px;1045:120px;1044:120px,,,,,,,,,,,,,,,,,,,,,,,,,,,,,,,,,,,,,,,,,,,,,,,,,,
397,Fig. 1,ID397__fig1.png,OFF,158,AXIS_FALLBACK,,,,,,,,"102,568,139,260",321,75,75,0.95,leftmost column whose run is >= 0.95 of the longest (75 px),322:75px;321:75px;421:67px;420:67px;519:49px;518:49px,,,,,,,,,,,,,,,,,,,,,,,,,,,,,,,,,,,,,,,,,,,,,,,,,,
397,Fig. 1,ID397__fig1.png,OFF,158,AXIS_FALLBACK,,,,,,,,"105,574,1098,1339",176,205,205,0.95,leftmost column whose run is >= 0.95 of the longest (205 px),176:205px;177:204px;365:124px;364:124px;570:117px;569:117px,,,,,,,,,,,,,,,,,,,,,,,,,,,,,,,,,,,,,,,,,,,,,,,,,,
397,Fig. 1,ID397__fig1.png,OFF,158,AXIS_FALLBACK,,,,,,,,"624,1083,174,292",841,98,98,0.95,leftmost column whose run is >= 0.95 of the longest (98 px),842:98px;841:98px;876:77px;875:77px;1009:72px;1008:72px,,,,,,,,,,,,,,,,,,,,,,,,,,,,,,,,,,,,,,,,,,,,,,,,,,
397,Fig. 1,ID397__fig1.png,OFF,158,AXIS_FALLBACK,,,,,,,,"619,1083,821,990",923,109,109,0.95,leftmost column whose run is >= 0.95 of the longest (109 px),924:109px;923:109px;1054:97px;1053:97px;956:96px;1021:69px,,,,,,,,,,,,,,,,,,,,,,,,,,,,,,,,,,,,,,,,,,,,,,,,,,
397,Fig. 1,ID397__fig1.png,OFF,158,AXIS_FALLBACK,,,,,,,,"627,1083,1107,1342",698,204,204,0.95,leftmost column whose run is >= 0.95 of the longest (204 px),698:204px;699:202px;922:107px;921:107px;957:95px;956:94px,,,,,,,,,,,,,,,,,,,,,,,,,,,,,,,,,,,,,,,,,,,,,,,,,,
397,Fig. 1,ID397__fig1.png,OFF,158,AXIS_CANDIDATES,,,,,,,,"102,574,445,628",299,,,,leftmost of 3 free runs,299:504-564:free;366:507-571:free;367:507-571:free;181:476-668:clipped,3,1,504-564,385,54.9,,,,,,,,,,,,,,,,,,,,,,,,,,,,,,,,,,,,,,,,,,,,,
397,Fig. 1,ID397__fig1.png,OFF,158,AXIS_FALLBACK,,,,,,,,"102,574,445,628",181,152,152,0.95,leftmost column whose run is >= 0.95 of the longest (152 px),181:152px;367:64px;366:64px;468:63px;467:63px;299:60px,,,,,,,,,,,,,,,,,,,,,,,,,,,,,,,,,,,,,,,,,,,,,,,,,,
397,Fig. 1,ID397__fig1.png,OFF,158,AXIS_CANDIDATES,,,,,,,,"619,1083,441,641",715,,,,leftmost of 11 free runs,715:522-607:free;716:522-607:free;748:494-594:free;749:494-594:free;781:479-591:free;782:479-591:free;814:508-601:free;815:508-601:free;846:511-604:free;847:511-604:free;880:498-600:free,11,0,522-607,897,60.0,,,,,,,,,,,,,,,,,,,,,,,,,,,,,,,,,,,,,,,,,,,,,
397,Fig. 1,ID397__fig1.png,OFF,158,AXIS_FALLBACK,,,,,,,,"619,1083,441,641",1077,147,147,0.95,leftmost column whose run is >= 0.95 of the longest (147 px),1078:147px;1077:147px;913:123px;912:123px;1045:120px;1044:120px,,,,,,,,,,,,,,,,,,,,,,,,,,,,,,,,,,,,,,,,,,,,,,,,,,
397,Fig. 1,ID397__fig1.png,OFF,158,AXIS_CANDIDATES,,,,,,,,"102,568,139,260",190,,,,leftmost of 6 free runs,190:206-251:free;191:206-251:free;321:147-222:free;322:147-222:free;354:182-227:free;355:182-227:free,6,0,206-251,381,36.3,,,,,,,,,,,,,,,,,,,,,,,,,,,,,,,,,,,,,,,,,,,,,
397,Fig. 1,ID397__fig1.png,OFF,158,AXIS_FALLBACK,,,,,,,,"102,568,139,260",321,75,75,0.95,leftmost column whose run is >= 0.95 of the longest (75 px),322:75px;321:75px;421:67px;420:67px;519:49px;518:49px,,,,,,,,,,,,,,,,,,,,,,,,,,,,,,,,,,,,,,,,,,,,,,,,,,
397,Fig. 1,ID397__fig1.png,OFF,158,AXIS_CANDIDATES,,,,,,,,"105,574,1098,1339",176,,,,leftmost of 13 free runs,176:1128-1333:free;177:1128-1332:free;193:1205-1304:free;194:1205-1304:free;227:1195-1306:free;228:1195-1306:free;262:1204-1310:free;296:1205-1322:free;297:1205-1322:free;330:1207-1316:free;331:1207-1316:free;364:1178-1302:free;365:1178-1302:free,13,0,1128-1333,386,72.3,,,,,,,,,,,,,,,,,,,,,,,,,,,,,,,,,,,,,,,,,,,,,
397,Fig. 1,ID397__fig1.png,OFF,158,AXIS_FALLBACK,,,,,,,,"105,574,1098,1339",176,205,205,0.95,leftmost column whose run is >= 0.95 of the longest (205 px),176:205px;177:204px;365:124px;364:124px;570:117px;569:117px,,,,,,,,,,,,,,,,,,,,,,,,,,,,,,,,,,,,,,,,,,,,,,,,,,
397,Fig. 1,ID397__fig1.png,OFF,158,AXIS_CANDIDATES,,,,,,,,"624,1083,174,292",707,,,,leftmost of 4 free runs,707:236-279:free;708:236-279:free;875:200-277:free;876:200-277:free;741:240-292:clipped;742:240-292:clipped;841:174-272:clipped;842:174-272:clipped,4,4,236-279,899,35.4,,,,,,,,,,,,,,,,,,,,,,,,,,,,,,,,,,,,,,,,,,,,,
397,Fig. 1,ID397__fig1.png,OFF,158,AXIS_FALLBACK,,,,,,,,"624,1083,174,292",841,98,98,0.95,leftmost column whose run is >= 0.95 of the longest (98 px),842:98px;841:98px;876:77px;875:77px;1009:72px;1008:72px,,,,,,,,,,,,,,,,,,,,,,,,,,,,,,,,,,,,,,,,,,,,,,,,,,
397,Fig. 1,ID397__fig1.png,OFF,158,AXIS_CANDIDATES,,,,,,,,"619,1083,821,990",728,,,,leftmost of 3 free runs,728:918-972:free;890:870-930:free;891:870-930:free,3,0,918-972,897,50.7,,,,,,,,,,,,,,,,,,,,,,,,,,,,,,,,,,,,,,,,,,,,,
397,Fig. 1,ID397__fig1.png,OFF,158,AXIS_FALLBACK,,,,,,,,"619,1083,821,990",923,109,109,0.95,leftmost column whose run is >= 0.95 of the longest (109 px),924:109px;923:109px;1054:97px;1053:97px;956:96px;1021:69px,,,,,,,,,,,,,,,,,,,,,,,,,,,,,,,,,,,,,,,,,,,,,,,,,,
397,Fig. 1,ID397__fig1.png,OFF,158,AXIS_CANDIDATES,,,,,,,,"627,1083,1107,1342",698,,,,leftmost of 6 free runs,698:1132-1336:free;699:1133-1335:free;784:1252-1323:free;785:1252-1323:free;852:1230-1310:free;853:1230-1310:free,6,0,1132-1336,900,70.5,,,,,,,,,,,,,,,,,,,,,,,,,,,,,,,,,,,,,,,,,,,,,
397,Fig. 1,ID397__fig1.png,OFF,158,AXIS_FALLBACK,,,,,,,,"627,1083,1107,1342",698,204,204,0.95,leftmost column whose run is >= 0.95 of the longest (204 px),698:204px;699:202px;922:107px;921:107px;957:95px;956:94px,,,,,,,,,,,,,,,,,,,,,,,,,,,,,,,,,,,,,,,,,,,,,,,,,,
397,Fig. 1,ID397__fig1.png,OFF,158,ORPHAN,,,,,,,,,,,,,,,,,,,,"352,400,30,46",48,16,NO_PANEL_IN_REACH,0,left 219px share 0.00 reach 220 [share] | overlap 0px share 0.00 reach 34 [share],,,,,,,,,,,,,,,,,,,,,,,,,,,,,,,,,,,,,,,
397,Fig. 1,ID397__fig1.png,OFF,158,PIECE_RELATION,,,,,,,,,,,,,,,,,,,,"352,400,30,46",,,,,,OPPOSITE_HALF_UNIQUE_PANEL,1,0,"102,568,139,260",,CONTAINMENT,,,,,,,,,,,,,,,,,,,,,,,,,,,,,,,,,
397,Fig. 1,ID397__fig1.png,OFF,158,AXIS_FALLBACK,,,,,,,,"102,568,139,260",321,75,75,0.95,leftmost column whose run is >= 0.95 of the longest (75 px),322:75px;321:75px;421:67px;420:67px;519:49px;518:49px,,,,,,,,,,,,,,,,,,,,,,,,,,,,,,,,,,,,,,,,,,,,,,,,,,
397,Fig. 1,ID397__fig1.png,OFF,158,AXIS_FALLBACK,,,,,,,,"102,568,139,260",321,75,75,0.95,leftmost column whose run is >= 0.95 of the longest (75 px),322:75px;321:75px;421:67px;420:67px;519:49px;518:49px,,,,,,,,,,,,,,,,,,,,,,,,,,,,,,,,,,,,,,,,,,,,,,,,,,
397,Fig. 1,ID397__fig1.png,OFF,158,AXIS_FALLBACK,,,,,,,,"102,568,139,260",321,75,75,0.95,leftmost column whose run is >= 0.95 of the longest (75 px),322:75px;321:75px;421:67px;420:67px;519:49px;518:49px,,,,,,,,,,,,,,,,,,,,,,,,,,,,,,,,,,,,,,,,,,,,,,,,,,
397,Fig. 1,ID397__fig1.png,OFF,158,GATE_SHADOW,3,,,,30,,,,,,,,,,,,,,,"352,400,30,46",,,,,,,,,,,,"102,568,139,260",row,above,False,O,X,-,O,X,-,,,,,,,,,,,,,,,,,,,,,,,
397,Fig. 1,ID397__fig1.png,OFF,158,GATE_SHADOW_WHY,,,,,,,,,,,,,,,,,,,,"352,400,30,46",,,,,,,,,,,,"102,568,139,260",,,,,,,,,,"축 없음, 잉크 0.594","행 겹침 -5.81, 패널 행 139-260, 조각 30-46",이 클립에서 캡션을 읽지 못했다,"건너는 간격 0 px, 패널 내부의 가장 큰 간격 0 px","밑변에 선 열 0.00, 축 범위 안 잉크 0.72 (교집합 0.00)",막대·눈금이 1→0개뿐이라 규칙성을 잴 수 없다,,,,,,,,,,,,,,,,,
397,Fig. 1,ID397__fig1.png,OFF,158,ORPHAN,,,,,,,,,,,,,,,,,,,,"99,568,76,286",469,210,NO_PANEL_IN_REACH,0,left 56px share 0.95 reach 34 [gap] | overlap 0px share 1.00 reach 34,,,,,,,,,,,,,,,,,,,,,,,,,,,,,,,,,,,,,,,
397,Fig. 1,ID397__fig1.png,OFF,158,PIECE_RELATION,,,,,,,,,,,,,,,,,,,,"99,568,76,286",,,,,,SAME_HALF_NESTED_PANEL,0,1,,"102,568,139,260",CONTAINMENT,,,,,,,,,,,,,,,,,,,,,,,,,,,,,,,,,
397,Fig. 1,ID397__fig1.png,OFF,158,ORPHAN,,,,,,,,,,,,,,,,,,,,"132,568,315,402",436,87,NO_PANEL_IN_REACH,0,left 51px share 0.00 reach 220 [share] | overlap 0px share 0.00 reach 34 [share],,,,,,,,,,,,,,,,,,,,,,,,,,,,,,,,,,,,,,,
397,Fig. 1,ID397__fig1.png,OFF,158,PIECE_RELATION,,,,,,,,,,,,,,,,,,,,"132,568,315,402",,,,,,OPPOSITE_HALF_UNIQUE_PANEL,1,0,"102,568,139,260",,CONTAINMENT,,,,,,,,,,,,,,,,,,,,,,,,,,,,,,,,,
397,Fig. 1,ID397__fig1.png,OFF,158,AXIS_FALLBACK,,,,,,,,"102,568,139,260",321,75,75,0.95,leftmost column whose run is >= 0.95 of the longest (75 px),322:75px;321:75px;421:67px;420:67px;519:49px;518:49px,,,,,,,,,,,,,,,,,,,,,,,,,,,,,,,,,,,,,,,,,,,,,,,,,,
397,Fig. 1,ID397__fig1.png,OFF,158,AXIS_FALLBACK,,,,,,,,"102,568,139,260",321,75,75,0.95,leftmost column whose run is >= 0.95 of the longest (75 px),322:75px;321:75px;421:67px;420:67px;519:49px;518:49px,,,,,,,,,,,,,,,,,,,,,,,,,,,,,,,,,,,,,,,,,,,,,,,,,,
397,Fig. 1,ID397__fig1.png,OFF,158,AXIS_FALLBACK,,,,,,,,"102,568,139,260",321,75,75,0.95,leftmost column whose run is >= 0.95 of the longest (75 px),322:75px;321:75px;421:67px;420:67px;519:49px;518:49px,,,,,,,,,,,,,,,,,,,,,,,,,,,,,,,,,,,,,,,,,,,,,,,,,,
397,Fig. 1,ID397__fig1.png,OFF,158,GATE_SHADOW,4,,,,29,,,,,,,,,,,,,,,"132,568,315,402",,,,,,,,,,,,"102,568,139,260",row,below,False,O,X,-,O,X,-,,,,,,,,,,,,,,,,,,,,,,,
397,Fig. 1,ID397__fig1.png,OFF,158,GATE_SHADOW_WHY,,,,,,,,,,,,,,,,,,,,"132,568,315,402",,,,,,,,,,,,"102,568,139,260",,,,,,,,,,"축 없음, 잉크 0.088","행 겹침 -0.63, 패널 행 139-260, 조각 315-402",이 클립에서 캡션을 읽지 못했다,"건너는 간격 0 px, 패널 내부의 가장 큰 간격 0 px","밑변에 선 열 0.00, 축 범위 안 잉크 0.86 (교집합 0.00)",막대·눈금이 1→1개뿐이라 규칙성을 잴 수 없다,,,,,,,,,,,,,,,,,
397,Fig. 1,ID397__fig1.png,OFF,158,ORPHAN,,,,,,,,,,,,,,,,,,,,"800,887,29,46",87,17,NO_PANEL_IN_REACH,0,overlap 0px share 0.00 reach 220 [share] | right 226px share 0.00 reach 34 [gap] [share],,,,,,,,,,,,,,,,,,,,,,,,,,,,,,,,,,,,,,,
397,Fig. 1,ID397__fig1.png,OFF,158,PIECE_RELATION,,,,,,,,,,,,,,,,,,,,"800,887,29,46",,,,,,OPPOSITE_HALF_UNIQUE_PANEL,1,0,"624,1083,174,292",,CONTAINMENT,,,,,,,,,,,,,,,,,,,,,,,,,,,,,,,,,
397,Fig. 1,ID397__fig1.png,OFF,158,AXIS_FALLBACK,,,,,,,,"624,1083,174,292",841,98,98,0.95,leftmost column whose run is >= 0.95 of the longest (98 px),842:98px;841:98px;876:77px;875:77px;1009:72px;1008:72px,,,,,,,,,,,,,,,,,,,,,,,,,,,,,,,,,,,,,,,,,,,,,,,,,,
397,Fig. 1,ID397__fig1.png,OFF,158,AXIS_FALLBACK,,,,,,,,"624,1083,174,292",841,98,98,0.95,leftmost column whose run is >= 0.95 of the longest (98 px),842:98px;841:98px;876:77px;875:77px;1009:72px;1008:72px,,,,,,,,,,,,,,,,,,,,,,,,,,,,,,,,,,,,,,,,,,,,,,,,,,
397,Fig. 1,ID397__fig1.png,OFF,158,AXIS_FALLBACK,,,,,,,,"624,1083,174,292",841,98,98,0.95,leftmost column whose run is >= 0.95 of the longest (98 px),842:98px;841:98px;876:77px;875:77px;1009:72px;1008:72px,,,,,,,,,,,,,,,,,,,,,,,,,,,,,,,,,,,,,,,,,,,,,,,,,,
397,Fig. 1,ID397__fig1.png,OFF,158,GATE_SHADOW,5,,,,23,,,,,,,,,,,,,,,"800,887,29,46",,,,,,,,,,,,"624,1083,174,292",row,above,False,O,X,-,O,X,-,,,,,,,,,,,,,,,,,,,,,,,
397,Fig. 1,ID397__fig1.png,OFF,158,GATE_SHADOW_WHY,,,,,,,,,,,,,,,,,,,,"800,887,29,46",,,,,,,,,,,,"624,1083,174,292",,,,,,,,,,"축 없음, 잉크 0.513","행 겹침 -7.53, 패널 행 174-292, 조각 29-46",이 클립에서 캡션을 읽지 못했다,"건너는 간격 0 px, 패널 내부의 가장 큰 간격 7 px","밑변에 선 열 0.00, 축 범위 안 잉크 0.86 (교집합 0.00)",막대·눈금이 0→0개뿐이라 규칙성을 잴 수 없다,,,,,,,,,,,,,,,,,
397,Fig. 1,ID397__fig1.png,OFF,158,ORPHAN,,,,,,,,,,,,,,,,,,,,"624,1092,69,292",468,223,NO_PANEL_IN_REACH,0,overlap 0px share 1.00 reach 34 | right 56px share 1.00 reach 34 [gap],,,,,,,,,,,,,,,,,,,,,,,,,,,,,,,,,,,,,,,
397,Fig. 1,ID397__fig1.png,OFF,158,PIECE_RELATION,,,,,,,,,,,,,,,,,,,,"624,1092,69,292",,,,,,SAME_HALF_NESTED_PANEL,0,1,,"624,1083,174,292",CONTAINMENT,,,,,,,,,,,,,,,,,,,,,,,,,,,,,,,,,
397,Fig. 1,ID397__fig1.png,OFF,158,ORPHAN,,,,,,,,,,,,,,,,,,,,"649,1093,314,405",444,91,NO_PANEL_IN_REACH,0,overlap 0px share 0.00 reach 220 [share] | right 75px share 0.00 reach 34 [gap] [share],,,,,,,,,,,,,,,,,,,,,,,,,,,,,,,,,,,,,,,
397,Fig. 1,ID397__fig1.png,OFF,158,PIECE_RELATION,,,,,,,,,,,,,,,,,,,,"649,1093,314,405",,,,,,OPPOSITE_HALF_UNIQUE_PANEL,1,0,"624,1083,174,292",,CONTAINMENT,,,,,,,,,,,,,,,,,,,,,,,,,,,,,,,,,
397,Fig. 1,ID397__fig1.png,OFF,158,AXIS_FALLBACK,,,,,,,,"624,1083,174,292",841,98,98,0.95,leftmost column whose run is >= 0.95 of the longest (98 px),842:98px;841:98px;876:77px;875:77px;1009:72px;1008:72px,,,,,,,,,,,,,,,,,,,,,,,,,,,,,,,,,,,,,,,,,,,,,,,,,,
397,Fig. 1,ID397__fig1.png,OFF,158,AXIS_FALLBACK,,,,,,,,"624,1083,174,292",841,98,98,0.95,leftmost column whose run is >= 0.95 of the longest (98 px),842:98px;841:98px;876:77px;875:77px;1009:72px;1008:72px,,,,,,,,,,,,,,,,,,,,,,,,,,,,,,,,,,,,,,,,,,,,,,,,,,
397,Fig. 1,ID397__fig1.png,OFF,158,AXIS_FALLBACK,,,,,,,,"624,1083,174,292",841,98,98,0.95,leftmost column whose run is >= 0.95 of the longest (98 px),842:98px;841:98px;876:77px;875:77px;1009:72px;1008:72px,,,,,,,,,,,,,,,,,,,,,,,,,,,,,,,,,,,,,,,,,,,,,,,,,,
397,Fig. 1,ID397__fig1.png,OFF,158,GATE_SHADOW,6,,,,22,,,,,,,,,,,,,,,"649,1093,314,405",,,,,,,,,,,,"624,1083,174,292",row,below,False,O,X,-,O,O,-,,,,,,,,,,,,,,,,,,,,,,,
397,Fig. 1,ID397__fig1.png,OFF,158,GATE_SHADOW_WHY,,,,,,,,,,,,,,,,,,,,"649,1093,314,405",,,,,,,,,,,,"624,1083,174,292",,,,,,,,,,"축 없음, 잉크 0.074","행 겹침 -0.24, 패널 행 174-292, 조각 314-405",이 클립에서 캡션을 읽지 못했다,"건너는 간격 0 px, 패널 내부의 가장 큰 간격 7 px","밑변에 선 열 0.00, 축 범위 안 잉크 1.11 (교집합 0.00)",막대·눈금이 0→0개뿐이라 규칙성을 잴 수 없다,,,,,,,,,,,,,,,,,
397,Fig. 1,ID397__fig1.png,OFF,158,ORPHAN,,,,,,,,,,,,,,,,,,,,"139,577,662,756",438,94,NO_PANEL_IN_REACH,0,left 42px share 0.00 reach 220 [share] | overlap 0px share 0.00 reach 34 [share],,,,,,,,,,,,,,,,,,,,,,,,,,,,,,,,,,,,,,,
397,Fig. 1,ID397__fig1.png,OFF,158,PIECE_RELATION,,,,,,,,,,,,,,,,,,,,"139,577,662,756",,,,,,OPPOSITE_HALF_UNIQUE_PANEL,1,0,"102,574,445,628",,CONTAINMENT,,,,,,,,,,,,,,,,,,,,,,,,,,,,,,,,,
397,Fig. 1,ID397__fig1.png,OFF,158,AXIS_FALLBACK,,,,,,,,"102,574,445,628",181,152,152,0.95,leftmost column whose run is >= 0.95 of the longest (152 px),181:152px;367:64px;366:64px;468:63px;467:63px;299:60px,,,,,,,,,,,,,,,,,,,,,,,,,,,,,,,,,,,,,,,,,,,,,,,,,,
397,Fig. 1,ID397__fig1.png,OFF,158,AXIS_FALLBACK,,,,,,,,"102,574,445,628",181,152,152,0.95,leftmost column whose run is >= 0.95 of the longest (152 px),181:152px;367:64px;366:64px;468:63px;467:63px;299:60px,,,,,,,,,,,,,,,,,,,,,,,,,,,,,,,,,,,,,,,,,,,,,,,,,,
397,Fig. 1,ID397__fig1.png,OFF,158,AXIS_FALLBACK,,,,,,,,"102,574,445,628",181,152,152,0.95,leftmost column whose run is >= 0.95 of the longest (152 px),181:152px;367:64px;366:64px;468:63px;467:63px;299:60px,,,,,,,,,,,,,,,,,,,,,,,,,,,,,,,,,,,,,,,,,,,,,,,,,,
397,Fig. 1,ID397__fig1.png,OFF,158,GATE_SHADOW,9,,,,34,,,,,,,,,,,,,,,"139,577,662,756",,,,,,,,,,,,"102,574,445,628",row,below,False,O,X,-,O,O,-,,,,,,,,,,,,,,,,,,,,,,,
397,Fig. 1,ID397__fig1.png,OFF,158,GATE_SHADOW_WHY,,,,,,,,,,,,,,,,,,,,"139,577,662,756",,,,,,,,,,,,"102,574,445,628",,,,,,,,,,"축 없음, 잉크 0.073","행 겹침 -0.36, 패널 행 445-628, 조각 662-756",이 클립에서 캡션을 읽지 못했다,"건너는 간격 0 px, 패널 내부의 가장 큰 간격 31 px","밑변에 선 열 0.00, 축 범위 안 잉크 1.68 (교집합 0.00)",합쳐도 표시 개수가 늘지 않는다 (6→6),,,,,,,,,,,,,,,,,
397,Fig. 1,ID397__fig1.png,OFF,158,ORPHAN,,,,,,,,,,,,,,,,,,,,"657,1094,665,748",437,83,NO_PANEL_IN_REACH,0,overlap 0px share 0.00 reach 220 [share] | right 83px share 0.00 reach 34 [gap] [share],,,,,,,,,,,,,,,,,,,,,,,,,,,,,,,,,,,,,,,
397,Fig. 1,ID397__fig1.png,OFF,158,PIECE_RELATION,,,,,,,,,,,,,,,,,,,,"657,1094,665,748",,,,,,OPPOSITE_HALF_UNIQUE_PANEL,1,0,"619,1083,441,641",,CONTAINMENT,,,,,,,,,,,,,,,,,,,,,,,,,,,,,,,,,
397,Fig. 1,ID397__fig1.png,OFF,158,AXIS_FALLBACK,,,,,,,,"619,1083,441,641",1077,147,147,0.95,leftmost column whose run is >= 0.95 of the longest (147 px),1078:147px;1077:147px;913:123px;912:123px;1045:120px;1044:120px,,,,,,,,,,,,,,,,,,,,,,,,,,,,,,,,,,,,,,,,,,,,,,,,,,
397,Fig. 1,ID397__fig1.png,OFF,158,AXIS_FALLBACK,,,,,,,,"619,1083,441,641",1077,147,147,0.95,leftmost column whose run is >= 0.95 of the longest (147 px),1078:147px;1077:147px;913:123px;912:123px;1045:120px;1044:120px,,,,,,,,,,,,,,,,,,,,,,,,,,,,,,,,,,,,,,,,,,,,,,,,,,
397,Fig. 1,ID397__fig1.png,OFF,158,AXIS_FALLBACK,,,,,,,,"619,1083,441,641",1077,147,147,0.95,leftmost column whose run is >= 0.95 of the longest (147 px),1078:147px;1077:147px;913:123px;912:123px;1045:120px;1044:120px,,,,,,,,,,,,,,,,,,,,,,,,,,,,,,,,,,,,,,,,,,,,,,,,,,
397,Fig. 1,ID397__fig1.png,OFF,158,GATE_SHADOW,10,,,,24,,,,,,,,,,,,,,,"657,1094,665,748",,,,,,,,,,,,"619,1083,441,641",row,below,False,O,X,-,O,O,-,,,,,,,,,,,,,,,,,,,,,,,
397,Fig. 1,ID397__fig1.png,OFF,158,GATE_SHADOW_WHY,,,,,,,,,,,,,,,,,,,,"657,1094,665,748",,,,,,,,,,,,"619,1083,441,641",,,,,,,,,,"축 없음, 잉크 0.084","행 겹침 -0.29, 패널 행 441-641, 조각 665-748",이 클립에서 캡션을 읽지 못했다,"건너는 간격 0 px, 패널 내부의 가장 큰 간격 220 px","밑변에 선 열 0.00, 축 범위 안 잉크 1.95 (교집합 0.00)",막대·눈금이 0→0개뿐이라 규칙성을 잴 수 없다,,,,,,,,,,,,,,,,,
397,Fig. 1,ID397__fig1.png,OFF,158,AXIS_FALLBACK,,,,,,,,"619,1083,821,990",923,109,109,0.95,leftmost column whose run is >= 0.95 of the longest (109 px),924:109px;923:109px;1054:97px;1053:97px;956:96px;1021:69px,,,,,,,,,,,,,,,,,,,,,,,,,,,,,,,,,,,,,,,,,,,,,,,,,,
397,Fig. 1,ID397__fig1.png,OFF,158,AXIS_FALLBACK,,,,,,,,"619,1083,821,990",923,109,109,0.95,leftmost column whose run is >= 0.95 of the longest (109 px),924:109px;923:109px;1054:97px;1053:97px;956:96px;1021:69px,,,,,,,,,,,,,,,,,,,,,,,,,,,,,,,,,,,,,,,,,,,,,,,,,,
397,Fig. 1,ID397__fig1.png,OFF,158,AXIS_FALLBACK,,,,,,,,"619,1083,821,990",923,109,109,0.95,leftmost column whose run is >= 0.95 of the longest (109 px),924:109px;923:109px;1054:97px;1053:97px;956:96px;1021:69px,,,,,,,,,,,,,,,,,,,,,,,,,,,,,,,,,,,,,,,,,,,,,,,,,,
397,Fig. 1,ID397__fig1.png,OFF,158,ORPHAN,,,,33,,,,,,,,,,,,,,,,"93,586,793,1419",493,626,OFFERED,,,,,,,,,"619,1083,821,990",,left,,,,,,,,,,,,,,34,,,,,,,,,,,,,,,,
397,Fig. 1,ID397__fig1.png,OFF,158,GATE,,,,33,,,,,,,,,,,,,,,,"93,586,793,1419",,,,,,,,,,,,"619,1083,821,990",,left,False,O,X,-,X,X,-,,,,,,,,,,,,,,,,,,,,,,,
397,Fig. 1,ID397__fig1.png,OFF,158,GATE_WHY,,,,,,,,,,,,,,,,,,,,"93,586,793,1419",,,,,,,,,,,,"619,1083,821,990",,,,,,,,,,"축 없음, 잉크 0.081","행 겹침 1.00, 패널 행 821-990, 조각 793-1419",이 클립에서 캡션을 읽지 못했다,"건너는 간격 391 px, 패널 내부의 가장 큰 간격 24 px","밑변에 선 열 0.00, 축 범위 안 잉크 0.18 (교집합 0.18)",막대·눈금이 0→0개뿐이라 규칙성을 잴 수 없다,,,,,,,,,,,,,,,,,
397,Fig. 1,ID397__fig1.png,OFF,158,ORPHAN,,,,,,,,,,,,,,,,,,,,"613,1112,791,1412",499,621,NO_PANEL_IN_REACH,0,overlap 0px share 1.00 reach 34 | right 39px share 1.00 reach 34 [gap],,,,,,,,,,,,,,,,,,,,,,,,,,,,,,,,,,,,,,,
397,Fig. 1,ID397__fig1.png,OFF,158,PIECE_RELATION,,,,,,,,,,,,,,,,,,,,"613,1112,791,1412",,,,,,OPPOSITE_AND_NESTED,1,2,"105,574,1098,1339","619,1083,821,990;627,1083,1107,1342",CONTAINMENT,,,,,,,,,,,,,,,,,,,,,,,,,,,,,,,,,
397,Fig. 1,ID397__fig1.png,OFF,158,ORPHAN,,,,,,,,,,,,,,,,,,,,"93,148,1437,1458",55,21,NO_PANEL_IN_REACH,0,left 471px share 0.00 reach 220 [gap] [share] | overlap 0px share 0.00 reach 34 [share],,,,,,,,,,,,,,,,,,,,,,,,,,,,,,,,,,,,,,,
397,Fig. 1,ID397__fig1.png,OFF,158,PIECE_RELATION,,,,,,,,,,,,,,,,,,,,"93,148,1437,1458",,,,,,NO_SELECTED_PANEL_DESCENDANT,0,0,,,CONTAINMENT,,,,,,,,,,,,,,,,,,,,,,,,,,,,,,,,,
397,Fig. 1,ID397__fig1.png,OFF,158,ORPHAN,,,,,,,,,,,,,,,,,,,,"161,624,1437,1458",463,21,NO_PANEL_IN_REACH,0,left 0px share 0.00 reach 34 [share] | overlap 0px share 0.00 reach 34 [share],,,,,,,,,,,,,,,,,,,,,,,,,,,,,,,,,,,,,,,
397,Fig. 1,ID397__fig1.png,OFF,158,PIECE_RELATION,,,,,,,,,,,,,,,,,,,,"161,624,1437,1458",,,,,,NO_SELECTED_PANEL_DESCENDANT,0,0,,,CONTAINMENT,,,,,,,,,,,,,,,,,,,,,,,,,,,,,,,,,
397,Fig. 1,ID397__fig1.png,OFF,158,AXIS_CANDIDATES,,,,,,,,"102,577,363,756",181,,,,leftmost of 1 free runs,181:476-668:free,1,0,476-668,387,117.9,,,,,,,,,,,,,,,,,,,,,,,,,,,,,,,,,,,,,,,,,,,,,
397,Fig. 1,ID397__fig1.png,OFF,158,AXIS_FALLBACK,,,,,,,,"102,577,363,756",181,192,192,0.95,leftmost column whose run is >= 0.95 of the longest (192 px),181:192px;367:64px;366:64px;468:63px;467:63px;299:60px,,,,,,,,,,,,,,,,,,,,,,,,,,,,,,,,,,,,,,,,,,,,,,,,,,
397,Fig. 1,ID397__fig1.png,OFF,158,AXIS_CANDIDATES,,,,,,,,"93,587,1034,1458",176,,,,leftmost of 2 free runs,176:1128-1333:free;177:1128-1332:free,2,0,1128-1333,389,127.2,,,,,,,,,,,,,,,,,,,,,,,,,,,,,,,,,,,,,,,,,,,,,
397,Fig. 1,ID397__fig1.png,OFF,158,AXIS_FALLBACK,,,,,,,,"93,587,1034,1458",176,205,205,0.95,leftmost column whose run is >= 0.95 of the longest (205 px),176:205px;177:204px;365:124px;364:124px;570:117px;569:117px,,,,,,,,,,,,,,,,,,,,,,,,,,,,,,,,,,,,,,,,,,,,,,,,,,
397,Fig. 1,ID397__fig1.png,OFF,158,AXIS_CANDIDATES,,,,,,,,"611,1102,1078,1453",698,,,,leftmost of 2 free runs,698:1132-1336:free;699:1133-1335:free,2,0,1132-1336,905,112.5,,,,,,,,,,,,,,,,,,,,,,,,,,,,,,,,,,,,,,,,,,,,,
397,Fig. 1,ID397__fig1.png,OFF,158,AXIS_FALLBACK,,,,,,,,"611,1102,1078,1453",698,204,204,0.95,leftmost column whose run is >= 0.95 of the longest (204 px),698:204px;699:202px;922:107px;921:107px;957:95px;956:94px,,,,,,,,,,,,,,,,,,,,,,,,,,,,,,,,,,,,,,,,,,,,,,,,,,
397,Fig. 1,ID397__fig1.png,OFF,158,ORPHAN,,,,,,,,,,,,,,,,,,,,"352,400,30,46",48,16,NO_PANEL_IN_REACH,0,left 211px share 0.00 reach 34 [gap] [share] | overlap 0px share 0.00 reach 34 [share],,,,,,,,,,,,,,,,,,,,,,,,,,,,,,,,,,,,,,,
397,Fig. 1,ID397__fig1.png,OFF,158,PIECE_RELATION,,,,,,,,,,,,,,,,,,,,"352,400,30,46",,,,,,NO_SELECTED_PANEL_DESCENDANT,0,0,,,CONTAINMENT,,,,,,,,,,,,,,,,,,,,,,,,,,,,,,,,,
397,Fig. 1,ID397__fig1.png,OFF,158,ORPHAN,,,,,,,,,,,,,,,,,,,,"99,568,76,286",469,210,NO_PANEL_IN_REACH,0,left 43px share 0.00 reach 34 [gap] [share] | overlap 0px share 0.00 reach 34 [share],,,,,,,,,,,,,,,,,,,,,,,,,,,,,,,,,,,,,,,
397,Fig. 1,ID397__fig1.png,OFF,158,PIECE_RELATION,,,,,,,,,,,,,,,,,,,,"99,568,76,286",,,,,,NO_SELECTED_PANEL_DESCENDANT,0,0,,,CONTAINMENT,,,,,,,,,,,,,,,,,,,,,,,,,,,,,,,,,
397,Fig. 1,ID397__fig1.png,OFF,158,ORPHAN,,,,,,,,,,,,,,,,,,,,"132,568,315,402",436,87,NO_PANEL_IN_REACH,0,left 43px share 0.00 reach 34 [gap] [share] | overlap 0px share 0.45 reach 34 [share],,,,,,,,,,,,,,,,,,,,,,,,,,,,,,,,,,,,,,,
397,Fig. 1,ID397__fig1.png,OFF,158,PIECE_RELATION,,,,,,,,,,,,,,,,,,,,"132,568,315,402",,,,,,NO_SELECTED_PANEL_DESCENDANT,0,0,,,CONTAINMENT,,,,,,,,,,,,,,,,,,,,,,,,,,,,,,,,,
397,Fig. 1,ID397__fig1.png,OFF,158,ORPHAN,,,,,,,,,,,,,,,,,,,,"800,887,29,46",87,17,NO_PANEL_IN_REACH,0,overlap 0px share 0.00 reach 34 [share] | right 223px share 0.00 reach 34 [gap] [share],,,,,,,,,,,,,,,,,,,,,,,,,,,,,,,,,,,,,,,
397,Fig. 1,ID397__fig1.png,OFF,158,PIECE_RELATION,,,,,,,,,,,,,,,,,,,,"800,887,29,46",,,,,,NO_SELECTED_PANEL_DESCENDANT,0,0,,,CONTAINMENT,,,,,,,,,,,,,,,,,,,,,,,,,,,,,,,,,
397,Fig. 1,ID397__fig1.png,OFF,158,ORPHAN,,,,,,,,,,,,,,,,,,,,"624,1092,69,292",468,223,NO_PANEL_IN_REACH,0,overlap 0px share 0.00 reach 34 [share] | right 47px share 0.00 reach 34 [gap] [share],,,,,,,,,,,,,,,,,,,,,,,,,,,,,,,,,,,,,,,
397,Fig. 1,ID397__fig1.png,OFF,158,PIECE_RELATION,,,,,,,,,,,,,,,,,,,,"624,1092,69,292",,,,,,NO_SELECTED_PANEL_DESCENDANT,0,0,,,CONTAINMENT,,,,,,,,,,,,,,,,,,,,,,,,,,,,,,,,,
397,Fig. 1,ID397__fig1.png,OFF,158,ORPHAN,,,,,,,,,,,,,,,,,,,,"649,1093,314,405",444,91,NO_PANEL_IN_REACH,0,overlap 0px share 0.00 reach 34 [share] | right 72px share 0.46 reach 34 [gap] [share],,,,,,,,,,,,,,,,,,,,,,,,,,,,,,,,,,,,,,,
397,Fig. 1,ID397__fig1.png,OFF,158,PIECE_RELATION,,,,,,,,,,,,,,,,,,,,"649,1093,314,405",,,,,,NO_SELECTED_PANEL_DESCENDANT,0,0,,,CONTAINMENT,,,,,,,,,,,,,,,,,,,,,,,,,,,,,,,,,
397,Fig. 1,ID397__fig1.png,OFF,158,ORPHAN,,,,,,,,,,,,,,,,,,,,"139,577,662,756",438,94,NO_PANEL_IN_REACH,0,left 34px share 0.00 reach 34 [share] | overlap 0px share 1.00 reach 34,,,,,,,,,,,,,,,,,,,,,,,,,,,,,,,,,,,,,,,
397,Fig. 1,ID397__fig1.png,OFF,158,PIECE_RELATION,,,,,,,,,,,,,,,,,,,,"139,577,662,756",,,,,,NO_SELECTED_PANEL_DESCENDANT,0,0,,,CONTAINMENT,,,,,,,,,,,,,,,,,,,,,,,,,,,,,,,,,
397,Fig. 1,ID397__fig1.png,OFF,158,ORPHAN,,,,,,,,,,,,,,,,,,,,"657,1094,665,748",437,83,NO_PANEL_IN_REACH,0,overlap 0px share 0.00 reach 34 [share] | right 80px share 1.00 reach 34 [gap],,,,,,,,,,,,,,,,,,,,,,,,,,,,,,,,,,,,,,,
397,Fig. 1,ID397__fig1.png,OFF,158,PIECE_RELATION,,,,,,,,,,,,,,,,,,,,"657,1094,665,748",,,,,,NO_SELECTED_PANEL_DESCENDANT,0,0,,,CONTAINMENT,,,,,,,,,,,,,,,,,,,,,,,,,,,,,,,,,
397,Fig. 1,ID397__fig1.png,OFF,158,AXIS_FALLBACK,,,,,,,,"611,1102,1078,1453",698,204,204,0.95,leftmost column whose run is >= 0.95 of the longest (204 px),698:204px;699:202px;922:107px;921:107px;957:95px;956:94px,,,,,,,,,,,,,,,,,,,,,,,,,,,,,,,,,,,,,,,,,,,,,,,,,,
397,Fig. 1,ID397__fig1.png,OFF,158,AXIS_FALLBACK,,,,,,,,"611,1102,1078,1453",698,204,204,0.95,leftmost column whose run is >= 0.95 of the longest (204 px),698:204px;699:202px;922:107px;921:107px;957:95px;956:94px,,,,,,,,,,,,,,,,,,,,,,,,,,,,,,,,,,,,,,,,,,,,,,,,,,
397,Fig. 1,ID397__fig1.png,OFF,158,AXIS_FALLBACK,,,,,,,,"611,1102,1078,1453",698,204,204,0.95,leftmost column whose run is >= 0.95 of the longest (204 px),698:204px;699:202px;922:107px;921:107px;957:95px;956:94px,,,,,,,,,,,,,,,,,,,,,,,,,,,,,,,,,,,,,,,,,,,,,,,,,,
397,Fig. 1,ID397__fig1.png,OFF,158,ORPHAN,,,,25,,,,,,,,,,,,,,,,"93,586,793,1419",493,626,OFFERED,,,,,,,,,"611,1102,1078,1453",,left,,,,,,,,,,,,,,34,,,,,,,,,,,,,,,,
397,Fig. 1,ID397__fig1.png,OFF,158,GATE,,,,25,,,,,,,,,,,,,,,,"93,586,793,1419",,,,,,,,,,,,"611,1102,1078,1453",,left,False,O,X,-,X,X,-,,,,,,,,,,,,,,,,,,,,,,,
397,Fig. 1,ID397__fig1.png,OFF,158,GATE_WHY,,,,,,,,,,,,,,,,,,,,"93,586,793,1419",,,,,,,,,,,,"611,1102,1078,1453",,,,,,,,,,"축 없음, 잉크 0.081","행 겹침 0.91, 패널 행 1078-1453, 조각 793-1419",이 클립에서 캡션을 읽지 못했다,"건너는 간격 298 px, 패널 내부의 가장 큰 간격 1 px","밑변에 선 열 0.28, 축 범위 안 잉크 0.37 (교집합 0.37)",막대·눈금이 0→0개뿐이라 규칙성을 잴 수 없다,,,,,,,,,,,,,,,,,
397,Fig. 1,ID397__fig1.png,OFF,158,AXIS_FALLBACK,,,,,,,,"93,587,1034,1458",176,205,205,0.95,leftmost column whose run is >= 0.95 of the longest (205 px),176:205px;177:204px;365:124px;364:124px;570:117px;569:117px,,,,,,,,,,,,,,,,,,,,,,,,,,,,,,,,,,,,,,,,,,,,,,,,,,
397,Fig. 1,ID397__fig1.png,OFF,158,AXIS_FALLBACK,,,,,,,,"93,587,1034,1458",176,205,205,0.95,leftmost column whose run is >= 0.95 of the longest (205 px),176:205px;177:204px;365:124px;364:124px;570:117px;569:117px,,,,,,,,,,,,,,,,,,,,,,,,,,,,,,,,,,,,,,,,,,,,,,,,,,
397,Fig. 1,ID397__fig1.png,OFF,158,AXIS_FALLBACK,,,,,,,,"93,587,1034,1458",176,205,205,0.95,leftmost column whose run is >= 0.95 of the longest (205 px),176:205px;177:204px;365:124px;364:124px;570:117px;569:117px,,,,,,,,,,,,,,,,,,,,,,,,,,,,,,,,,,,,,,,,,,,,,,,,,,
397,Fig. 1,ID397__fig1.png,OFF,158,ORPHAN,,,,26,,,,,,,,,,,,,,,,"613,1112,791,1412",499,621,OFFERED,,,,,,,,,"93,587,1034,1458",,right,,,,,,,,,,,,,,34,,,,,,,,,,,,,,,,
397,Fig. 1,ID397__fig1.png,OFF,158,GATE,,,,26,,,,,,,,,,,,,,,,"613,1112,791,1412",,,,,,,,,,,,"93,587,1034,1458",,right,False,O,X,-,X,X,-,,,,,,,,,,,,,,,,,,,,,,,
397,Fig. 1,ID397__fig1.png,OFF,158,GATE_WHY,,,,,,,,,,,,,,,,,,,,"613,1112,791,1412",,,,,,,,,,,,"93,587,1034,1458",,,,,,,,,,"축 없음, 잉크 0.083","행 겹침 0.89, 패널 행 1034-1458, 조각 791-1412",이 클립에서 캡션을 읽지 못했다,"건너는 간격 40 px, 패널 내부의 가장 큰 간격 1 px","밑변에 선 열 0.02, 축 범위 안 잉크 0.35 (교집합 0.35)",막대·눈금이 0→0개뿐이라 규칙성을 잴 수 없다,,,,,,,,,,,,,,,,,
397,Fig. 1,ID397__fig1.png,OFF,158,ORPHAN,,,,,,,,,,,,,,,,,,,,"93,148,1437,1458",55,21,NO_PANEL_IN_REACH,0,left 463px share 0.76 reach 34 [gap] | overlap 0px share 1.00 reach 34,,,,,,,,,,,,,,,,,,,,,,,,,,,,,,,,,,,,,,,
397,Fig. 1,ID397__fig1.png,OFF,158,PIECE_RELATION,,,,,,,,,,,,,,,,,,,,"93,148,1437,1458",,,,,,NO_SELECTED_PANEL_DESCENDANT,0,0,,,CONTAINMENT,,,,,,,,,,,,,,,,,,,,,,,,,,,,,,,,,
397,Fig. 1,ID397__fig1.png,OFF,158,ORPHAN,,,,,,,,,,,,,,,,,,,,"161,624,1437,1458",463,21,NO_PANEL_IN_REACH,0,overlap 0px share 1.00 reach 34,,,,,,,,,,,,,,,,,,,,,,,,,,,,,,,,,,,,,,,
397,Fig. 1,ID397__fig1.png,OFF,158,PIECE_RELATION,,,,,,,,,,,,,,,,,,,,"161,624,1437,1458",,,,,,NO_SELECTED_PANEL_DESCENDANT,0,0,,,CONTAINMENT,,,,,,,,,,,,,,,,,,,,,,,,,,,,,,,,,
397,Fig. 1,ID397__fig1.png,OFF,158,AXIS_FALLBACK,,,,,,,,"102,574,445,628",181,152,152,0.95,leftmost column whose run is >= 0.95 of the longest (152 px),181:152px;367:64px;366:64px;468:63px;467:63px;299:60px,,,,,,,,,,,,,,,,,,,,,,,,,,,,,,,,,,,,,,,,,,,,,,,,,,
397,Fig. 1,ID397__fig1.png,OFF,158,AXIS_FALLBACK,,,,,,,,"619,1083,441,641",1077,147,147,0.95,leftmost column whose run is >= 0.95 of the longest (147 px),1078:147px;1077:147px;913:123px;912:123px;1045:120px;1044:120px,,,,,,,,,,,,,,,,,,,,,,,,,,,,,,,,,,,,,,,,,,,,,,,,,,
397,Fig. 1,ID397__fig1.png,OFF,158,AXIS_FALLBACK,,,,,,,,"102,568,139,260",321,75,75,0.95,leftmost column whose run is >= 0.95 of the longest (75 px),322:75px;321:75px;421:67px;420:67px;519:49px;518:49px,,,,,,,,,,,,,,,,,,,,,,,,,,,,,,,,,,,,,,,,,,,,,,,,,,
397,Fig. 1,ID397__fig1.png,OFF,158,AXIS_FALLBACK,,,,,,,,"105,574,1098,1339",176,205,205,0.95,leftmost column whose run is >= 0.95 of the longest (205 px),176:205px;177:204px;365:124px;364:124px;570:117px;569:117px,,,,,,,,,,,,,,,,,,,,,,,,,,,,,,,,,,,,,,,,,,,,,,,,,,
397,Fig. 1,ID397__fig1.png,OFF,158,AXIS_FALLBACK,,,,,,,,"624,1083,174,292",841,98,98,0.95,leftmost column whose run is >= 0.95 of the longest (98 px),842:98px;841:98px;876:77px;875:77px;1009:72px;1008:72px,,,,,,,,,,,,,,,,,,,,,,,,,,,,,,,,,,,,,,,,,,,,,,,,,,
397,Fig. 1,ID397__fig1.png,OFF,158,AXIS_FALLBACK,,,,,,,,"619,1083,821,990",923,109,109,0.95,leftmost column whose run is >= 0.95 of the longest (109 px),924:109px;923:109px;1054:97px;1053:97px;956:96px;1021:69px,,,,,,,,,,,,,,,,,,,,,,,,,,,,,,,,,,,,,,,,,,,,,,,,,,
397,Fig. 1,ID397__fig1.png,OFF,158,AXIS_FALLBACK,,,,,,,,"627,1083,1107,1342",698,204,204,0.95,leftmost column whose run is >= 0.95 of the longest (204 px),698:204px;699:202px;922:107px;921:107px;957:95px;956:94px,,,,,,,,,,,,,,,,,,,,,,,,,,,,,,,,,,,,,,,,,,,,,,,,,,
397,Fig. 1,ID397__fig1.png,OFF,158,AXIS_FALLBACK,,,,,,,,"102,577,363,756",181,192,192,0.95,leftmost column whose run is >= 0.95 of the longest (192 px),181:192px;367:64px;366:64px;468:63px;467:63px;299:60px,,,,,,,,,,,,,,,,,,,,,,,,,,,,,,,,,,,,,,,,,,,,,,,,,,
397,Fig. 1,ID397__fig1.png,OFF,158,AXIS_FALLBACK,,,,,,,,"93,587,1034,1458",176,205,205,0.95,leftmost column whose run is >= 0.95 of the longest (205 px),176:205px;177:204px;365:124px;364:124px;570:117px;569:117px,,,,,,,,,,,,,,,,,,,,,,,,,,,,,,,,,,,,,,,,,,,,,,,,,,
397,Fig. 1,ID397__fig1.png,OFF,158,AXIS_FALLBACK,,,,,,,,"611,1102,1078,1453",698,204,204,0.95,leftmost column whose run is >= 0.95 of the longest (204 px),698:204px;699:202px;922:107px;921:107px;957:95px;956:94px,,,,,,,,,,,,,,,,,,,,,,,,,,,,,,,,,,,,,,,,,,,,,,,,,,
397,Fig. 1,ID397__fig1.png,OFF,158,AXIS_FALLBACK,,,,,,,,"93,587,1034,1458",176,205,205,0.95,leftmost column whose run is >= 0.95 of the longest (205 px),176:205px;177:204px;365:124px;364:124px;570:117px;569:117px,,,,,,,,,,,,,,,,,,,,,,,,,,,,,,,,,,,,,,,,,,,,,,,,,,
397,Fig. 1,ID397__fig1.png,OFF,158,AXIS_CANDIDATES,,,,,,,,"93,587,1034,1458",176,,,,leftmost of 2 free runs,176:1128-1333:free;177:1128-1332:free,2,0,1128-1333,389,127.2,,,,,,,,,,,,,,,,,,,,,,,,,,,,,,,,,,,,,,,,,,,,,
397,Fig. 1,ID397__fig1.png,OFF,158,AXIS_FALLBACK,,,,,,,,"105,574,1098,1339",176,205,205,0.95,leftmost column whose run is >= 0.95 of the longest (205 px),176:205px;177:204px;365:124px;364:124px;570:117px;569:117px,,,,,,,,,,,,,,,,,,,,,,,,,,,,,,,,,,,,,,,,,,,,,,,,,,
397,Fig. 1,ID397__fig1.png,OFF,158,AXIS_CANDIDATES,,,,,,,,"105,574,1098,1339",176,,,,leftmost of 13 free runs,176:1128-1333:free;177:1128-1332:free;193:1205-1304:free;194:1205-1304:free;227:1195-1306:free;228:1195-1306:free;262:1204-1310:free;296:1205-1322:free;297:1205-1322:free;330:1207-1316:free;331:1207-1316:free;364:1178-1302:free;365:1178-1302:free,13,0,1128-1333,386,72.3,,,,,,,,,,,,,,,,,,,,,,,,,,,,,,,,,,,,,,,,,,,,,
397,Fig. 1,ID397__fig1.png,OFF,158,AXIS_FALLBACK,,,,,,,,"627,1083,1107,1342",698,204,204,0.95,leftmost column whose run is >= 0.95 of the longest (204 px),698:204px;699:202px;922:107px;921:107px;957:95px;956:94px,,,,,,,,,,,,,,,,,,,,,,,,,,,,,,,,,,,,,,,,,,,,,,,,,,
397,Fig. 1,ID397__fig1.png,OFF,158,AXIS_CANDIDATES,,,,,,,,"627,1083,1107,1342",698,,,,leftmost of 6 free runs,698:1132-1336:free;699:1133-1335:free;784:1252-1323:free;785:1252-1323:free;852:1230-1310:free;853:1230-1310:free,6,0,1132-1336,900,70.5,,,,,,,,,,,,,,,,,,,,,,,,,,,,,,,,,,,,,,,,,,,,,
397,Fig. 1,ID397__fig1.png,OFF,158,AXIS_FALLBACK,,,,,,,,"102,568,139,260",321,75,75,0.95,leftmost column whose run is >= 0.95 of the longest (75 px),322:75px;321:75px;421:67px;420:67px;519:49px;518:49px,,,,,,,,,,,,,,,,,,,,,,,,,,,,,,,,,,,,,,,,,,,,,,,,,,
397,Fig. 1,ID397__fig1.png,OFF,158,AXIS_CANDIDATES,,,,,,,,"102,568,139,260",190,,,,leftmost of 6 free runs,190:206-251:free;191:206-251:free;321:147-222:free;322:147-222:free;354:182-227:free;355:182-227:free,6,0,206-251,381,36.3,,,,,,,,,,,,,,,,,,,,,,,,,,,,,,,,,,,,,,,,,,,,,
397,Fig. 1,ID397__fig1.png,OFF,158,AXIS_FALLBACK,,,,,,,,"102,577,363,756",181,192,192,0.95,leftmost column whose run is >= 0.95 of the longest (192 px),181:192px;367:64px;366:64px;468:63px;467:63px;299:60px,,,,,,,,,,,,,,,,,,,,,,,,,,,,,,,,,,,,,,,,,,,,,,,,,,
397,Fig. 1,ID397__fig1.png,OFF,158,AXIS_CANDIDATES,,,,,,,,"102,577,363,756",181,,,,leftmost of 1 free runs,181:476-668:free,1,0,476-668,387,117.9,,,,,,,,,,,,,,,,,,,,,,,,,,,,,,,,,,,,,,,,,,,,,
397,Fig. 1,ID397__fig1.png,OFF,158,AXIS_FALLBACK,,,,,,,,"611,1102,1078,1453",698,204,204,0.95,leftmost column whose run is >= 0.95 of the longest (204 px),698:204px;699:202px;922:107px;921:107px;957:95px;956:94px,,,,,,,,,,,,,,,,,,,,,,,,,,,,,,,,,,,,,,,,,,,,,,,,,,
397,Fig. 1,ID397__fig1.png,OFF,158,AXIS_CANDIDATES,,,,,,,,"611,1102,1078,1453",698,,,,leftmost of 2 free runs,698:1132-1336:free;699:1133-1335:free,2,0,1132-1336,905,112.5,,,,,,,,,,,,,,,,,,,,,,,,,,,,,,,,,,,,,,,,,,,,,
397,Fig. 1,ID397__fig1.png,OFF,158,AXIS_FALLBACK,,,,,,,,"102,574,445,670",181,192,192,0.95,leftmost column whose run is >= 0.95 of the longest (192 px),181:192px;367:64px;366:64px;468:63px;467:63px;299:60px,,,,,,,,,,,,,,,,,,,,,,,,,,,,,,,,,,,,,,,,,,,,,,,,,,
397,Fig. 1,ID397__fig1.png,OFF,158,AXIS_CANDIDATES,,,,,,,,"102,574,445,670",181,,,,leftmost of 1 free runs,181:476-668:free,1,0,476-668,385,67.5,,,,,,,,,,,,,,,,,,,,,,,,,,,,,,,,,,,,,,,,,,,,,
397,Fig. 1,ID397__fig1.png,OFF,158,AXIS_FALLBACK,,,,,,,,"619,1083,441,641",1077,147,147,0.95,leftmost column whose run is >= 0.95 of the longest (147 px),1078:147px;1077:147px;913:123px;912:123px;1045:120px;1044:120px,,,,,,,,,,,,,,,,,,,,,,,,,,,,,,,,,,,,,,,,,,,,,,,,,,
397,Fig. 1,ID397__fig1.png,OFF,158,AXIS_CANDIDATES,,,,,,,,"619,1083,441,641",715,,,,leftmost of 11 free runs,715:522-607:free;716:522-607:free;748:494-594:free;749:494-594:free;781:479-591:free;782:479-591:free;814:508-601:free;815:508-601:free;846:511-604:free;847:511-604:free;880:498-600:free,11,0,522-607,897,60.0,,,,,,,,,,,,,,,,,,,,,,,,,,,,,,,,,,,,,,,,,,,,,
397,Fig. 1,ID397__fig1.png,OFF,158,AXIS_FALLBACK,,,,,,,,"102,574,445,628",181,152,152,0.95,leftmost column whose run is >= 0.95 of the longest (152 px),181:152px;367:64px;366:64px;468:63px;467:63px;299:60px,,,,,,,,,,,,,,,,,,,,,,,,,,,,,,,,,,,,,,,,,,,,,,,,,,
397,Fig. 1,ID397__fig1.png,OFF,158,AXIS_CANDIDATES,,,,,,,,"102,574,445,628",299,,,,leftmost of 3 free runs,299:504-564:free;366:507-571:free;367:507-571:free;181:476-668:clipped,3,1,504-564,385,54.9,,,,,,,,,,,,,,,,,,,,,,,,,,,,,,,,,,,,,,,,,,,,,
397,Fig. 1,ID397__fig1.png,OFF,158,AXIS_FALLBACK,,,,,,,,"619,1083,821,990",923,109,109,0.95,leftmost column whose run is >= 0.95 of the longest (109 px),924:109px;923:109px;1054:97px;1053:97px;956:96px;1021:69px,,,,,,,,,,,,,,,,,,,,,,,,,,,,,,,,,,,,,,,,,,,,,,,,,,
397,Fig. 1,ID397__fig1.png,OFF,158,AXIS_CANDIDATES,,,,,,,,"619,1083,821,990",728,,,,leftmost of 3 free runs,728:918-972:free;890:870-930:free;891:870-930:free,3,0,918-972,897,50.7,,,,,,,,,,,,,,,,,,,,,,,,,,,,,,,,,,,,,,,,,,,,,
397,Fig. 1,ID397__fig1.png,OFF,158,AXIS_FALLBACK,,,,,,,,"624,1083,174,292",841,98,98,0.95,leftmost column whose run is >= 0.95 of the longest (98 px),842:98px;841:98px;876:77px;875:77px;1009:72px;1008:72px,,,,,,,,,,,,,,,,,,,,,,,,,,,,,,,,,,,,,,,,,,,,,,,,,,
397,Fig. 1,ID397__fig1.png,OFF,158,AXIS_CANDIDATES,,,,,,,,"624,1083,174,292",707,,,,leftmost of 4 free runs,707:236-279:free;708:236-279:free;875:200-277:free;876:200-277:free;741:240-292:clipped;742:240-292:clipped;841:174-272:clipped;842:174-272:clipped,4,4,236-279,899,35.4,,,,,,,,,,,,,,,,,,,,,,,,,,,,,,,,,,,,,,,,,,,,,
397,Fig. 1,ID397__fig1.png,PLAIN,158,CUT,1,row,0,405-441,36,"0,1142,0,423","0,1142,423,1460",,,,,,,,,,,,,,,,,,,,,,,,,,,,,,,,,,,,,,,,,,,,,,,,,,,,,,,,,
397,Fig. 1,ID397__fig1.png,PLAIN,158,CUT,2,col,1,568-624,56,"0,596,0,423","596,1142,0,423",,,,,,,,,,,,,,,,,,,,,,,,,,,,,,,,,,,,,,,,,,,,,,,,,,,,,,,,,
397,Fig. 1,ID397__fig1.png,PLAIN,158,CUT,3,row,2,46-76,30,"0,596,0,61","0,596,61,423",,,,,,,,,,,,,,,,,,,,,,,,,,,,,,,,,,,,,,,,,,,,,,,,,,,,,,,,,
397,Fig. 1,ID397__fig1.png,PLAIN,158,CUT,4,row,3,286-315,29,"0,596,61,300","0,596,300,423",,,,,,,,,,,,,,,,,,,,,,,,,,,,,,,,,,,,,,,,,,,,,,,,,,,,,,,,,
397,Fig. 1,ID397__fig1.png,PLAIN,158,CUT,5,row,2,46-69,23,"596,1142,0,57","596,1142,57,423",,,,,,,,,,,,,,,,,,,,,,,,,,,,,,,,,,,,,,,,,,,,,,,,,,,,,,,,,
397,Fig. 1,ID397__fig1.png,PLAIN,158,CUT,6,row,3,292-314,22,"596,1142,57,303","596,1142,303,423",,,,,,,,,,,,,,,,,,,,,,,,,,,,,,,,,,,,,,,,,,,,,,,,,,,,,,,,,
397,Fig. 1,ID397__fig1.png,PLAIN,158,CUT,7,row,1,756-791,35,"0,1142,423,773","0,1142,773,1460",,,,,,,,,,,,,,,,,,,,,,,,,,,,,,,,,,,,,,,,,,,,,,,,,,,,,,,,,
397,Fig. 1,ID397__fig1.png,PLAIN,158,CUT,8,col,2,577-619,42,"0,598,423,773","598,1142,423,773",,,,,,,,,,,,,,,,,,,,,,,,,,,,,,,,,,,,,,,,,,,,,,,,,,,,,,,,,
397,Fig. 1,ID397__fig1.png,PLAIN,158,CUT,9,col,3,117-138,21,"0,127,423,773","127,598,423,773",,,,,,,,,,,,,,,,,,,,,,,,,,,,,,,,,,,,,,,,,,,,,,,,,,,,,,,,,
397,Fig. 1,ID397__fig1.png,PLAIN,158,CUT,10,row,3,641-665,24,"598,1142,423,653","598,1142,653,773",,,,,,,,,,,,,,,,,,,,,,,,,,,,,,,,,,,,,,,,,,,,,,,,,,,,,,,,,
397,Fig. 1,ID397__fig1.png,PLAIN,158,CUT,11,row,2,1419-1437,18,"0,1142,773,1428","0,1142,1428,1460",,,,,,,,,,,,,,,,,,,,,,,,,,,,,,,,,,,,,,,,,,,,,,,,,,,,,,,,,
397,Fig. 1,ID397__fig1.png,PLAIN,158,CUT,12,col,3,586-613,27,"0,599,773,1428","599,1142,773,1428",,,,,,,,,,,,,,,,,,,,,,,,,,,,,,,,,,,,,,,,,,,,,,,,,,,,,,,,,
397,Fig. 1,ID397__fig1.png,PLAIN,158,CUT,13,col,3,148-161,13,"0,154,1428,1460","154,1142,1428,1460",,,,,,,,,,,,,,,,,,,,,,,,,,,,,,,,,,,,,,,,,,,,,,,,,,,,,,,,,
397,Fig. 1,ID397__fig1.png,PLAIN,158,AXIS_FALLBACK,,,,,,,,"138,577,445,756",181,192,192,0.95,leftmost column whose run is >= 0.95 of the longest (192 px),181:192px;367:64px;366:64px;468:63px;467:63px;299:60px,,,,,,,,,,,,,,,,,,,,,,,,,,,,,,,,,,,,,,,,,,,,,,,,,,
397,Fig. 1,ID397__fig1.png,PLAIN,158,AXIS_FALLBACK,,,,,,,,"619,1083,441,641",1077,147,147,0.95,leftmost column whose run is >= 0.95 of the longest (147 px),1078:147px;1077:147px;913:123px;912:123px;1045:120px;1044:120px,,,,,,,,,,,,,,,,,,,,,,,,,,,,,,,,,,,,,,,,,,,,,,,,,,
397,Fig. 1,ID397__fig1.png,PLAIN,158,AXIS_FALLBACK,,,,,,,,"138,577,445,756",181,192,192,0.95,leftmost column whose run is >= 0.95 of the longest (192 px),181:192px;367:64px;366:64px;468:63px;467:63px;299:60px,,,,,,,,,,,,,,,,,,,,,,,,,,,,,,,,,,,,,,,,,,,,,,,,,,
397,Fig. 1,ID397__fig1.png,PLAIN,158,AXIS_FALLBACK,,,,,,,,"619,1083,441,641",1077,147,147,0.95,leftmost column whose run is >= 0.95 of the longest (147 px),1078:147px;1077:147px;913:123px;912:123px;1045:120px;1044:120px,,,,,,,,,,,,,,,,,,,,,,,,,,,,,,,,,,,,,,,,,,,,,,,,,,
397,Fig. 1,ID397__fig1.png,PLAIN,158,AXIS_FALLBACK,,,,,,,,"138,568,139,251",321,75,75,0.95,leftmost column whose run is >= 0.95 of the longest (75 px),322:75px;321:75px;421:67px;420:67px;519:49px;518:49px,,,,,,,,,,,,,,,,,,,,,,,,,,,,,,,,,,,,,,,,,,,,,,,,,,
397,Fig. 1,ID397__fig1.png,PLAIN,158,AXIS_FALLBACK,,,,,,,,"138,577,1098,1339",176,205,205,0.95,leftmost column whose run is >= 0.95 of the longest (205 px),176:205px;177:204px;365:124px;364:124px;570:117px;569:117px,,,,,,,,,,,,,,,,,,,,,,,,,,,,,,,,,,,,,,,,,,,,,,,,,,
397,Fig. 1,ID397__fig1.png,PLAIN,158,AXIS_FALLBACK,,,,,,,,"624,1083,174,292",841,98,98,0.95,leftmost column whose run is >= 0.95 of the longest (98 px),842:98px;841:98px;876:77px;875:77px;1009:72px;1008:72px,,,,,,,,,,,,,,,,,,,,,,,,,,,,,,,,,,,,,,,,,,,,,,,,,,
397,Fig. 1,ID397__fig1.png,PLAIN,158,AXIS_FALLBACK,,,,,,,,"619,1083,821,990",923,109,109,0.95,leftmost column whose run is >= 0.95 of the longest (109 px),924:109px;923:109px;1054:97px;1053:97px;956:96px;1021:69px,,,,,,,,,,,,,,,,,,,,,,,,,,,,,,,,,,,,,,,,,,,,,,,,,,
397,Fig. 1,ID397__fig1.png,PLAIN,158,AXIS_FALLBACK,,,,,,,,"627,1083,1107,1342",698,204,204,0.95,leftmost column whose run is >= 0.95 of the longest (204 px),698:204px;699:202px;922:107px;921:107px;957:95px;956:94px,,,,,,,,,,,,,,,,,,,,,,,,,,,,,,,,,,,,,,,,,,,,,,,,,,
397,Fig. 1,ID397__fig1.png,PLAIN,158,AXIS_CANDIDATES,,,,,,,,"138,577,445,756",181,,,,leftmost of 1 free runs,181:476-668:free,1,0,476-668,401,93.3,,,,,,,,,,,,,,,,,,,,,,,,,,,,,,,,,,,,,,,,,,,,,
397,Fig. 1,ID397__fig1.png,PLAIN,158,AXIS_FALLBACK,,,,,,,,"138,577,445,756",181,192,192,0.95,leftmost column whose run is >= 0.95 of the longest (192 px),181:192px;367:64px;366:64px;468:63px;467:63px;299:60px,,,,,,,,,,,,,,,,,,,,,,,,,,,,,,,,,,,,,,,,,,,,,,,,,,
397,Fig. 1,ID397__fig1.png,PLAIN,158,AXIS_CANDIDATES,,,,,,,,"619,1083,441,641",715,,,,leftmost of 11 free runs,715:522-607:free;716:522-607:free;748:494-594:free;749:494-594:free;781:479-591:free;782:479-591:free;814:508-601:free;815:508-601:free;846:511-604:free;847:511-604:free;880:498-600:free,11,0,522-607,897,60.0,,,,,,,,,,,,,,,,,,,,,,,,,,,,,,,,,,,,,,,,,,,,,
397,Fig. 1,ID397__fig1.png,PLAIN,158,AXIS_FALLBACK,,,,,,,,"619,1083,441,641",1077,147,147,0.95,leftmost column whose run is >= 0.95 of the longest (147 px),1078:147px;1077:147px;913:123px;912:123px;1045:120px;1044:120px,,,,,,,,,,,,,,,,,,,,,,,,,,,,,,,,,,,,,,,,,,,,,,,,,,
397,Fig. 1,ID397__fig1.png,PLAIN,158,AXIS_CANDIDATES,,,,,,,,"138,568,139,251",321,,,,leftmost of 6 free runs,321:147-222:free;322:147-222:free;354:182-227:free;355:182-227:free;387:186-232:free;388:186-232:free;190:206-251:clipped;191:206-251:clipped,6,2,147-222,396,33.6,,,,,,,,,,,,,,,,,,,,,,,,,,,,,,,,,,,,,,,,,,,,,
397,Fig. 1,ID397__fig1.png,PLAIN,158,AXIS_FALLBACK,,,,,,,,"138,568,139,251",321,75,75,0.95,leftmost column whose run is >= 0.95 of the longest (75 px),322:75px;321:75px;421:67px;420:67px;519:49px;518:49px,,,,,,,,,,,,,,,,,,,,,,,,,,,,,,,,,,,,,,,,,,,,,,,,,,
397,Fig. 1,ID397__fig1.png,PLAIN,158,AXIS_CANDIDATES,,,,,,,,"138,577,1098,1339",176,,,,leftmost of 15 free runs,176:1128-1333:free;177:1128-1332:free;193:1205-1304:free;194:1205-1304:free;227:1195-1306:free;228:1195-1306:free;262:1204-1310:free;296:1205-1322:free;297:1205-1322:free;330:1207-1316:free;331:1207-1316:free;364:1178-1302:free;365:1178-1302:free;398:1167-1278:free;399:1167-1278:free,15,0,1128-1333,401,72.3,,,,,,,,,,,,,,,,,,,,,,,,,,,,,,,,,,,,,,,,,,,,,
397,Fig. 1,ID397__fig1.png,PLAIN,158,AXIS_FALLBACK,,,,,,,,"138,577,1098,1339",176,205,205,0.95,leftmost column whose run is >= 0.95 of the longest (205 px),176:205px;177:204px;365:124px;364:124px;570:117px;569:117px,,,,,,,,,,,,,,,,,,,,,,,,,,,,,,,,,,,,,,,,,,,,,,,,,,
397,Fig. 1,ID397__fig1.png,PLAIN,158,AXIS_CANDIDATES,,,,,,,,"624,1083,174,292",707,,,,leftmost of 4 free runs,707:236-279:free;708:236-279:free;875:200-277:free;876:200-277:free;741:240-292:clipped;742:240-292:clipped;841:174-272:clipped;842:174-272:clipped,4,4,236-279,899,35.4,,,,,,,,,,,,,,,,,,,,,,,,,,,,,,,,,,,,,,,,,,,,,
397,Fig. 1,ID397__fig1.png,PLAIN,158,AXIS_FALLBACK,,,,,,,,"624,1083,174,292",841,98,98,0.95,leftmost column whose run is >= 0.95 of the longest (98 px),842:98px;841:98px;876:77px;875:77px;1009:72px;1008:72px,,,,,,,,,,,,,,,,,,,,,,,,,,,,,,,,,,,,,,,,,,,,,,,,,,
397,Fig. 1,ID397__fig1.png,PLAIN,158,AXIS_CANDIDATES,,,,,,,,"619,1083,821,990",728,,,,leftmost of 3 free runs,728:918-972:free;890:870-930:free;891:870-930:free,3,0,918-972,897,50.7,,,,,,,,,,,,,,,,,,,,,,,,,,,,,,,,,,,,,,,,,,,,,
397,Fig. 1,ID397__fig1.png,PLAIN,158,AXIS_FALLBACK,,,,,,,,"619,1083,821,990",923,109,109,0.95,leftmost column whose run is >= 0.95 of the longest (109 px),924:109px;923:109px;1054:97px;1053:97px;956:96px;1021:69px,,,,,,,,,,,,,,,,,,,,,,,,,,,,,,,,,,,,,,,,,,,,,,,,,,
397,Fig. 1,ID397__fig1.png,PLAIN,158,AXIS_CANDIDATES,,,,,,,,"627,1083,1107,1342",698,,,,leftmost of 6 free runs,698:1132-1336:free;699:1133-1335:free;784:1252-1323:free;785:1252-1323:free;852:1230-1310:free;853:1230-1310:free,6,0,1132-1336,900,70.5,,,,,,,,,,,,,,,,,,,,,,,,,,,,,,,,,,,,,,,,,,,,,
397,Fig. 1,ID397__fig1.png,PLAIN,158,AXIS_FALLBACK,,,,,,,,"627,1083,1107,1342",698,204,204,0.95,leftmost column whose run is >= 0.95 of the longest (204 px),698:204px;699:202px;922:107px;921:107px;957:95px;956:94px,,,,,,,,,,,,,,,,,,,,,,,,,,,,,,,,,,,,,,,,,,,,,,,,,,
397,Fig. 1,ID397__fig1.png,PLAIN,158,ORPHAN,,,,,,,,,,,,,,,,,,,,"352,400,30,46",48,16,NO_PANEL_IN_REACH,0,left 219px share 0.00 reach 220 [share] | overlap 0px share 0.00 reach 34 [share],,,,,,,,,,,,,,,,,,,,,,,,,,,,,,,,,,,,,,,
397,Fig. 1,ID397__fig1.png,PLAIN,158,PIECE_RELATION,,,,,,,,,,,,,,,,,,,,"352,400,30,46",,,,,,OPPOSITE_HALF_UNIQUE_PANEL,1,0,"138,568,139,251",,CONTAINMENT,,,,,,,,,,,,,,,,,,,,,,,,,,,,,,,,,
397,Fig. 1,ID397__fig1.png,PLAIN,158,AXIS_FALLBACK,,,,,,,,"138,568,139,251",321,75,75,0.95,leftmost column whose run is >= 0.95 of the longest (75 px),322:75px;321:75px;421:67px;420:67px;519:49px;518:49px,,,,,,,,,,,,,,,,,,,,,,,,,,,,,,,,,,,,,,,,,,,,,,,,,,
397,Fig. 1,ID397__fig1.png,PLAIN,158,AXIS_FALLBACK,,,,,,,,"138,568,139,251",321,75,75,0.95,leftmost column whose run is >= 0.95 of the longest (75 px),322:75px;321:75px;421:67px;420:67px;519:49px;518:49px,,,,,,,,,,,,,,,,,,,,,,,,,,,,,,,,,,,,,,,,,,,,,,,,,,
397,Fig. 1,ID397__fig1.png,PLAIN,158,AXIS_FALLBACK,,,,,,,,"138,568,139,251",321,75,75,0.95,leftmost column whose run is >= 0.95 of the longest (75 px),322:75px;321:75px;421:67px;420:67px;519:49px;518:49px,,,,,,,,,,,,,,,,,,,,,,,,,,,,,,,,,,,,,,,,,,,,,,,,,,
397,Fig. 1,ID397__fig1.png,PLAIN,158,GATE_SHADOW,3,,,,30,,,,,,,,,,,,,,,"352,400,30,46",,,,,,,,,,,,"138,568,139,251",row,above,False,O,X,-,O,O,-,,,,,,,,,,,,,,,,,,,,,,,
397,Fig. 1,ID397__fig1.png,PLAIN,158,GATE_SHADOW_WHY,,,,,,,,,,,,,,,,,,,,"352,400,30,46",,,,,,,,,,,,"138,568,139,251",,,,,,,,,,"축 없음, 잉크 0.594","행 겹침 -5.81, 패널 행 139-251, 조각 30-46",이 클립에서 캡션을 읽지 못했다,"건너는 간격 0 px, 패널 내부의 가장 큰 간격 0 px","밑변에 선 열 0.00, 축 범위 안 잉크 1.51 (교집합 0.00)",막대·눈금이 0→0개뿐이라 규칙성을 잴 수 없다,,,,,,,,,,,,,,,,,
397,Fig. 1,ID397__fig1.png,PLAIN,158,ORPHAN,,,,,,,,,,,,,,,,,,,,"99,568,76,286",469,210,NO_PANEL_IN_REACH,0,left 56px share 0.95 reach 34 [gap] | overlap 0px share 1.00 reach 34,,,,,,,,,,,,,,,,,,,,,,,,,,,,,,,,,,,,,,,
397,Fig. 1,ID397__fig1.png,PLAIN,158,PIECE_RELATION,,,,,,,,,,,,,,,,,,,,"99,568,76,286",,,,,,SAME_HALF_NESTED_PANEL,0,1,,"138,568,139,251",CONTAINMENT,,,,,,,,,,,,,,,,,,,,,,,,,,,,,,,,,
397,Fig. 1,ID397__fig1.png,PLAIN,158,ORPHAN,,,,,,,,,,,,,,,,,,,,"132,568,315,402",436,87,NO_PANEL_IN_REACH,0,left 51px share 0.00 reach 220 [share] | overlap 0px share 0.00 reach 34 [share],,,,,,,,,,,,,,,,,,,,,,,,,,,,,,,,,,,,,,,
397,Fig. 1,ID397__fig1.png,PLAIN,158,PIECE_RELATION,,,,,,,,,,,,,,,,,,,,"132,568,315,402",,,,,,OPPOSITE_HALF_UNIQUE_PANEL,1,0,"138,568,139,251",,CONTAINMENT,,,,,,,,,,,,,,,,,,,,,,,,,,,,,,,,,
397,Fig. 1,ID397__fig1.png,PLAIN,158,AXIS_FALLBACK,,,,,,,,"138,568,139,251",321,75,75,0.95,leftmost column whose run is >= 0.95 of the longest (75 px),322:75px;321:75px;421:67px;420:67px;519:49px;518:49px,,,,,,,,,,,,,,,,,,,,,,,,,,,,,,,,,,,,,,,,,,,,,,,,,,
397,Fig. 1,ID397__fig1.png,PLAIN,158,AXIS_FALLBACK,,,,,,,,"138,568,139,251",321,75,75,0.95,leftmost column whose run is >= 0.95 of the longest (75 px),322:75px;321:75px;421:67px;420:67px;519:49px;518:49px,,,,,,,,,,,,,,,,,,,,,,,,,,,,,,,,,,,,,,,,,,,,,,,,,,
397,Fig. 1,ID397__fig1.png,PLAIN,158,AXIS_FALLBACK,,,,,,,,"138,568,139,251",321,75,75,0.95,leftmost column whose run is >= 0.95 of the longest (75 px),322:75px;321:75px;421:67px;420:67px;519:49px;518:49px,,,,,,,,,,,,,,,,,,,,,,,,,,,,,,,,,,,,,,,,,,,,,,,,,,
397,Fig. 1,ID397__fig1.png,PLAIN,158,GATE_SHADOW,4,,,,29,,,,,,,,,,,,,,,"132,568,315,402",,,,,,,,,,,,"138,568,139,251",row,below,False,O,X,-,O,O,-,,,,,,,,,,,,,,,,,,,,,,,
397,Fig. 1,ID397__fig1.png,PLAIN,158,GATE_SHADOW_WHY,,,,,,,,,,,,,,,,,,,,"132,568,315,402",,,,,,,,,,,,"138,568,139,251",,,,,,,,,,"축 없음, 잉크 0.088","행 겹침 -0.74, 패널 행 139-251, 조각 315-402",이 클립에서 캡션을 읽지 못했다,"건너는 간격 0 px, 패널 내부의 가장 큰 간격 0 px","밑변에 선 열 0.00, 축 범위 안 잉크 1.62 (교집합 0.00)",막대·눈금이 0→0개뿐이라 규칙성을 잴 수 없다,,,,,,,,,,,,,,,,,
397,Fig. 1,ID397__fig1.png,PLAIN,158,ORPHAN,,,,,,,,,,,,,,,,,,,,"800,887,29,46",87,17,NO_PANEL_IN_REACH,0,overlap 0px share 0.00 reach 220 [share] | right 223px share 0.00 reach 34 [gap] [share],,,,,,,,,,,,,,,,,,,,,,,,,,,,,,,,,,,,,,,
397,Fig. 1,ID397__fig1.png,PLAIN,158,PIECE_RELATION,,,,,,,,,,,,,,,,,,,,"800,887,29,46",,,,,,OPPOSITE_HALF_UNIQUE_PANEL,1,0,"624,1083,174,292",,CONTAINMENT,,,,,,,,,,,,,,,,,,,,,,,,,,,,,,,,,
397,Fig. 1,ID397__fig1.png,PLAIN,158,AXIS_FALLBACK,,,,,,,,"624,1083,174,292",841,98,98,0.95,leftmost column whose run is >= 0.95 of the longest (98 px),842:98px;841:98px;876:77px;875:77px;1009:72px;1008:72px,,,,,,,,,,,,,,,,,,,,,,,,,,,,,,,,,,,,,,,,,,,,,,,,,,
397,Fig. 1,ID397__fig1.png,PLAIN,158,AXIS_FALLBACK,,,,,,,,"624,1083,174,292",841,98,98,0.95,leftmost column whose run is >= 0.95 of the longest (98 px),842:98px;841:98px;876:77px;875:77px;1009:72px;1008:72px,,,,,,,,,,,,,,,,,,,,,,,,,,,,,,,,,,,,,,,,,,,,,,,,,,
397,Fig. 1,ID397__fig1.png,PLAIN,158,AXIS_FALLBACK,,,,,,,,"624,1083,174,292",841,98,98,0.95,leftmost column whose run is >= 0.95 of the longest (98 px),842:98px;841:98px;876:77px;875:77px;1009:72px;1008:72px,,,,,,,,,,,,,,,,,,,,,,,,,,,,,,,,,,,,,,,,,,,,,,,,,,
397,Fig. 1,ID397__fig1.png,PLAIN,158,GATE_SHADOW,5,,,,23,,,,,,,,,,,,,,,"800,887,29,46",,,,,,,,,,,,"624,1083,174,292",row,above,False,O,X,-,O,X,-,,,,,,,,,,,,,,,,,,,,,,,
397,Fig. 1,ID397__fig1.png,PLAIN,158,GATE_SHADOW_WHY,,,,,,,,,,,,,,,,,,,,"800,887,29,46",,,,,,,,,,,,"624,1083,174,292",,,,,,,,,,"축 없음, 잉크 0.513","행 겹침 -7.53, 패널 행 174-292, 조각 29-46",이 클립에서 캡션을 읽지 못했다,"건너는 간격 0 px, 패널 내부의 가장 큰 간격 7 px","밑변에 선 열 0.00, 축 범위 안 잉크 0.86 (교집합 0.00)",막대·눈금이 0→0개뿐이라 규칙성을 잴 수 없다,,,,,,,,,,,,,,,,,
397,Fig. 1,ID397__fig1.png,PLAIN,158,ORPHAN,,,,,,,,,,,,,,,,,,,,"624,1092,69,292",468,223,NO_PANEL_IN_REACH,0,overlap 0px share 1.00 reach 34 | right 56px share 1.00 reach 34 [gap],,,,,,,,,,,,,,,,,,,,,,,,,,,,,,,,,,,,,,,
397,Fig. 1,ID397__fig1.png,PLAIN,158,PIECE_RELATION,,,,,,,,,,,,,,,,,,,,"624,1092,69,292",,,,,,SAME_HALF_NESTED_PANEL,0,1,,"624,1083,174,292",CONTAINMENT,,,,,,,,,,,,,,,,,,,,,,,,,,,,,,,,,
397,Fig. 1,ID397__fig1.png,PLAIN,158,ORPHAN,,,,,,,,,,,,,,,,,,,,"649,1093,314,405",444,91,NO_PANEL_IN_REACH,0,overlap 0px share 0.00 reach 220 [share] | right 72px share 0.00 reach 34 [gap] [share],,,,,,,,,,,,,,,,,,,,,,,,,,,,,,,,,,,,,,,
397,Fig. 1,ID397__fig1.png,PLAIN,158,PIECE_RELATION,,,,,,,,,,,,,,,,,,,,"649,1093,314,405",,,,,,OPPOSITE_HALF_UNIQUE_PANEL,1,0,"624,1083,174,292",,CONTAINMENT,,,,,,,,,,,,,,,,,,,,,,,,,,,,,,,,,
397,Fig. 1,ID397__fig1.png,PLAIN,158,AXIS_FALLBACK,,,,,,,,"624,1083,174,292",841,98,98,0.95,leftmost column whose run is >= 0.95 of the longest (98 px),842:98px;841:98px;876:77px;875:77px;1009:72px;1008:72px,,,,,,,,,,,,,,,,,,,,,,,,,,,,,,,,,,,,,,,,,,,,,,,,,,
397,Fig. 1,ID397__fig1.png,PLAIN,158,AXIS_FALLBACK,,,,,,,,"624,1083,174,292",841,98,98,0.95,leftmost column whose run is >= 0.95 of the longest (98 px),842:98px;841:98px;876:77px;875:77px;1009:72px;1008:72px,,,,,,,,,,,,,,,,,,,,,,,,,,,,,,,,,,,,,,,,,,,,,,,,,,
397,Fig. 1,ID397__fig1.png,PLAIN,158,AXIS_FALLBACK,,,,,,,,"624,1083,174,292",841,98,98,0.95,leftmost column whose run is >= 0.95 of the longest (98 px),842:98px;841:98px;876:77px;875:77px;1009:72px;1008:72px,,,,,,,,,,,,,,,,,,,,,,,,,,,,,,,,,,,,,,,,,,,,,,,,,,
397,Fig. 1,ID397__fig1.png,PLAIN,158,GATE_SHADOW,6,,,,22,,,,,,,,,,,,,,,"649,1093,314,405",,,,,,,,,,,,"624,1083,174,292",row,below,False,O,X,-,O,O,-,,,,,,,,,,,,,,,,,,,,,,,
397,Fig. 1,ID397__fig1.png,PLAIN,158,GATE_SHADOW_WHY,,,,,,,,,,,,,,,,,,,,"649,1093,314,405",,,,,,,,,,,,"624,1083,174,292",,,,,,,,,,"축 없음, 잉크 0.074","행 겹침 -0.24, 패널 행 174-292, 조각 314-405",이 클립에서 캡션을 읽지 못했다,"건너는 간격 0 px, 패널 내부의 가장 큰 간격 7 px","밑변에 선 열 0.00, 축 범위 안 잉크 1.11 (교집합 0.00)",막대·눈금이 0→0개뿐이라 규칙성을 잴 수 없다,,,,,,,,,,,,,,,,,
397,Fig. 1,ID397__fig1.png,PLAIN,158,AXIS_FALLBACK,,,,,,,,"138,577,445,756",181,192,192,0.95,leftmost column whose run is >= 0.95 of the longest (192 px),181:192px;367:64px;366:64px;468:63px;467:63px;299:60px,,,,,,,,,,,,,,,,,,,,,,,,,,,,,,,,,,,,,,,,,,,,,,,,,,
397,Fig. 1,ID397__fig1.png,PLAIN,158,AXIS_FALLBACK,,,,,,,,"138,577,445,756",181,192,192,0.95,leftmost column whose run is >= 0.95 of the longest (192 px),181:192px;367:64px;366:64px;468:63px;467:63px;299:60px,,,,,,,,,,,,,,,,,,,,,,,,,,,,,,,,,,,,,,,,,,,,,,,,,,
397,Fig. 1,ID397__fig1.png,PLAIN,158,AXIS_FALLBACK,,,,,,,,"138,577,445,756",181,192,192,0.95,leftmost column whose run is >= 0.95 of the longest (192 px),181:192px;367:64px;366:64px;468:63px;467:63px;299:60px,,,,,,,,,,,,,,,,,,,,,,,,,,,,,,,,,,,,,,,,,,,,,,,,,,
397,Fig. 1,ID397__fig1.png,PLAIN,158,ORPHAN,,,,21,,,,,,,,,,,,,,,,"102,117,570,615",15,45,OFFERED,,,,,,,,,"138,577,445,756",,left,,,,,,,,,,,,,,34,,,,,,,,,,,,,,,,
397,Fig. 1,ID397__fig1.png,PLAIN,158,GATE,,,,21,,,,,,,,,,,,,,,,"102,117,570,615",,,,,,,,,,,,"138,577,445,756",,left,True,O,O,-,X,O,-,,,,,,,,,,,,,,,,,,,,,,,
397,Fig. 1,ID397__fig1.png,PLAIN,158,GATE_WHY,,,,,,,,,,,,,,,,,,,,"102,117,570,615",,,,,,,,,,,,"138,577,445,756",,,,,,,,,,"축 없음, 잉크 0.332","행 겹침 1.00, 패널 행 445-756, 조각 570-615",이 클립에서 캡션을 읽지 못했다,밑변 행 544에 조각 쪽 잉크가 없다,"밑변에 선 열 0.00, 축 범위 안 잉크 1.00 (교집합 1.00)",합쳐도 표시 개수가 늘지 않는다 (6→6),,,,,,,,,,,,,,,,,
397,Fig. 1,ID397__fig1.png,PLAIN,158,POST,,,,,,,,,,,,,,,,,,,,"102,117,570,615",,,ADOPTED,,,,,,,,,"138,577,445,756",,,,,,,,,,,,,,,,,"102,577,445,756",,,,,,,,,,,,,,,
397,Fig. 1,ID397__fig1.png,PLAIN,158,ORPHAN,,,,,,,,,,,,,,,,,,,,"657,1094,665,748",437,83,NO_PANEL_IN_REACH,0,overlap 0px share 0.00 reach 220 [share] | right 80px share 1.00 reach 34 [gap],,,,,,,,,,,,,,,,,,,,,,,,,,,,,,,,,,,,,,,
397,Fig. 1,ID397__fig1.png,PLAIN,158,PIECE_RELATION,,,,,,,,,,,,,,,,,,,,"657,1094,665,748",,,,,,OPPOSITE_HALF_UNIQUE_PANEL,1,0,"619,1083,441,641",,CONTAINMENT,,,,,,,,,,,,,,,,,,,,,,,,,,,,,,,,,
397,Fig. 1,ID397__fig1.png,PLAIN,158,AXIS_FALLBACK,,,,,,,,"619,1083,441,641",1077,147,147,0.95,leftmost column whose run is >= 0.95 of the longest (147 px),1078:147px;1077:147px;913:123px;912:123px;1045:120px;1044:120px,,,,,,,,,,,,,,,,,,,,,,,,,,,,,,,,,,,,,,,,,,,,,,,,,,
397,Fig. 1,ID397__fig1.png,PLAIN,158,AXIS_FALLBACK,,,,,,,,"619,1083,441,641",1077,147,147,0.95,leftmost column whose run is >= 0.95 of the longest (147 px),1078:147px;1077:147px;913:123px;912:123px;1045:120px;1044:120px,,,,,,,,,,,,,,,,,,,,,,,,,,,,,,,,,,,,,,,,,,,,,,,,,,
397,Fig. 1,ID397__fig1.png,PLAIN,158,AXIS_FALLBACK,,,,,,,,"619,1083,441,641",1077,147,147,0.95,leftmost column whose run is >= 0.95 of the longest (147 px),1078:147px;1077:147px;913:123px;912:123px;1045:120px;1044:120px,,,,,,,,,,,,,,,,,,,,,,,,,,,,,,,,,,,,,,,,,,,,,,,,,,
397,Fig. 1,ID397__fig1.png,PLAIN,158,GATE_SHADOW,10,,,,24,,,,,,,,,,,,,,,"657,1094,665,748",,,,,,,,,,,,"619,1083,441,641",row,below,False,O,X,-,O,O,-,,,,,,,,,,,,,,,,,,,,,,,
397,Fig. 1,ID397__fig1.png,PLAIN,158,GATE_SHADOW_WHY,,,,,,,,,,,,,,,,,,,,"657,1094,665,748",,,,,,,,,,,,"619,1083,441,641",,,,,,,,,,"축 없음, 잉크 0.084","행 겹침 -0.29, 패널 행 441-641, 조각 665-748",이 클립에서 캡션을 읽지 못했다,"건너는 간격 0 px, 패널 내부의 가장 큰 간격 220 px","밑변에 선 열 0.00, 축 범위 안 잉크 1.95 (교집합 0.00)",막대·눈금이 0→0개뿐이라 규칙성을 잴 수 없다,,,,,,,,,,,,,,,,,
397,Fig. 1,ID397__fig1.png,PLAIN,158,AXIS_FALLBACK,,,,,,,,"619,1083,821,990",923,109,109,0.95,leftmost column whose run is >= 0.95 of the longest (109 px),924:109px;923:109px;1054:97px;1053:97px;956:96px;1021:69px,,,,,,,,,,,,,,,,,,,,,,,,,,,,,,,,,,,,,,,,,,,,,,,,,,
397,Fig. 1,ID397__fig1.png,PLAIN,158,AXIS_FALLBACK,,,,,,,,"619,1083,821,990",923,109,109,0.95,leftmost column whose run is >= 0.95 of the longest (109 px),924:109px;923:109px;1054:97px;1053:97px;956:96px;1021:69px,,,,,,,,,,,,,,,,,,,,,,,,,,,,,,,,,,,,,,,,,,,,,,,,,,
397,Fig. 1,ID397__fig1.png,PLAIN,158,AXIS_FALLBACK,,,,,,,,"619,1083,821,990",923,109,109,0.95,leftmost column whose run is >= 0.95 of the longest (109 px),924:109px;923:109px;1054:97px;1053:97px;956:96px;1021:69px,,,,,,,,,,,,,,,,,,,,,,,,,,,,,,,,,,,,,,,,,,,,,,,,,,
397,Fig. 1,ID397__fig1.png,PLAIN,158,ORPHAN,,,,33,,,,,,,,,,,,,,,,"93,586,793,1419",493,626,OFFERED,,,,,,,,,"619,1083,821,990",,left,,,,,,,,,,,,,,34,,,,,,,,,,,,,,,,
397,Fig. 1,ID397__fig1.png,PLAIN,158,GATE,,,,33,,,,,,,,,,,,,,,,"93,586,793,1419",,,,,,,,,,,,"619,1083,821,990",,left,False,O,X,-,X,X,-,,,,,,,,,,,,,,,,,,,,,,,
397,Fig. 1,ID397__fig1.png,PLAIN,158,GATE_WHY,,,,,,,,,,,,,,,,,,,,"93,586,793,1419",,,,,,,,,,,,"619,1083,821,990",,,,,,,,,,"축 없음, 잉크 0.081","행 겹침 1.00, 패널 행 821-990, 조각 793-1419",이 클립에서 캡션을 읽지 못했다,"건너는 간격 391 px, 패널 내부의 가장 큰 간격 24 px","밑변에 선 열 0.00, 축 범위 안 잉크 0.18 (교집합 0.18)",막대·눈금이 0→0개뿐이라 규칙성을 잴 수 없다,,,,,,,,,,,,,,,,,
397,Fig. 1,ID397__fig1.png,PLAIN,158,ORPHAN,,,,,,,,,,,,,,,,,,,,"613,1112,791,1412",499,621,NO_PANEL_IN_REACH,0,overlap 0px share 1.00 reach 34 | right 36px share 1.00 reach 34 [gap],,,,,,,,,,,,,,,,,,,,,,,,,,,,,,,,,,,,,,,
397,Fig. 1,ID397__fig1.png,PLAIN,158,PIECE_RELATION,,,,,,,,,,,,,,,,,,,,"613,1112,791,1412",,,,,,OPPOSITE_AND_NESTED,1,2,"138,577,1098,1339","619,1083,821,990;627,1083,1107,1342",CONTAINMENT,,,,,,,,,,,,,,,,,,,,,,,,,,,,,,,,,
397,Fig. 1,ID397__fig1.png,PLAIN,158,ORPHAN,,,,,,,,,,,,,,,,,,,,"93,148,1437,1458",55,21,NO_PANEL_IN_REACH,0,left 471px share 0.00 reach 220 [gap] [share] | overlap 0px share 0.00 reach 34 [share],,,,,,,,,,,,,,,,,,,,,,,,,,,,,,,,,,,,,,,
397,Fig. 1,ID397__fig1.png,PLAIN,158,PIECE_RELATION,,,,,,,,,,,,,,,,,,,,"93,148,1437,1458",,,,,,NO_SELECTED_PANEL_DESCENDANT,0,0,,,CONTAINMENT,,,,,,,,,,,,,,,,,,,,,,,,,,,,,,,,,
397,Fig. 1,ID397__fig1.png,PLAIN,158,ORPHAN,,,,,,,,,,,,,,,,,,,,"161,624,1437,1458",463,21,NO_PANEL_IN_REACH,0,left 0px share 0.00 reach 34 [share] | overlap 0px share 0.00 reach 34 [share],,,,,,,,,,,,,,,,,,,,,,,,,,,,,,,,,,,,,,,
397,Fig. 1,ID397__fig1.png,PLAIN,158,PIECE_RELATION,,,,,,,,,,,,,,,,,,,,"161,624,1437,1458",,,,,,NO_SELECTED_PANEL_DESCENDANT,0,0,,,CONTAINMENT,,,,,,,,,,,,,,,,,,,,,,,,,,,,,,,,,
397,Fig. 1,ID397__fig1.png,PLAIN,158,AXIS_CANDIDATES,,,,,,,,"102,577,363,756",181,,,,leftmost of 1 free runs,181:476-668:free,1,0,476-668,387,117.9,,,,,,,,,,,,,,,,,,,,,,,,,,,,,,,,,,,,,,,,,,,,,
397,Fig. 1,ID397__fig1.png,PLAIN,158,AXIS_FALLBACK,,,,,,,,"102,577,363,756",181,192,192,0.95,leftmost column whose run is >= 0.95 of the longest (192 px),181:192px;367:64px;366:64px;468:63px;467:63px;299:60px,,,,,,,,,,,,,,,,,,,,,,,,,,,,,,,,,,,,,,,,,,,,,,,,,,
397,Fig. 1,ID397__fig1.png,PLAIN,158,AXIS_CANDIDATES,,,,,,,,"93,587,1034,1458",176,,,,leftmost of 2 free runs,176:1128-1333:free;177:1128-1332:free,2,0,1128-1333,389,127.2,,,,,,,,,,,,,,,,,,,,,,,,,,,,,,,,,,,,,,,,,,,,,
397,Fig. 1,ID397__fig1.png,PLAIN,158,AXIS_FALLBACK,,,,,,,,"93,587,1034,1458",176,205,205,0.95,leftmost column whose run is >= 0.95 of the longest (205 px),176:205px;177:204px;365:124px;364:124px;570:117px;569:117px,,,,,,,,,,,,,,,,,,,,,,,,,,,,,,,,,,,,,,,,,,,,,,,,,,
397,Fig. 1,ID397__fig1.png,PLAIN,158,AXIS_CANDIDATES,,,,,,,,"611,1102,1078,1453",698,,,,leftmost of 2 free runs,698:1132-1336:free;699:1133-1335:free,2,0,1132-1336,905,112.5,,,,,,,,,,,,,,,,,,,,,,,,,,,,,,,,,,,,,,,,,,,,,
397,Fig. 1,ID397__fig1.png,PLAIN,158,AXIS_FALLBACK,,,,,,,,"611,1102,1078,1453",698,204,204,0.95,leftmost column whose run is >= 0.95 of the longest (204 px),698:204px;699:202px;922:107px;921:107px;957:95px;956:94px,,,,,,,,,,,,,,,,,,,,,,,,,,,,,,,,,,,,,,,,,,,,,,,,,,
397,Fig. 1,ID397__fig1.png,PLAIN,158,ORPHAN,,,,,,,,,,,,,,,,,,,,"352,400,30,46",48,16,NO_PANEL_IN_REACH,0,left 211px share 0.00 reach 34 [gap] [share] | overlap 0px share 0.00 reach 34 [share],,,,,,,,,,,,,,,,,,,,,,,,,,,,,,,,,,,,,,,
397,Fig. 1,ID397__fig1.png,PLAIN,158,PIECE_RELATION,,,,,,,,,,,,,,,,,,,,"352,400,30,46",,,,,,NO_SELECTED_PANEL_DESCENDANT,0,0,,,CONTAINMENT,,,,,,,,,,,,,,,,,,,,,,,,,,,,,,,,,
397,Fig. 1,ID397__fig1.png,PLAIN,158,ORPHAN,,,,,,,,,,,,,,,,,,,,"99,568,76,286",469,210,NO_PANEL_IN_REACH,0,left 43px share 0.00 reach 34 [gap] [share] | overlap 0px share 0.00 reach 34 [share],,,,,,,,,,,,,,,,,,,,,,,,,,,,,,,,,,,,,,,
397,Fig. 1,ID397__fig1.png,PLAIN,158,PIECE_RELATION,,,,,,,,,,,,,,,,,,,,"99,568,76,286",,,,,,NO_SELECTED_PANEL_DESCENDANT,0,0,,,CONTAINMENT,,,,,,,,,,,,,,,,,,,,,,,,,,,,,,,,,
397,Fig. 1,ID397__fig1.png,PLAIN,158,ORPHAN,,,,,,,,,,,,,,,,,,,,"132,568,315,402",436,87,NO_PANEL_IN_REACH,0,left 43px share 0.00 reach 34 [gap] [share] | overlap 0px share 0.45 reach 34 [share],,,,,,,,,,,,,,,,,,,,,,,,,,,,,,,,,,,,,,,
397,Fig. 1,ID397__fig1.png,PLAIN,158,PIECE_RELATION,,,,,,,,,,,,,,,,,,,,"132,568,315,402",,,,,,NO_SELECTED_PANEL_DESCENDANT,0,0,,,CONTAINMENT,,,,,,,,,,,,,,,,,,,,,,,,,,,,,,,,,
397,Fig. 1,ID397__fig1.png,PLAIN,158,ORPHAN,,,,,,,,,,,,,,,,,,,,"800,887,29,46",87,17,NO_PANEL_IN_REACH,0,overlap 0px share 0.00 reach 34 [share] | right 223px share 0.00 reach 34 [gap] [share],,,,,,,,,,,,,,,,,,,,,,,,,,,,,,,,,,,,,,,
397,Fig. 1,ID397__fig1.png,PLAIN,158,PIECE_RELATION,,,,,,,,,,,,,,,,,,,,"800,887,29,46",,,,,,NO_SELECTED_PANEL_DESCENDANT,0,0,,,CONTAINMENT,,,,,,,,,,,,,,,,,,,,,,,,,,,,,,,,,
397,Fig. 1,ID397__fig1.png,PLAIN,158,ORPHAN,,,,,,,,,,,,,,,,,,,,"624,1092,69,292",468,223,NO_PANEL_IN_REACH,0,overlap 0px share 0.00 reach 34 [share] | right 47px share 0.00 reach 34 [gap] [share],,,,,,,,,,,,,,,,,,,,,,,,,,,,,,,,,,,,,,,
397,Fig. 1,ID397__fig1.png,PLAIN,158,PIECE_RELATION,,,,,,,,,,,,,,,,,,,,"624,1092,69,292",,,,,,NO_SELECTED_PANEL_DESCENDANT,0,0,,,CONTAINMENT,,,,,,,,,,,,,,,,,,,,,,,,,,,,,,,,,
397,Fig. 1,ID397__fig1.png,PLAIN,158,ORPHAN,,,,,,,,,,,,,,,,,,,,"649,1093,314,405",444,91,NO_PANEL_IN_REACH,0,overlap 0px share 0.00 reach 34 [share] | right 72px share 0.46 reach 34 [gap] [share],,,,,,,,,,,,,,,,,,,,,,,,,,,,,,,,,,,,,,,
397,Fig. 1,ID397__fig1.png,PLAIN,158,PIECE_RELATION,,,,,,,,,,,,,,,,,,,,"649,1093,314,405",,,,,,NO_SELECTED_PANEL_DESCENDANT,0,0,,,CONTAINMENT,,,,,,,,,,,,,,,,,,,,,,,,,,,,,,,,,
397,Fig. 1,ID397__fig1.png,PLAIN,158,ORPHAN,,,,,,,,,,,,,,,,,,,,"102,117,570,615",15,45,NO_PANEL_IN_REACH,0,left 494px share 0.00 reach 34 [gap] [share] | overlap 0px share 1.00 reach 34,,,,,,,,,,,,,,,,,,,,,,,,,,,,,,,,,,,,,,,
397,Fig. 1,ID397__fig1.png,PLAIN,158,PIECE_RELATION,,,,,,,,,,,,,,,,,,,,"102,117,570,615",,,,,,NO_SELECTED_PANEL_DESCENDANT,0,0,,,CONTAINMENT,,,,,,,,,,,,,,,,,,,,,,,,,,,,,,,,,
397,Fig. 1,ID397__fig1.png,PLAIN,158,ORPHAN,,,,,,,,,,,,,,,,,,,,"657,1094,665,748",437,83,NO_PANEL_IN_REACH,0,overlap 0px share 0.00 reach 34 [share] | right 80px share 1.00 reach 34 [gap],,,,,,,,,,,,,,,,,,,,,,,,,,,,,,,,,,,,,,,
397,Fig. 1,ID397__fig1.png,PLAIN,158,PIECE_RELATION,,,,,,,,,,,,,,,,,,,,"657,1094,665,748",,,,,,NO_SELECTED_PANEL_DESCENDANT,0,0,,,CONTAINMENT,,,,,,,,,,,,,,,,,,,,,,,,,,,,,,,,,
397,Fig. 1,ID397__fig1.png,PLAIN,158,AXIS_FALLBACK,,,,,,,,"611,1102,1078,1453",698,204,204,0.95,leftmost column whose run is >= 0.95 of the longest (204 px),698:204px;699:202px;922:107px;921:107px;957:95px;956:94px,,,,,,,,,,,,,,,,,,,,,,,,,,,,,,,,,,,,,,,,,,,,,,,,,,
397,Fig. 1,ID397__fig1.png,PLAIN,158,AXIS_FALLBACK,,,,,,,,"611,1102,1078,1453",698,204,204,0.95,leftmost column whose run is >= 0.95 of the longest (204 px),698:204px;699:202px;922:107px;921:107px;957:95px;956:94px,,,,,,,,,,,,,,,,,,,,,,,,,,,,,,,,,,,,,,,,,,,,,,,,,,
397,Fig. 1,ID397__fig1.png,PLAIN,158,AXIS_FALLBACK,,,,,,,,"611,1102,1078,1453",698,204,204,0.95,leftmost column whose run is >= 0.95 of the longest (204 px),698:204px;699:202px;922:107px;921:107px;957:95px;956:94px,,,,,,,,,,,,,,,,,,,,,,,,,,,,,,,,,,,,,,,,,,,,,,,,,,
397,Fig. 1,ID397__fig1.png,PLAIN,158,ORPHAN,,,,25,,,,,,,,,,,,,,,,"93,586,793,1419",493,626,OFFERED,,,,,,,,,"611,1102,1078,1453",,left,,,,,,,,,,,,,,34,,,,,,,,,,,,,,,,
397,Fig. 1,ID397__fig1.png,PLAIN,158,GATE,,,,25,,,,,,,,,,,,,,,,"93,586,793,1419",,,,,,,,,,,,"611,1102,1078,1453",,left,False,O,X,-,X,X,-,,,,,,,,,,,,,,,,,,,,,,,
397,Fig. 1,ID397__fig1.png,PLAIN,158,GATE_WHY,,,,,,,,,,,,,,,,,,,,"93,586,793,1419",,,,,,,,,,,,"611,1102,1078,1453",,,,,,,,,,"축 없음, 잉크 0.081","행 겹침 0.91, 패널 행 1078-1453, 조각 793-1419",이 클립에서 캡션을 읽지 못했다,"건너는 간격 298 px, 패널 내부의 가장 큰 간격 1 px","밑변에 선 열 0.28, 축 범위 안 잉크 0.37 (교집합 0.37)",막대·눈금이 0→0개뿐이라 규칙성을 잴 수 없다,,,,,,,,,,,,,,,,,
397,Fig. 1,ID397__fig1.png,PLAIN,158,AXIS_FALLBACK,,,,,,,,"93,587,1034,1458",176,205,205,0.95,leftmost column whose run is >= 0.95 of the longest (205 px),176:205px;177:204px;365:124px;364:124px;570:117px;569:117px,,,,,,,,,,,,,,,,,,,,,,,,,,,,,,,,,,,,,,,,,,,,,,,,,,
397,Fig. 1,ID397__fig1.png,PLAIN,158,AXIS_FALLBACK,,,,,,,,"93,587,1034,1458",176,205,205,0.95,leftmost column whose run is >= 0.95 of the longest (205 px),176:205px;177:204px;365:124px;364:124px;570:117px;569:117px,,,,,,,,,,,,,,,,,,,,,,,,,,,,,,,,,,,,,,,,,,,,,,,,,,
397,Fig. 1,ID397__fig1.png,PLAIN,158,AXIS_FALLBACK,,,,,,,,"93,587,1034,1458",176,205,205,0.95,leftmost column whose run is >= 0.95 of the longest (205 px),176:205px;177:204px;365:124px;364:124px;570:117px;569:117px,,,,,,,,,,,,,,,,,,,,,,,,,,,,,,,,,,,,,,,,,,,,,,,,,,
397,Fig. 1,ID397__fig1.png,PLAIN,158,ORPHAN,,,,26,,,,,,,,,,,,,,,,"613,1112,791,1412",499,621,OFFERED,,,,,,,,,"93,587,1034,1458",,right,,,,,,,,,,,,,,34,,,,,,,,,,,,,,,,
397,Fig. 1,ID397__fig1.png,PLAIN,158,GATE,,,,26,,,,,,,,,,,,,,,,"613,1112,791,1412",,,,,,,,,,,,"93,587,1034,1458",,right,False,O,X,-,X,X,-,,,,,,,,,,,,,,,,,,,,,,,
397,Fig. 1,ID397__fig1.png,PLAIN,158,GATE_WHY,,,,,,,,,,,,,,,,,,,,"613,1112,791,1412",,,,,,,,,,,,"93,587,1034,1458",,,,,,,,,,"축 없음, 잉크 0.083","행 겹침 0.89, 패널 행 1034-1458, 조각 791-1412",이 클립에서 캡션을 읽지 못했다,"건너는 간격 40 px, 패널 내부의 가장 큰 간격 1 px","밑변에 선 열 0.02, 축 범위 안 잉크 0.35 (교집합 0.35)",막대·눈금이 0→0개뿐이라 규칙성을 잴 수 없다,,,,,,,,,,,,,,,,,
397,Fig. 1,ID397__fig1.png,PLAIN,158,ORPHAN,,,,,,,,,,,,,,,,,,,,"93,148,1437,1458",55,21,NO_PANEL_IN_REACH,0,left 463px share 0.76 reach 34 [gap] | overlap 0px share 1.00 reach 34,,,,,,,,,,,,,,,,,,,,,,,,,,,,,,,,,,,,,,,
397,Fig. 1,ID397__fig1.png,PLAIN,158,PIECE_RELATION,,,,,,,,,,,,,,,,,,,,"93,148,1437,1458",,,,,,NO_SELECTED_PANEL_DESCENDANT,0,0,,,CONTAINMENT,,,,,,,,,,,,,,,,,,,,,,,,,,,,,,,,,
397,Fig. 1,ID397__fig1.png,PLAIN,158,ORPHAN,,,,,,,,,,,,,,,,,,,,"161,624,1437,1458",463,21,NO_PANEL_IN_REACH,0,overlap 0px share 1.00 reach 34,,,,,,,,,,,,,,,,,,,,,,,,,,,,,,,,,,,,,,,
397,Fig. 1,ID397__fig1.png,PLAIN,158,PIECE_RELATION,,,,,,,,,,,,,,,,,,,,"161,624,1437,1458",,,,,,NO_SELECTED_PANEL_DESCENDANT,0,0,,,CONTAINMENT,,,,,,,,,,,,,,,,,,,,,,,,,,,,,,,,,
397,Fig. 1,ID397__fig1.png,PLAIN,158,AXIS_FALLBACK,,,,,,,,"138,577,445,756",181,192,192,0.95,leftmost column whose run is >= 0.95 of the longest (192 px),181:192px;367:64px;366:64px;468:63px;467:63px;299:60px,,,,,,,,,,,,,,,,,,,,,,,,,,,,,,,,,,,,,,,,,,,,,,,,,,
397,Fig. 1,ID397__fig1.png,PLAIN,158,AXIS_FALLBACK,,,,,,,,"619,1083,441,641",1077,147,147,0.95,leftmost column whose run is >= 0.95 of the longest (147 px),1078:147px;1077:147px;913:123px;912:123px;1045:120px;1044:120px,,,,,,,,,,,,,,,,,,,,,,,,,,,,,,,,,,,,,,,,,,,,,,,,,,
397,Fig. 1,ID397__fig1.png,PLAIN,158,AXIS_FALLBACK,,,,,,,,"138,568,139,251",321,75,75,0.95,leftmost column whose run is >= 0.95 of the longest (75 px),322:75px;321:75px;421:67px;420:67px;519:49px;518:49px,,,,,,,,,,,,,,,,,,,,,,,,,,,,,,,,,,,,,,,,,,,,,,,,,,
397,Fig. 1,ID397__fig1.png,PLAIN,158,AXIS_FALLBACK,,,,,,,,"138,577,1098,1339",176,205,205,0.95,leftmost column whose run is >= 0.95 of the longest (205 px),176:205px;177:204px;365:124px;364:124px;570:117px;569:117px,,,,,,,,,,,,,,,,,,,,,,,,,,,,,,,,,,,,,,,,,,,,,,,,,,
397,Fig. 1,ID397__fig1.png,PLAIN,158,AXIS_FALLBACK,,,,,,,,"624,1083,174,292",841,98,98,0.95,leftmost column whose run is >= 0.95 of the longest (98 px),842:98px;841:98px;876:77px;875:77px;1009:72px;1008:72px,,,,,,,,,,,,,,,,,,,,,,,,,,,,,,,,,,,,,,,,,,,,,,,,,,
397,Fig. 1,ID397__fig1.png,PLAIN,158,AXIS_FALLBACK,,,,,,,,"619,1083,821,990",923,109,109,0.95,leftmost column whose run is >= 0.95 of the longest (109 px),924:109px;923:109px;1054:97px;1053:97px;956:96px;1021:69px,,,,,,,,,,,,,,,,,,,,,,,,,,,,,,,,,,,,,,,,,,,,,,,,,,
397,Fig. 1,ID397__fig1.png,PLAIN,158,AXIS_FALLBACK,,,,,,,,"627,1083,1107,1342",698,204,204,0.95,leftmost column whose run is >= 0.95 of the longest (204 px),698:204px;699:202px;922:107px;921:107px;957:95px;956:94px,,,,,,,,,,,,,,,,,,,,,,,,,,,,,,,,,,,,,,,,,,,,,,,,,,
397,Fig. 1,ID397__fig1.png,PLAIN,158,AXIS_FALLBACK,,,,,,,,"102,577,445,756",181,192,192,0.95,leftmost column whose run is >= 0.95 of the longest (192 px),181:192px;367:64px;366:64px;468:63px;467:63px;299:60px,,,,,,,,,,,,,,,,,,,,,,,,,,,,,,,,,,,,,,,,,,,,,,,,,,
397,Fig. 1,ID397__fig1.png,PLAIN,158,AXIS_FALLBACK,,,,,,,,"102,577,363,756",181,192,192,0.95,leftmost column whose run is >= 0.95 of the longest (192 px),181:192px;367:64px;366:64px;468:63px;467:63px;299:60px,,,,,,,,,,,,,,,,,,,,,,,,,,,,,,,,,,,,,,,,,,,,,,,,,,
397,Fig. 1,ID397__fig1.png,PLAIN,158,AXIS_FALLBACK,,,,,,,,"93,587,1034,1458",176,205,205,0.95,leftmost column whose run is >= 0.95 of the longest (205 px),176:205px;177:204px;365:124px;364:124px;570:117px;569:117px,,,,,,,,,,,,,,,,,,,,,,,,,,,,,,,,,,,,,,,,,,,,,,,,,,
397,Fig. 1,ID397__fig1.png,PLAIN,158,AXIS_FALLBACK,,,,,,,,"611,1102,1078,1453",698,204,204,0.95,leftmost column whose run is >= 0.95 of the longest (204 px),698:204px;699:202px;922:107px;921:107px;957:95px;956:94px,,,,,,,,,,,,,,,,,,,,,,,,,,,,,,,,,,,,,,,,,,,,,,,,,,
397,Fig. 1,ID397__fig1.png,PLAIN,158,AXIS_FALLBACK,,,,,,,,"138,577,1098,1339",176,205,205,0.95,leftmost column whose run is >= 0.95 of the longest (205 px),176:205px;177:204px;365:124px;364:124px;570:117px;569:117px,,,,,,,,,,,,,,,,,,,,,,,,,,,,,,,,,,,,,,,,,,,,,,,,,,
397,Fig. 1,ID397__fig1.png,PLAIN,158,AXIS_CANDIDATES,,,,,,,,"138,577,1098,1339",176,,,,leftmost of 15 free runs,176:1128-1333:free;177:1128-1332:free;193:1205-1304:free;194:1205-1304:free;227:1195-1306:free;228:1195-1306:free;262:1204-1310:free;296:1205-1322:free;297:1205-1322:free;330:1207-1316:free;331:1207-1316:free;364:1178-1302:free;365:1178-1302:free;398:1167-1278:free;399:1167-1278:free,15,0,1128-1333,401,72.3,,,,,,,,,,,,,,,,,,,,,,,,,,,,,,,,,,,,,,,,,,,,,
397,Fig. 1,ID397__fig1.png,PLAIN,158,AXIS_FALLBACK,,,,,,,,"138,568,139,251",321,75,75,0.95,leftmost column whose run is >= 0.95 of the longest (75 px),322:75px;321:75px;421:67px;420:67px;519:49px;518:49px,,,,,,,,,,,,,,,,,,,,,,,,,,,,,,,,,,,,,,,,,,,,,,,,,,
397,Fig. 1,ID397__fig1.png,PLAIN,158,AXIS_CANDIDATES,,,,,,,,"138,568,139,251",321,,,,leftmost of 6 free runs,321:147-222:free;322:147-222:free;354:182-227:free;355:182-227:free;387:186-232:free;388:186-232:free;190:206-251:clipped;191:206-251:clipped,6,2,147-222,396,33.6,,,,,,,,,,,,,,,,,,,,,,,,,,,,,,,,,,,,,,,,,,,,,
397,Fig. 1,ID397__fig1.png,PLAIN,158,AXIS_FALLBACK,,,,,,,,"102,577,445,756",181,192,192,0.95,leftmost column whose run is >= 0.95 of the longest (192 px),181:192px;367:64px;366:64px;468:63px;467:63px;299:60px,,,,,,,,,,,,,,,,,,,,,,,,,,,,,,,,,,,,,,,,,,,,,,,,,,
397,Fig. 1,ID397__fig1.png,PLAIN,158,AXIS_CANDIDATES,,,,,,,,"102,577,445,756",181,,,,leftmost of 1 free runs,181:476-668:free,1,0,476-668,387,93.3,,,,,,,,,,,,,,,,,,,,,,,,,,,,,,,,,,,,,,,,,,,,,
397,Fig. 1,ID397__fig1.png,PLAIN,158,AXIS_FALLBACK,,,,,,,,"138,577,445,756",181,192,192,0.95,leftmost column whose run is >= 0.95 of the longest (192 px),181:192px;367:64px;366:64px;468:63px;467:63px;299:60px,,,,,,,,,,,,,,,,,,,,,,,,,,,,,,,,,,,,,,,,,,,,,,,,,,
397,Fig. 1,ID397__fig1.png,PLAIN,158,AXIS_CANDIDATES,,,,,,,,"138,577,445,756",181,,,,leftmost of 1 free runs,181:476-668:free,1,0,476-668,401,93.3,,,,,,,,,,,,,,,,,,,,,,,,,,,,,,,,,,,,,,,,,,,,,
397,Fig. 1,ID397__fig1.png,CAP,158,CUT,1,row,0,405-441,36,"0,1142,0,423","0,1142,423,1460",,,,,,,,,,,,,,,,,,,,,,,,,,,,,,,,,,,,,,,,,,,,,,,,,,,,,,,,,
397,Fig. 1,ID397__fig1.png,CAP,158,CUT,2,col,1,568-624,56,"0,596,0,423","596,1142,0,423",,,,,,,,,,,,,,,,,,,,,,,,,,,,,,,,,,,,,,,,,,,,,,,,,,,,,,,,,
397,Fig. 1,ID397__fig1.png,CAP,158,CUT,3,row,2,46-76,30,"0,596,0,61","0,596,61,423",,,,,,,,,,,,,,,,,,,,,,,,,,,,,,,,,,,,,,,,,,,,,,,,,,,,,,,,,
397,Fig. 1,ID397__fig1.png,CAP,158,CUT,4,row,3,286-315,29,"0,596,61,300","0,596,300,423",,,,,,,,,,,,,,,,,,,,,,,,,,,,,,,,,,,,,,,,,,,,,,,,,,,,,,,,,
397,Fig. 1,ID397__fig1.png,CAP,158,CUT,5,row,2,46-69,23,"596,1142,0,57","596,1142,57,423",,,,,,,,,,,,,,,,,,,,,,,,,,,,,,,,,,,,,,,,,,,,,,,,,,,,,,,,,
397,Fig. 1,ID397__fig1.png,CAP,158,CUT,6,row,3,292-314,22,"596,1142,57,303","596,1142,303,423",,,,,,,,,,,,,,,,,,,,,,,,,,,,,,,,,,,,,,,,,,,,,,,,,,,,,,,,,
397,Fig. 1,ID397__fig1.png,CAP,158,CUT,7,row,1,756-791,35,"0,1142,423,773","0,1142,773,1460",,,,,,,,,,,,,,,,,,,,,,,,,,,,,,,,,,,,,,,,,,,,,,,,,,,,,,,,,
397,Fig. 1,ID397__fig1.png,CAP,158,CUT,8,col,2,577-619,42,"0,598,423,773","598,1142,423,773",,,,,,,,,,,,,,,,,,,,,,,,,,,,,,,,,,,,,,,,,,,,,,,,,,,,,,,,,
397,Fig. 1,ID397__fig1.png,CAP,158,CUT,9,col,3,117-138,21,"0,127,423,773","127,598,423,773",,,,,,,,,,,,,,,,,,,,,,,,,,,,,,,,,,,,,,,,,,,,,,,,,,,,,,,,,
397,Fig. 1,ID397__fig1.png,CAP,158,CUT,10,row,3,641-665,24,"598,1142,423,653","598,1142,653,773",,,,,,,,,,,,,,,,,,,,,,,,,,,,,,,,,,,,,,,,,,,,,,,,,,,,,,,,,
397,Fig. 1,ID397__fig1.png,CAP,158,CUT,11,row,2,1419-1437,18,"0,1142,773,1428","0,1142,1428,1460",,,,,,,,,,,,,,,,,,,,,,,,,,,,,,,,,,,,,,,,,,,,,,,,,,,,,,,,,
397,Fig. 1,ID397__fig1.png,CAP,158,CUT,12,col,3,586-613,27,"0,599,773,1428","599,1142,773,1428",,,,,,,,,,,,,,,,,,,,,,,,,,,,,,,,,,,,,,,,,,,,,,,,,,,,,,,,,
397,Fig. 1,ID397__fig1.png,CAP,158,CUT,13,col,3,148-161,13,"0,154,1428,1460","154,1142,1428,1460",,,,,,,,,,,,,,,,,,,,,,,,,,,,,,,,,,,,,,,,,,,,,,,,,,,,,,,,,
397,Fig. 1,ID397__fig1.png,CAP,158,AXIS_FALLBACK,,,,,,,,"138,577,445,756",181,192,192,0.95,leftmost column whose run is >= 0.95 of the longest (192 px),181:192px;367:64px;366:64px;468:63px;467:63px;299:60px,,,,,,,,,,,,,,,,,,,,,,,,,,,,,,,,,,,,,,,,,,,,,,,,,,
397,Fig. 1,ID397__fig1.png,CAP,158,AXIS_FALLBACK,,,,,,,,"619,1083,441,641",1077,147,147,0.95,leftmost column whose run is >= 0.95 of the longest (147 px),1078:147px;1077:147px;913:123px;912:123px;1045:120px;1044:120px,,,,,,,,,,,,,,,,,,,,,,,,,,,,,,,,,,,,,,,,,,,,,,,,,,
397,Fig. 1,ID397__fig1.png,CAP,158,AXIS_FALLBACK,,,,,,,,"138,577,445,756",181,192,192,0.95,leftmost column whose run is >= 0.95 of the longest (192 px),181:192px;367:64px;366:64px;468:63px;467:63px;299:60px,,,,,,,,,,,,,,,,,,,,,,,,,,,,,,,,,,,,,,,,,,,,,,,,,,
397,Fig. 1,ID397__fig1.png,CAP,158,AXIS_FALLBACK,,,,,,,,"619,1083,441,641",1077,147,147,0.95,leftmost column whose run is >= 0.95 of the longest (147 px),1078:147px;1077:147px;913:123px;912:123px;1045:120px;1044:120px,,,,,,,,,,,,,,,,,,,,,,,,,,,,,,,,,,,,,,,,,,,,,,,,,,
397,Fig. 1,ID397__fig1.png,CAP,158,AXIS_FALLBACK,,,,,,,,"138,568,139,251",321,75,75,0.95,leftmost column whose run is >= 0.95 of the longest (75 px),322:75px;321:75px;421:67px;420:67px;519:49px;518:49px,,,,,,,,,,,,,,,,,,,,,,,,,,,,,,,,,,,,,,,,,,,,,,,,,,
397,Fig. 1,ID397__fig1.png,CAP,158,AXIS_FALLBACK,,,,,,,,"138,577,1098,1339",176,205,205,0.95,leftmost column whose run is >= 0.95 of the longest (205 px),176:205px;177:204px;365:124px;364:124px;570:117px;569:117px,,,,,,,,,,,,,,,,,,,,,,,,,,,,,,,,,,,,,,,,,,,,,,,,,,
397,Fig. 1,ID397__fig1.png,CAP,158,AXIS_FALLBACK,,,,,,,,"624,1083,174,292",841,98,98,0.95,leftmost column whose run is >= 0.95 of the longest (98 px),842:98px;841:98px;876:77px;875:77px;1009:72px;1008:72px,,,,,,,,,,,,,,,,,,,,,,,,,,,,,,,,,,,,,,,,,,,,,,,,,,
397,Fig. 1,ID397__fig1.png,CAP,158,AXIS_FALLBACK,,,,,,,,"619,1083,821,990",923,109,109,0.95,leftmost column whose run is >= 0.95 of the longest (109 px),924:109px;923:109px;1054:97px;1053:97px;956:96px;1021:69px,,,,,,,,,,,,,,,,,,,,,,,,,,,,,,,,,,,,,,,,,,,,,,,,,,
397,Fig. 1,ID397__fig1.png,CAP,158,AXIS_FALLBACK,,,,,,,,"627,1083,1107,1342",698,204,204,0.95,leftmost column whose run is >= 0.95 of the longest (204 px),698:204px;699:202px;922:107px;921:107px;957:95px;956:94px,,,,,,,,,,,,,,,,,,,,,,,,,,,,,,,,,,,,,,,,,,,,,,,,,,
397,Fig. 1,ID397__fig1.png,CAP,158,AXIS_CANDIDATES,,,,,,,,"138,577,445,756",181,,,,leftmost of 1 free runs,181:476-668:free,1,0,476-668,401,93.3,,,,,,,,,,,,,,,,,,,,,,,,,,,,,,,,,,,,,,,,,,,,,
397,Fig. 1,ID397__fig1.png,CAP,158,AXIS_FALLBACK,,,,,,,,"138,577,445,756",181,192,192,0.95,leftmost column whose run is >= 0.95 of the longest (192 px),181:192px;367:64px;366:64px;468:63px;467:63px;299:60px,,,,,,,,,,,,,,,,,,,,,,,,,,,,,,,,,,,,,,,,,,,,,,,,,,
397,Fig. 1,ID397__fig1.png,CAP,158,AXIS_CANDIDATES,,,,,,,,"619,1083,441,641",715,,,,leftmost of 11 free runs,715:522-607:free;716:522-607:free;748:494-594:free;749:494-594:free;781:479-591:free;782:479-591:free;814:508-601:free;815:508-601:free;846:511-604:free;847:511-604:free;880:498-600:free,11,0,522-607,897,60.0,,,,,,,,,,,,,,,,,,,,,,,,,,,,,,,,,,,,,,,,,,,,,
397,Fig. 1,ID397__fig1.png,CAP,158,AXIS_FALLBACK,,,,,,,,"619,1083,441,641",1077,147,147,0.95,leftmost column whose run is >= 0.95 of the longest (147 px),1078:147px;1077:147px;913:123px;912:123px;1045:120px;1044:120px,,,,,,,,,,,,,,,,,,,,,,,,,,,,,,,,,,,,,,,,,,,,,,,,,,
397,Fig. 1,ID397__fig1.png,CAP,158,AXIS_CANDIDATES,,,,,,,,"138,568,139,251",321,,,,leftmost of 6 free runs,321:147-222:free;322:147-222:free;354:182-227:free;355:182-227:free;387:186-232:free;388:186-232:free;190:206-251:clipped;191:206-251:clipped,6,2,147-222,396,33.6,,,,,,,,,,,,,,,,,,,,,,,,,,,,,,,,,,,,,,,,,,,,,
397,Fig. 1,ID397__fig1.png,CAP,158,AXIS_FALLBACK,,,,,,,,"138,568,139,251",321,75,75,0.95,leftmost column whose run is >= 0.95 of the longest (75 px),322:75px;321:75px;421:67px;420:67px;519:49px;518:49px,,,,,,,,,,,,,,,,,,,,,,,,,,,,,,,,,,,,,,,,,,,,,,,,,,
397,Fig. 1,ID397__fig1.png,CAP,158,AXIS_CANDIDATES,,,,,,,,"138,577,1098,1339",176,,,,leftmost of 15 free runs,176:1128-1333:free;177:1128-1332:free;193:1205-1304:free;194:1205-1304:free;227:1195-1306:free;228:1195-1306:free;262:1204-1310:free;296:1205-1322:free;297:1205-1322:free;330:1207-1316:free;331:1207-1316:free;364:1178-1302:free;365:1178-1302:free;398:1167-1278:free;399:1167-1278:free,15,0,1128-1333,401,72.3,,,,,,,,,,,,,,,,,,,,,,,,,,,,,,,,,,,,,,,,,,,,,
397,Fig. 1,ID397__fig1.png,CAP,158,AXIS_FALLBACK,,,,,,,,"138,577,1098,1339",176,205,205,0.95,leftmost column whose run is >= 0.95 of the longest (205 px),176:205px;177:204px;365:124px;364:124px;570:117px;569:117px,,,,,,,,,,,,,,,,,,,,,,,,,,,,,,,,,,,,,,,,,,,,,,,,,,
397,Fig. 1,ID397__fig1.png,CAP,158,AXIS_CANDIDATES,,,,,,,,"624,1083,174,292",707,,,,leftmost of 4 free runs,707:236-279:free;708:236-279:free;875:200-277:free;876:200-277:free;741:240-292:clipped;742:240-292:clipped;841:174-272:clipped;842:174-272:clipped,4,4,236-279,899,35.4,,,,,,,,,,,,,,,,,,,,,,,,,,,,,,,,,,,,,,,,,,,,,
397,Fig. 1,ID397__fig1.png,CAP,158,AXIS_FALLBACK,,,,,,,,"624,1083,174,292",841,98,98,0.95,leftmost column whose run is >= 0.95 of the longest (98 px),842:98px;841:98px;876:77px;875:77px;1009:72px;1008:72px,,,,,,,,,,,,,,,,,,,,,,,,,,,,,,,,,,,,,,,,,,,,,,,,,,
397,Fig. 1,ID397__fig1.png,CAP,158,AXIS_CANDIDATES,,,,,,,,"619,1083,821,990",728,,,,leftmost of 3 free runs,728:918-972:free;890:870-930:free;891:870-930:free,3,0,918-972,897,50.7,,,,,,,,,,,,,,,,,,,,,,,,,,,,,,,,,,,,,,,,,,,,,
397,Fig. 1,ID397__fig1.png,CAP,158,AXIS_FALLBACK,,,,,,,,"619,1083,821,990",923,109,109,0.95,leftmost column whose run is >= 0.95 of the longest (109 px),924:109px;923:109px;1054:97px;1053:97px;956:96px;1021:69px,,,,,,,,,,,,,,,,,,,,,,,,,,,,,,,,,,,,,,,,,,,,,,,,,,
397,Fig. 1,ID397__fig1.png,CAP,158,AXIS_CANDIDATES,,,,,,,,"627,1083,1107,1342",698,,,,leftmost of 6 free runs,698:1132-1336:free;699:1133-1335:free;784:1252-1323:free;785:1252-1323:free;852:1230-1310:free;853:1230-1310:free,6,0,1132-1336,900,70.5,,,,,,,,,,,,,,,,,,,,,,,,,,,,,,,,,,,,,,,,,,,,,
397,Fig. 1,ID397__fig1.png,CAP,158,AXIS_FALLBACK,,,,,,,,"627,1083,1107,1342",698,204,204,0.95,leftmost column whose run is >= 0.95 of the longest (204 px),698:204px;699:202px;922:107px;921:107px;957:95px;956:94px,,,,,,,,,,,,,,,,,,,,,,,,,,,,,,,,,,,,,,,,,,,,,,,,,,
397,Fig. 1,ID397__fig1.png,CAP,158,ORPHAN,,,,,,,,,,,,,,,,,,,,"352,400,30,46",48,16,NO_PANEL_IN_REACH,0,left 219px share 0.00 reach 220 [share] | overlap 0px share 0.00 reach 34 [share],,,,,,,,,,,,,,,,,,,,,,,,,,,,,,,,,,,,,,,
397,Fig. 1,ID397__fig1.png,CAP,158,PIECE_RELATION,,,,,,,,,,,,,,,,,,,,"352,400,30,46",,,,,,OPPOSITE_HALF_UNIQUE_PANEL,1,0,"138,568,139,251",,CONTAINMENT,,,,,,,,,,,,,,,,,,,,,,,,,,,,,,,,,
397,Fig. 1,ID397__fig1.png,CAP,158,AXIS_FALLBACK,,,,,,,,"138,568,139,251",321,75,75,0.95,leftmost column whose run is >= 0.95 of the longest (75 px),322:75px;321:75px;421:67px;420:67px;519:49px;518:49px,,,,,,,,,,,,,,,,,,,,,,,,,,,,,,,,,,,,,,,,,,,,,,,,,,
397,Fig. 1,ID397__fig1.png,CAP,158,AXIS_FALLBACK,,,,,,,,"138,568,139,251",321,75,75,0.95,leftmost column whose run is >= 0.95 of the longest (75 px),322:75px;321:75px;421:67px;420:67px;519:49px;518:49px,,,,,,,,,,,,,,,,,,,,,,,,,,,,,,,,,,,,,,,,,,,,,,,,,,
397,Fig. 1,ID397__fig1.png,CAP,158,AXIS_FALLBACK,,,,,,,,"138,568,139,251",321,75,75,0.95,leftmost column whose run is >= 0.95 of the longest (75 px),322:75px;321:75px;421:67px;420:67px;519:49px;518:49px,,,,,,,,,,,,,,,,,,,,,,,,,,,,,,,,,,,,,,,,,,,,,,,,,,
397,Fig. 1,ID397__fig1.png,CAP,158,GATE_SHADOW,3,,,,30,,,,,,,,,,,,,,,"352,400,30,46",,,,,,,,,,,,"138,568,139,251",row,above,False,O,X,-,O,O,-,,,,,,,,,,,,,,,,,,,,,,,
397,Fig. 1,ID397__fig1.png,CAP,158,GATE_SHADOW_WHY,,,,,,,,,,,,,,,,,,,,"352,400,30,46",,,,,,,,,,,,"138,568,139,251",,,,,,,,,,"축 없음, 잉크 0.594","행 겹침 -5.81, 패널 행 139-251, 조각 30-46",이 클립에서 캡션을 읽지 못했다,"건너는 간격 0 px, 패널 내부의 가장 큰 간격 0 px","밑변에 선 열 0.00, 축 범위 안 잉크 1.51 (교집합 0.00)",막대·눈금이 0→0개뿐이라 규칙성을 잴 수 없다,,,,,,,,,,,,,,,,,
397,Fig. 1,ID397__fig1.png,CAP,158,ORPHAN,,,,,,,,,,,,,,,,,,,,"99,568,76,286",469,210,NO_PANEL_IN_REACH,0,left 56px share 0.95 reach 34 [gap] | overlap 0px share 1.00 reach 34,,,,,,,,,,,,,,,,,,,,,,,,,,,,,,,,,,,,,,,
397,Fig. 1,ID397__fig1.png,CAP,158,PIECE_RELATION,,,,,,,,,,,,,,,,,,,,"99,568,76,286",,,,,,SAME_HALF_NESTED_PANEL,0,1,,"138,568,139,251",CONTAINMENT,,,,,,,,,,,,,,,,,,,,,,,,,,,,,,,,,
397,Fig. 1,ID397__fig1.png,CAP,158,ORPHAN,,,,,,,,,,,,,,,,,,,,"132,568,315,402",436,87,NO_PANEL_IN_REACH,0,left 51px share 0.00 reach 220 [share] | overlap 0px share 0.00 reach 34 [share],,,,,,,,,,,,,,,,,,,,,,,,,,,,,,,,,,,,,,,
397,Fig. 1,ID397__fig1.png,CAP,158,PIECE_RELATION,,,,,,,,,,,,,,,,,,,,"132,568,315,402",,,,,,OPPOSITE_HALF_UNIQUE_PANEL,1,0,"138,568,139,251",,CONTAINMENT,,,,,,,,,,,,,,,,,,,,,,,,,,,,,,,,,
397,Fig. 1,ID397__fig1.png,CAP,158,AXIS_FALLBACK,,,,,,,,"138,568,139,251",321,75,75,0.95,leftmost column whose run is >= 0.95 of the longest (75 px),322:75px;321:75px;421:67px;420:67px;519:49px;518:49px,,,,,,,,,,,,,,,,,,,,,,,,,,,,,,,,,,,,,,,,,,,,,,,,,,
397,Fig. 1,ID397__fig1.png,CAP,158,AXIS_FALLBACK,,,,,,,,"138,568,139,251",321,75,75,0.95,leftmost column whose run is >= 0.95 of the longest (75 px),322:75px;321:75px;421:67px;420:67px;519:49px;518:49px,,,,,,,,,,,,,,,,,,,,,,,,,,,,,,,,,,,,,,,,,,,,,,,,,,
397,Fig. 1,ID397__fig1.png,CAP,158,AXIS_FALLBACK,,,,,,,,"138,568,139,251",321,75,75,0.95,leftmost column whose run is >= 0.95 of the longest (75 px),322:75px;321:75px;421:67px;420:67px;519:49px;518:49px,,,,,,,,,,,,,,,,,,,,,,,,,,,,,,,,,,,,,,,,,,,,,,,,,,
397,Fig. 1,ID397__fig1.png,CAP,158,GATE_SHADOW,4,,,,29,,,,,,,,,,,,,,,"132,568,315,402",,,,,,,,,,,,"138,568,139,251",row,below,False,O,X,-,O,O,-,,,,,,,,,,,,,,,,,,,,,,,
397,Fig. 1,ID397__fig1.png,CAP,158,GATE_SHADOW_WHY,,,,,,,,,,,,,,,,,,,,"132,568,315,402",,,,,,,,,,,,"138,568,139,251",,,,,,,,,,"축 없음, 잉크 0.088","행 겹침 -0.74, 패널 행 139-251, 조각 315-402",이 클립에서 캡션을 읽지 못했다,"건너는 간격 0 px, 패널 내부의 가장 큰 간격 0 px","밑변에 선 열 0.00, 축 범위 안 잉크 1.62 (교집합 0.00)",막대·눈금이 0→0개뿐이라 규칙성을 잴 수 없다,,,,,,,,,,,,,,,,,
397,Fig. 1,ID397__fig1.png,CAP,158,ORPHAN,,,,,,,,,,,,,,,,,,,,"800,887,29,46",87,17,NO_PANEL_IN_REACH,0,overlap 0px share 0.00 reach 220 [share] | right 223px share 0.00 reach 34 [gap] [share],,,,,,,,,,,,,,,,,,,,,,,,,,,,,,,,,,,,,,,
397,Fig. 1,ID397__fig1.png,CAP,158,PIECE_RELATION,,,,,,,,,,,,,,,,,,,,"800,887,29,46",,,,,,OPPOSITE_HALF_UNIQUE_PANEL,1,0,"624,1083,174,292",,CONTAINMENT,,,,,,,,,,,,,,,,,,,,,,,,,,,,,,,,,
397,Fig. 1,ID397__fig1.png,CAP,158,AXIS_FALLBACK,,,,,,,,"624,1083,174,292",841,98,98,0.95,leftmost column whose run is >= 0.95 of the longest (98 px),842:98px;841:98px;876:77px;875:77px;1009:72px;1008:72px,,,,,,,,,,,,,,,,,,,,,,,,,,,,,,,,,,,,,,,,,,,,,,,,,,
397,Fig. 1,ID397__fig1.png,CAP,158,AXIS_FALLBACK,,,,,,,,"624,1083,174,292",841,98,98,0.95,leftmost column whose run is >= 0.95 of the longest (98 px),842:98px;841:98px;876:77px;875:77px;1009:72px;1008:72px,,,,,,,,,,,,,,,,,,,,,,,,,,,,,,,,,,,,,,,,,,,,,,,,,,
397,Fig. 1,ID397__fig1.png,CAP,158,AXIS_FALLBACK,,,,,,,,"624,1083,174,292",841,98,98,0.95,leftmost column whose run is >= 0.95 of the longest (98 px),842:98px;841:98px;876:77px;875:77px;1009:72px;1008:72px,,,,,,,,,,,,,,,,,,,,,,,,,,,,,,,,,,,,,,,,,,,,,,,,,,
397,Fig. 1,ID397__fig1.png,CAP,158,GATE_SHADOW,5,,,,23,,,,,,,,,,,,,,,"800,887,29,46",,,,,,,,,,,,"624,1083,174,292",row,above,False,O,X,-,O,X,-,,,,,,,,,,,,,,,,,,,,,,,
397,Fig. 1,ID397__fig1.png,CAP,158,GATE_SHADOW_WHY,,,,,,,,,,,,,,,,,,,,"800,887,29,46",,,,,,,,,,,,"624,1083,174,292",,,,,,,,,,"축 없음, 잉크 0.513","행 겹침 -7.53, 패널 행 174-292, 조각 29-46",이 클립에서 캡션을 읽지 못했다,"건너는 간격 0 px, 패널 내부의 가장 큰 간격 7 px","밑변에 선 열 0.00, 축 범위 안 잉크 0.86 (교집합 0.00)",막대·눈금이 0→0개뿐이라 규칙성을 잴 수 없다,,,,,,,,,,,,,,,,,
397,Fig. 1,ID397__fig1.png,CAP,158,ORPHAN,,,,,,,,,,,,,,,,,,,,"624,1092,69,292",468,223,NO_PANEL_IN_REACH,0,overlap 0px share 1.00 reach 34 | right 56px share 1.00 reach 34 [gap],,,,,,,,,,,,,,,,,,,,,,,,,,,,,,,,,,,,,,,
397,Fig. 1,ID397__fig1.png,CAP,158,PIECE_RELATION,,,,,,,,,,,,,,,,,,,,"624,1092,69,292",,,,,,SAME_HALF_NESTED_PANEL,0,1,,"624,1083,174,292",CONTAINMENT,,,,,,,,,,,,,,,,,,,,,,,,,,,,,,,,,
397,Fig. 1,ID397__fig1.png,CAP,158,ORPHAN,,,,,,,,,,,,,,,,,,,,"649,1093,314,405",444,91,NO_PANEL_IN_REACH,0,overlap 0px share 0.00 reach 220 [share] | right 72px share 0.00 reach 34 [gap] [share],,,,,,,,,,,,,,,,,,,,,,,,,,,,,,,,,,,,,,,
397,Fig. 1,ID397__fig1.png,CAP,158,PIECE_RELATION,,,,,,,,,,,,,,,,,,,,"649,1093,314,405",,,,,,OPPOSITE_HALF_UNIQUE_PANEL,1,0,"624,1083,174,292",,CONTAINMENT,,,,,,,,,,,,,,,,,,,,,,,,,,,,,,,,,
397,Fig. 1,ID397__fig1.png,CAP,158,AXIS_FALLBACK,,,,,,,,"624,1083,174,292",841,98,98,0.95,leftmost column whose run is >= 0.95 of the longest (98 px),842:98px;841:98px;876:77px;875:77px;1009:72px;1008:72px,,,,,,,,,,,,,,,,,,,,,,,,,,,,,,,,,,,,,,,,,,,,,,,,,,
397,Fig. 1,ID397__fig1.png,CAP,158,AXIS_FALLBACK,,,,,,,,"624,1083,174,292",841,98,98,0.95,leftmost column whose run is >= 0.95 of the longest (98 px),842:98px;841:98px;876:77px;875:77px;1009:72px;1008:72px,,,,,,,,,,,,,,,,,,,,,,,,,,,,,,,,,,,,,,,,,,,,,,,,,,
397,Fig. 1,ID397__fig1.png,CAP,158,AXIS_FALLBACK,,,,,,,,"624,1083,174,292",841,98,98,0.95,leftmost column whose run is >= 0.95 of the longest (98 px),842:98px;841:98px;876:77px;875:77px;1009:72px;1008:72px,,,,,,,,,,,,,,,,,,,,,,,,,,,,,,,,,,,,,,,,,,,,,,,,,,
397,Fig. 1,ID397__fig1.png,CAP,158,GATE_SHADOW,6,,,,22,,,,,,,,,,,,,,,"649,1093,314,405",,,,,,,,,,,,"624,1083,174,292",row,below,False,O,X,-,O,O,-,,,,,,,,,,,,,,,,,,,,,,,
397,Fig. 1,ID397__fig1.png,CAP,158,GATE_SHADOW_WHY,,,,,,,,,,,,,,,,,,,,"649,1093,314,405",,,,,,,,,,,,"624,1083,174,292",,,,,,,,,,"축 없음, 잉크 0.074","행 겹침 -0.24, 패널 행 174-292, 조각 314-405",이 클립에서 캡션을 읽지 못했다,"건너는 간격 0 px, 패널 내부의 가장 큰 간격 7 px","밑변에 선 열 0.00, 축 범위 안 잉크 1.11 (교집합 0.00)",막대·눈금이 0→0개뿐이라 규칙성을 잴 수 없다,,,,,,,,,,,,,,,,,
397,Fig. 1,ID397__fig1.png,CAP,158,AXIS_FALLBACK,,,,,,,,"138,577,445,756",181,192,192,0.95,leftmost column whose run is >= 0.95 of the longest (192 px),181:192px;367:64px;366:64px;468:63px;467:63px;299:60px,,,,,,,,,,,,,,,,,,,,,,,,,,,,,,,,,,,,,,,,,,,,,,,,,,
397,Fig. 1,ID397__fig1.png,CAP,158,AXIS_FALLBACK,,,,,,,,"138,577,445,756",181,192,192,0.95,leftmost column whose run is >= 0.95 of the longest (192 px),181:192px;367:64px;366:64px;468:63px;467:63px;299:60px,,,,,,,,,,,,,,,,,,,,,,,,,,,,,,,,,,,,,,,,,,,,,,,,,,
397,Fig. 1,ID397__fig1.png,CAP,158,AXIS_FALLBACK,,,,,,,,"138,577,445,756",181,192,192,0.95,leftmost column whose run is >= 0.95 of the longest (192 px),181:192px;367:64px;366:64px;468:63px;467:63px;299:60px,,,,,,,,,,,,,,,,,,,,,,,,,,,,,,,,,,,,,,,,,,,,,,,,,,
397,Fig. 1,ID397__fig1.png,CAP,158,ORPHAN,,,,21,,,,,,,,,,,,,,,,"102,117,570,615",15,45,OFFERED,,,,,,,,,"138,577,445,756",,left,,,,,,,,,,,,,,34,,,,,,,,,,,,,,,,
397,Fig. 1,ID397__fig1.png,CAP,158,GATE,,,,21,,,,,,,,,,,,,,,,"102,117,570,615",,,,,,,,,,,,"138,577,445,756",,left,True,O,O,-,X,O,-,,,,,,,,,,,,,,,,,,,,,,,
397,Fig. 1,ID397__fig1.png,CAP,158,GATE_WHY,,,,,,,,,,,,,,,,,,,,"102,117,570,615",,,,,,,,,,,,"138,577,445,756",,,,,,,,,,"축 없음, 잉크 0.332","행 겹침 1.00, 패널 행 445-756, 조각 570-615",이 클립에서 캡션을 읽지 못했다,밑변 행 544에 조각 쪽 잉크가 없다,"밑변에 선 열 0.00, 축 범위 안 잉크 1.00 (교집합 1.00)",합쳐도 표시 개수가 늘지 않는다 (6→6),,,,,,,,,,,,,,,,,
397,Fig. 1,ID397__fig1.png,CAP,158,POST,,,,,,,,,,,,,,,,,,,,"102,117,570,615",,,ADOPTED,,,,,,,,,"138,577,445,756",,,,,,,,,,,,,,,,,"102,577,445,756",,,,,,,,,,,,,,,
397,Fig. 1,ID397__fig1.png,CAP,158,ORPHAN,,,,,,,,,,,,,,,,,,,,"657,1094,665,748",437,83,NO_PANEL_IN_REACH,0,overlap 0px share 0.00 reach 220 [share] | right 80px share 1.00 reach 34 [gap],,,,,,,,,,,,,,,,,,,,,,,,,,,,,,,,,,,,,,,
397,Fig. 1,ID397__fig1.png,CAP,158,PIECE_RELATION,,,,,,,,,,,,,,,,,,,,"657,1094,665,748",,,,,,OPPOSITE_HALF_UNIQUE_PANEL,1,0,"619,1083,441,641",,CONTAINMENT,,,,,,,,,,,,,,,,,,,,,,,,,,,,,,,,,
397,Fig. 1,ID397__fig1.png,CAP,158,AXIS_FALLBACK,,,,,,,,"619,1083,441,641",1077,147,147,0.95,leftmost column whose run is >= 0.95 of the longest (147 px),1078:147px;1077:147px;913:123px;912:123px;1045:120px;1044:120px,,,,,,,,,,,,,,,,,,,,,,,,,,,,,,,,,,,,,,,,,,,,,,,,,,
397,Fig. 1,ID397__fig1.png,CAP,158,AXIS_FALLBACK,,,,,,,,"619,1083,441,641",1077,147,147,0.95,leftmost column whose run is >= 0.95 of the longest (147 px),1078:147px;1077:147px;913:123px;912:123px;1045:120px;1044:120px,,,,,,,,,,,,,,,,,,,,,,,,,,,,,,,,,,,,,,,,,,,,,,,,,,
397,Fig. 1,ID397__fig1.png,CAP,158,AXIS_FALLBACK,,,,,,,,"619,1083,441,641",1077,147,147,0.95,leftmost column whose run is >= 0.95 of the longest (147 px),1078:147px;1077:147px;913:123px;912:123px;1045:120px;1044:120px,,,,,,,,,,,,,,,,,,,,,,,,,,,,,,,,,,,,,,,,,,,,,,,,,,
397,Fig. 1,ID397__fig1.png,CAP,158,GATE_SHADOW,10,,,,24,,,,,,,,,,,,,,,"657,1094,665,748",,,,,,,,,,,,"619,1083,441,641",row,below,False,O,X,-,O,O,-,,,,,,,,,,,,,,,,,,,,,,,
397,Fig. 1,ID397__fig1.png,CAP,158,GATE_SHADOW_WHY,,,,,,,,,,,,,,,,,,,,"657,1094,665,748",,,,,,,,,,,,"619,1083,441,641",,,,,,,,,,"축 없음, 잉크 0.084","행 겹침 -0.29, 패널 행 441-641, 조각 665-748",이 클립에서 캡션을 읽지 못했다,"건너는 간격 0 px, 패널 내부의 가장 큰 간격 220 px","밑변에 선 열 0.00, 축 범위 안 잉크 1.95 (교집합 0.00)",막대·눈금이 0→0개뿐이라 규칙성을 잴 수 없다,,,,,,,,,,,,,,,,,
397,Fig. 1,ID397__fig1.png,CAP,158,AXIS_FALLBACK,,,,,,,,"619,1083,821,990",923,109,109,0.95,leftmost column whose run is >= 0.95 of the longest (109 px),924:109px;923:109px;1054:97px;1053:97px;956:96px;1021:69px,,,,,,,,,,,,,,,,,,,,,,,,,,,,,,,,,,,,,,,,,,,,,,,,,,
397,Fig. 1,ID397__fig1.png,CAP,158,AXIS_FALLBACK,,,,,,,,"619,1083,821,990",923,109,109,0.95,leftmost column whose run is >= 0.95 of the longest (109 px),924:109px;923:109px;1054:97px;1053:97px;956:96px;1021:69px,,,,,,,,,,,,,,,,,,,,,,,,,,,,,,,,,,,,,,,,,,,,,,,,,,
397,Fig. 1,ID397__fig1.png,CAP,158,AXIS_FALLBACK,,,,,,,,"619,1083,821,990",923,109,109,0.95,leftmost column whose run is >= 0.95 of the longest (109 px),924:109px;923:109px;1054:97px;1053:97px;956:96px;1021:69px,,,,,,,,,,,,,,,,,,,,,,,,,,,,,,,,,,,,,,,,,,,,,,,,,,
397,Fig. 1,ID397__fig1.png,CAP,158,ORPHAN,,,,33,,,,,,,,,,,,,,,,"93,586,793,1419",493,626,OFFERED,,,,,,,,,"619,1083,821,990",,left,,,,,,,,,,,,,,34,,,,,,,,,,,,,,,,
397,Fig. 1,ID397__fig1.png,CAP,158,GATE,,,,33,,,,,,,,,,,,,,,,"93,586,793,1419",,,,,,,,,,,,"619,1083,821,990",,left,False,O,X,-,X,X,-,,,,,,,,,,,,,,,,,,,,,,,
397,Fig. 1,ID397__fig1.png,CAP,158,GATE_WHY,,,,,,,,,,,,,,,,,,,,"93,586,793,1419",,,,,,,,,,,,"619,1083,821,990",,,,,,,,,,"축 없음, 잉크 0.081","행 겹침 1.00, 패널 행 821-990, 조각 793-1419",이 클립에서 캡션을 읽지 못했다,"건너는 간격 391 px, 패널 내부의 가장 큰 간격 24 px","밑변에 선 열 0.00, 축 범위 안 잉크 0.18 (교집합 0.18)",막대·눈금이 0→0개뿐이라 규칙성을 잴 수 없다,,,,,,,,,,,,,,,,,
397,Fig. 1,ID397__fig1.png,CAP,158,ORPHAN,,,,,,,,,,,,,,,,,,,,"613,1112,791,1412",499,621,NO_PANEL_IN_REACH,0,overlap 0px share 1.00 reach 34 | right 36px share 1.00 reach 34 [gap],,,,,,,,,,,,,,,,,,,,,,,,,,,,,,,,,,,,,,,
397,Fig. 1,ID397__fig1.png,CAP,158,PIECE_RELATION,,,,,,,,,,,,,,,,,,,,"613,1112,791,1412",,,,,,OPPOSITE_AND_NESTED,1,2,"138,577,1098,1339","619,1083,821,990;627,1083,1107,1342",CONTAINMENT,,,,,,,,,,,,,,,,,,,,,,,,,,,,,,,,,
397,Fig. 1,ID397__fig1.png,CAP,158,ORPHAN,,,,,,,,,,,,,,,,,,,,"93,148,1437,1458",55,21,NO_PANEL_IN_REACH,0,left 471px share 0.00 reach 220 [gap] [share] | overlap 0px share 0.00 reach 34 [share],,,,,,,,,,,,,,,,,,,,,,,,,,,,,,,,,,,,,,,
397,Fig. 1,ID397__fig1.png,CAP,158,PIECE_RELATION,,,,,,,,,,,,,,,,,,,,"93,148,1437,1458",,,,,,NO_SELECTED_PANEL_DESCENDANT,0,0,,,CONTAINMENT,,,,,,,,,,,,,,,,,,,,,,,,,,,,,,,,,
397,Fig. 1,ID397__fig1.png,CAP,158,ORPHAN,,,,,,,,,,,,,,,,,,,,"161,624,1437,1458",463,21,NO_PANEL_IN_REACH,0,left 0px share 0.00 reach 34 [share] | overlap 0px share 0.00 reach 34 [share],,,,,,,,,,,,,,,,,,,,,,,,,,,,,,,,,,,,,,,
397,Fig. 1,ID397__fig1.png,CAP,158,PIECE_RELATION,,,,,,,,,,,,,,,,,,,,"161,624,1437,1458",,,,,,NO_SELECTED_PANEL_DESCENDANT,0,0,,,CONTAINMENT,,,,,,,,,,,,,,,,,,,,,,,,,,,,,,,,,
397,Fig. 1,ID397__fig1.png,CAP,158,AXIS_CANDIDATES,,,,,,,,"102,577,363,756",181,,,,leftmost of 1 free runs,181:476-668:free,1,0,476-668,387,117.9,,,,,,,,,,,,,,,,,,,,,,,,,,,,,,,,,,,,,,,,,,,,,
397,Fig. 1,ID397__fig1.png,CAP,158,AXIS_FALLBACK,,,,,,,,"102,577,363,756",181,192,192,0.95,leftmost column whose run is >= 0.95 of the longest (192 px),181:192px;367:64px;366:64px;468:63px;467:63px;299:60px,,,,,,,,,,,,,,,,,,,,,,,,,,,,,,,,,,,,,,,,,,,,,,,,,,
397,Fig. 1,ID397__fig1.png,CAP,158,AXIS_CANDIDATES,,,,,,,,"93,587,1034,1458",176,,,,leftmost of 2 free runs,176:1128-1333:free;177:1128-1332:free,2,0,1128-1333,389,127.2,,,,,,,,,,,,,,,,,,,,,,,,,,,,,,,,,,,,,,,,,,,,,
397,Fig. 1,ID397__fig1.png,CAP,158,AXIS_FALLBACK,,,,,,,,"93,587,1034,1458",176,205,205,0.95,leftmost column whose run is >= 0.95 of the longest (205 px),176:205px;177:204px;365:124px;364:124px;570:117px;569:117px,,,,,,,,,,,,,,,,,,,,,,,,,,,,,,,,,,,,,,,,,,,,,,,,,,
397,Fig. 1,ID397__fig1.png,CAP,158,AXIS_CANDIDATES,,,,,,,,"611,1102,1078,1453",698,,,,leftmost of 2 free runs,698:1132-1336:free;699:1133-1335:free,2,0,1132-1336,905,112.5,,,,,,,,,,,,,,,,,,,,,,,,,,,,,,,,,,,,,,,,,,,,,
397,Fig. 1,ID397__fig1.png,CAP,158,AXIS_FALLBACK,,,,,,,,"611,1102,1078,1453",698,204,204,0.95,leftmost column whose run is >= 0.95 of the longest (204 px),698:204px;699:202px;922:107px;921:107px;957:95px;956:94px,,,,,,,,,,,,,,,,,,,,,,,,,,,,,,,,,,,,,,,,,,,,,,,,,,
397,Fig. 1,ID397__fig1.png,CAP,158,ORPHAN,,,,,,,,,,,,,,,,,,,,"352,400,30,46",48,16,NO_PANEL_IN_REACH,0,left 211px share 0.00 reach 34 [gap] [share] | overlap 0px share 0.00 reach 34 [share],,,,,,,,,,,,,,,,,,,,,,,,,,,,,,,,,,,,,,,
397,Fig. 1,ID397__fig1.png,CAP,158,PIECE_RELATION,,,,,,,,,,,,,,,,,,,,"352,400,30,46",,,,,,NO_SELECTED_PANEL_DESCENDANT,0,0,,,CONTAINMENT,,,,,,,,,,,,,,,,,,,,,,,,,,,,,,,,,
397,Fig. 1,ID397__fig1.png,CAP,158,ORPHAN,,,,,,,,,,,,,,,,,,,,"99,568,76,286",469,210,NO_PANEL_IN_REACH,0,left 43px share 0.00 reach 34 [gap] [share] | overlap 0px share 0.00 reach 34 [share],,,,,,,,,,,,,,,,,,,,,,,,,,,,,,,,,,,,,,,
397,Fig. 1,ID397__fig1.png,CAP,158,PIECE_RELATION,,,,,,,,,,,,,,,,,,,,"99,568,76,286",,,,,,NO_SELECTED_PANEL_DESCENDANT,0,0,,,CONTAINMENT,,,,,,,,,,,,,,,,,,,,,,,,,,,,,,,,,
397,Fig. 1,ID397__fig1.png,CAP,158,ORPHAN,,,,,,,,,,,,,,,,,,,,"132,568,315,402",436,87,NO_PANEL_IN_REACH,0,left 43px share 0.00 reach 34 [gap] [share] | overlap 0px share 0.45 reach 34 [share],,,,,,,,,,,,,,,,,,,,,,,,,,,,,,,,,,,,,,,
397,Fig. 1,ID397__fig1.png,CAP,158,PIECE_RELATION,,,,,,,,,,,,,,,,,,,,"132,568,315,402",,,,,,NO_SELECTED_PANEL_DESCENDANT,0,0,,,CONTAINMENT,,,,,,,,,,,,,,,,,,,,,,,,,,,,,,,,,
397,Fig. 1,ID397__fig1.png,CAP,158,ORPHAN,,,,,,,,,,,,,,,,,,,,"800,887,29,46",87,17,NO_PANEL_IN_REACH,0,overlap 0px share 0.00 reach 34 [share] | right 223px share 0.00 reach 34 [gap] [share],,,,,,,,,,,,,,,,,,,,,,,,,,,,,,,,,,,,,,,
397,Fig. 1,ID397__fig1.png,CAP,158,PIECE_RELATION,,,,,,,,,,,,,,,,,,,,"800,887,29,46",,,,,,NO_SELECTED_PANEL_DESCENDANT,0,0,,,CONTAINMENT,,,,,,,,,,,,,,,,,,,,,,,,,,,,,,,,,
397,Fig. 1,ID397__fig1.png,CAP,158,ORPHAN,,,,,,,,,,,,,,,,,,,,"624,1092,69,292",468,223,NO_PANEL_IN_REACH,0,overlap 0px share 0.00 reach 34 [share] | right 47px share 0.00 reach 34 [gap] [share],,,,,,,,,,,,,,,,,,,,,,,,,,,,,,,,,,,,,,,
397,Fig. 1,ID397__fig1.png,CAP,158,PIECE_RELATION,,,,,,,,,,,,,,,,,,,,"624,1092,69,292",,,,,,NO_SELECTED_PANEL_DESCENDANT,0,0,,,CONTAINMENT,,,,,,,,,,,,,,,,,,,,,,,,,,,,,,,,,
397,Fig. 1,ID397__fig1.png,CAP,158,ORPHAN,,,,,,,,,,,,,,,,,,,,"649,1093,314,405",444,91,NO_PANEL_IN_REACH,0,overlap 0px share 0.00 reach 34 [share] | right 72px share 0.46 reach 34 [gap] [share],,,,,,,,,,,,,,,,,,,,,,,,,,,,,,,,,,,,,,,
397,Fig. 1,ID397__fig1.png,CAP,158,PIECE_RELATION,,,,,,,,,,,,,,,,,,,,"649,1093,314,405",,,,,,NO_SELECTED_PANEL_DESCENDANT,0,0,,,CONTAINMENT,,,,,,,,,,,,,,,,,,,,,,,,,,,,,,,,,
397,Fig. 1,ID397__fig1.png,CAP,158,ORPHAN,,,,,,,,,,,,,,,,,,,,"102,117,570,615",15,45,NO_PANEL_IN_REACH,0,left 494px share 0.00 reach 34 [gap] [share] | overlap 0px share 1.00 reach 34,,,,,,,,,,,,,,,,,,,,,,,,,,,,,,,,,,,,,,,
397,Fig. 1,ID397__fig1.png,CAP,158,PIECE_RELATION,,,,,,,,,,,,,,,,,,,,"102,117,570,615",,,,,,NO_SELECTED_PANEL_DESCENDANT,0,0,,,CONTAINMENT,,,,,,,,,,,,,,,,,,,,,,,,,,,,,,,,,
397,Fig. 1,ID397__fig1.png,CAP,158,ORPHAN,,,,,,,,,,,,,,,,,,,,"657,1094,665,748",437,83,NO_PANEL_IN_REACH,0,overlap 0px share 0.00 reach 34 [share] | right 80px share 1.00 reach 34 [gap],,,,,,,,,,,,,,,,,,,,,,,,,,,,,,,,,,,,,,,
397,Fig. 1,ID397__fig1.png,CAP,158,PIECE_RELATION,,,,,,,,,,,,,,,,,,,,"657,1094,665,748",,,,,,NO_SELECTED_PANEL_DESCENDANT,0,0,,,CONTAINMENT,,,,,,,,,,,,,,,,,,,,,,,,,,,,,,,,,
397,Fig. 1,ID397__fig1.png,CAP,158,AXIS_FALLBACK,,,,,,,,"611,1102,1078,1453",698,204,204,0.95,leftmost column whose run is >= 0.95 of the longest (204 px),698:204px;699:202px;922:107px;921:107px;957:95px;956:94px,,,,,,,,,,,,,,,,,,,,,,,,,,,,,,,,,,,,,,,,,,,,,,,,,,
397,Fig. 1,ID397__fig1.png,CAP,158,AXIS_FALLBACK,,,,,,,,"611,1102,1078,1453",698,204,204,0.95,leftmost column whose run is >= 0.95 of the longest (204 px),698:204px;699:202px;922:107px;921:107px;957:95px;956:94px,,,,,,,,,,,,,,,,,,,,,,,,,,,,,,,,,,,,,,,,,,,,,,,,,,
397,Fig. 1,ID397__fig1.png,CAP,158,AXIS_FALLBACK,,,,,,,,"611,1102,1078,1453",698,204,204,0.95,leftmost column whose run is >= 0.95 of the longest (204 px),698:204px;699:202px;922:107px;921:107px;957:95px;956:94px,,,,,,,,,,,,,,,,,,,,,,,,,,,,,,,,,,,,,,,,,,,,,,,,,,
397,Fig. 1,ID397__fig1.png,CAP,158,ORPHAN,,,,25,,,,,,,,,,,,,,,,"93,586,793,1419",493,626,OFFERED,,,,,,,,,"611,1102,1078,1453",,left,,,,,,,,,,,,,,34,,,,,,,,,,,,,,,,
397,Fig. 1,ID397__fig1.png,CAP,158,GATE,,,,25,,,,,,,,,,,,,,,,"93,586,793,1419",,,,,,,,,,,,"611,1102,1078,1453",,left,False,O,X,-,X,X,-,,,,,,,,,,,,,,,,,,,,,,,
397,Fig. 1,ID397__fig1.png,CAP,158,GATE_WHY,,,,,,,,,,,,,,,,,,,,"93,586,793,1419",,,,,,,,,,,,"611,1102,1078,1453",,,,,,,,,,"축 없음, 잉크 0.081","행 겹침 0.91, 패널 행 1078-1453, 조각 793-1419",이 클립에서 캡션을 읽지 못했다,"건너는 간격 298 px, 패널 내부의 가장 큰 간격 1 px","밑변에 선 열 0.28, 축 범위 안 잉크 0.37 (교집합 0.37)",막대·눈금이 0→0개뿐이라 규칙성을 잴 수 없다,,,,,,,,,,,,,,,,,
397,Fig. 1,ID397__fig1.png,CAP,158,AXIS_FALLBACK,,,,,,,,"93,587,1034,1458",176,205,205,0.95,leftmost column whose run is >= 0.95 of the longest (205 px),176:205px;177:204px;365:124px;364:124px;570:117px;569:117px,,,,,,,,,,,,,,,,,,,,,,,,,,,,,,,,,,,,,,,,,,,,,,,,,,
397,Fig. 1,ID397__fig1.png,CAP,158,AXIS_FALLBACK,,,,,,,,"93,587,1034,1458",176,205,205,0.95,leftmost column whose run is >= 0.95 of the longest (205 px),176:205px;177:204px;365:124px;364:124px;570:117px;569:117px,,,,,,,,,,,,,,,,,,,,,,,,,,,,,,,,,,,,,,,,,,,,,,,,,,
397,Fig. 1,ID397__fig1.png,CAP,158,AXIS_FALLBACK,,,,,,,,"93,587,1034,1458",176,205,205,0.95,leftmost column whose run is >= 0.95 of the longest (205 px),176:205px;177:204px;365:124px;364:124px;570:117px;569:117px,,,,,,,,,,,,,,,,,,,,,,,,,,,,,,,,,,,,,,,,,,,,,,,,,,
397,Fig. 1,ID397__fig1.png,CAP,158,ORPHAN,,,,26,,,,,,,,,,,,,,,,"613,1112,791,1412",499,621,OFFERED,,,,,,,,,"93,587,1034,1458",,right,,,,,,,,,,,,,,34,,,,,,,,,,,,,,,,
397,Fig. 1,ID397__fig1.png,CAP,158,GATE,,,,26,,,,,,,,,,,,,,,,"613,1112,791,1412",,,,,,,,,,,,"93,587,1034,1458",,right,False,O,X,-,X,X,-,,,,,,,,,,,,,,,,,,,,,,,
397,Fig. 1,ID397__fig1.png,CAP,158,GATE_WHY,,,,,,,,,,,,,,,,,,,,"613,1112,791,1412",,,,,,,,,,,,"93,587,1034,1458",,,,,,,,,,"축 없음, 잉크 0.083","행 겹침 0.89, 패널 행 1034-1458, 조각 791-1412",이 클립에서 캡션을 읽지 못했다,"건너는 간격 40 px, 패널 내부의 가장 큰 간격 1 px","밑변에 선 열 0.02, 축 범위 안 잉크 0.35 (교집합 0.35)",막대·눈금이 0→0개뿐이라 규칙성을 잴 수 없다,,,,,,,,,,,,,,,,,
397,Fig. 1,ID397__fig1.png,CAP,158,ORPHAN,,,,,,,,,,,,,,,,,,,,"93,148,1437,1458",55,21,NO_PANEL_IN_REACH,0,left 463px share 0.76 reach 34 [gap] | overlap 0px share 1.00 reach 34,,,,,,,,,,,,,,,,,,,,,,,,,,,,,,,,,,,,,,,
397,Fig. 1,ID397__fig1.png,CAP,158,PIECE_RELATION,,,,,,,,,,,,,,,,,,,,"93,148,1437,1458",,,,,,NO_SELECTED_PANEL_DESCENDANT,0,0,,,CONTAINMENT,,,,,,,,,,,,,,,,,,,,,,,,,,,,,,,,,
397,Fig. 1,ID397__fig1.png,CAP,158,ORPHAN,,,,,,,,,,,,,,,,,,,,"161,624,1437,1458",463,21,NO_PANEL_IN_REACH,0,overlap 0px share 1.00 reach 34,,,,,,,,,,,,,,,,,,,,,,,,,,,,,,,,,,,,,,,
397,Fig. 1,ID397__fig1.png,CAP,158,PIECE_RELATION,,,,,,,,,,,,,,,,,,,,"161,624,1437,1458",,,,,,NO_SELECTED_PANEL_DESCENDANT,0,0,,,CONTAINMENT,,,,,,,,,,,,,,,,,,,,,,,,,,,,,,,,,
397,Fig. 1,ID397__fig1.png,CAP,158,AXIS_FALLBACK,,,,,,,,"138,577,445,756",181,192,192,0.95,leftmost column whose run is >= 0.95 of the longest (192 px),181:192px;367:64px;366:64px;468:63px;467:63px;299:60px,,,,,,,,,,,,,,,,,,,,,,,,,,,,,,,,,,,,,,,,,,,,,,,,,,
397,Fig. 1,ID397__fig1.png,CAP,158,AXIS_FALLBACK,,,,,,,,"619,1083,441,641",1077,147,147,0.95,leftmost column whose run is >= 0.95 of the longest (147 px),1078:147px;1077:147px;913:123px;912:123px;1045:120px;1044:120px,,,,,,,,,,,,,,,,,,,,,,,,,,,,,,,,,,,,,,,,,,,,,,,,,,
397,Fig. 1,ID397__fig1.png,CAP,158,AXIS_FALLBACK,,,,,,,,"138,568,139,251",321,75,75,0.95,leftmost column whose run is >= 0.95 of the longest (75 px),322:75px;321:75px;421:67px;420:67px;519:49px;518:49px,,,,,,,,,,,,,,,,,,,,,,,,,,,,,,,,,,,,,,,,,,,,,,,,,,
397,Fig. 1,ID397__fig1.png,CAP,158,AXIS_FALLBACK,,,,,,,,"138,577,1098,1339",176,205,205,0.95,leftmost column whose run is >= 0.95 of the longest (205 px),176:205px;177:204px;365:124px;364:124px;570:117px;569:117px,,,,,,,,,,,,,,,,,,,,,,,,,,,,,,,,,,,,,,,,,,,,,,,,,,
397,Fig. 1,ID397__fig1.png,CAP,158,AXIS_FALLBACK,,,,,,,,"624,1083,174,292",841,98,98,0.95,leftmost column whose run is >= 0.95 of the longest (98 px),842:98px;841:98px;876:77px;875:77px;1009:72px;1008:72px,,,,,,,,,,,,,,,,,,,,,,,,,,,,,,,,,,,,,,,,,,,,,,,,,,
397,Fig. 1,ID397__fig1.png,CAP,158,AXIS_FALLBACK,,,,,,,,"619,1083,821,990",923,109,109,0.95,leftmost column whose run is >= 0.95 of the longest (109 px),924:109px;923:109px;1054:97px;1053:97px;956:96px;1021:69px,,,,,,,,,,,,,,,,,,,,,,,,,,,,,,,,,,,,,,,,,,,,,,,,,,
397,Fig. 1,ID397__fig1.png,CAP,158,AXIS_FALLBACK,,,,,,,,"627,1083,1107,1342",698,204,204,0.95,leftmost column whose run is >= 0.95 of the longest (204 px),698:204px;699:202px;922:107px;921:107px;957:95px;956:94px,,,,,,,,,,,,,,,,,,,,,,,,,,,,,,,,,,,,,,,,,,,,,,,,,,
397,Fig. 1,ID397__fig1.png,CAP,158,AXIS_FALLBACK,,,,,,,,"102,577,445,756",181,192,192,0.95,leftmost column whose run is >= 0.95 of the longest (192 px),181:192px;367:64px;366:64px;468:63px;467:63px;299:60px,,,,,,,,,,,,,,,,,,,,,,,,,,,,,,,,,,,,,,,,,,,,,,,,,,
397,Fig. 1,ID397__fig1.png,CAP,158,AXIS_FALLBACK,,,,,,,,"102,577,363,756",181,192,192,0.95,leftmost column whose run is >= 0.95 of the longest (192 px),181:192px;367:64px;366:64px;468:63px;467:63px;299:60px,,,,,,,,,,,,,,,,,,,,,,,,,,,,,,,,,,,,,,,,,,,,,,,,,,
397,Fig. 1,ID397__fig1.png,CAP,158,AXIS_FALLBACK,,,,,,,,"93,587,1034,1458",176,205,205,0.95,leftmost column whose run is >= 0.95 of the longest (205 px),176:205px;177:204px;365:124px;364:124px;570:117px;569:117px,,,,,,,,,,,,,,,,,,,,,,,,,,,,,,,,,,,,,,,,,,,,,,,,,,
397,Fig. 1,ID397__fig1.png,CAP,158,AXIS_FALLBACK,,,,,,,,"611,1102,1078,1453",698,204,204,0.95,leftmost column whose run is >= 0.95 of the longest (204 px),698:204px;699:202px;922:107px;921:107px;957:95px;956:94px,,,,,,,,,,,,,,,,,,,,,,,,,,,,,,,,,,,,,,,,,,,,,,,,,,
397,Fig. 1,ID397__fig1.png,GRID,158,CUT,1,row,0,405-441,36,"0,1142,0,423","0,1142,423,1460",,,,,,,,,,,,,,,,,,,,,,,,,,,,,,,,,,,,,,,,,,,,,,,,,,,,,,,,,
397,Fig. 1,ID397__fig1.png,GRID,158,CUT,2,col,1,568-624,56,"0,596,0,423","596,1142,0,423",,,,,,,,,,,,,,,,,,,,,,,,,,,,,,,,,,,,,,,,,,,,,,,,,,,,,,,,,
397,Fig. 1,ID397__fig1.png,GRID,158,CUT,3,row,2,46-76,30,"0,596,0,61","0,596,61,423",,,,,,,,,,,,,,,,,,,,,,,,,,,,,,,,,,,,,,,,,,,,,,,,,,,,,,,,,
397,Fig. 1,ID397__fig1.png,GRID,158,CUT,4,row,3,286-315,29,"0,596,61,300","0,596,300,423",,,,,,,,,,,,,,,,,,,,,,,,,,,,,,,,,,,,,,,,,,,,,,,,,,,,,,,,,
397,Fig. 1,ID397__fig1.png,GRID,158,CUT,5,row,2,46-69,23,"596,1142,0,57","596,1142,57,423",,,,,,,,,,,,,,,,,,,,,,,,,,,,,,,,,,,,,,,,,,,,,,,,,,,,,,,,,
397,Fig. 1,ID397__fig1.png,GRID,158,CUT,6,row,3,292-314,22,"596,1142,57,303","596,1142,303,423",,,,,,,,,,,,,,,,,,,,,,,,,,,,,,,,,,,,,,,,,,,,,,,,,,,,,,,,,
397,Fig. 1,ID397__fig1.png,GRID,158,CUT,7,row,1,756-791,35,"0,1142,423,773","0,1142,773,1460",,,,,,,,,,,,,,,,,,,,,,,,,,,,,,,,,,,,,,,,,,,,,,,,,,,,,,,,,
397,Fig. 1,ID397__fig1.png,GRID,158,CUT,8,col,2,577-619,42,"0,598,423,773","598,1142,423,773",,,,,,,,,,,,,,,,,,,,,,,,,,,,,,,,,,,,,,,,,,,,,,,,,,,,,,,,,
397,Fig. 1,ID397__fig1.png,GRID,158,CUT,9,col,3,117-138,21,"0,127,423,773","127,598,423,773",,,,,,,,,,,,,,,,,,,,,,,,,,,,,,,,,,,,,,,,,,,,,,,,,,,,,,,,,
397,Fig. 1,ID397__fig1.png,GRID,158,CUT,10,row,3,641-665,24,"598,1142,423,653","598,1142,653,773",,,,,,,,,,,,,,,,,,,,,,,,,,,,,,,,,,,,,,,,,,,,,,,,,,,,,,,,,
397,Fig. 1,ID397__fig1.png,GRID,158,CUT,11,row,2,1419-1437,18,"0,1142,773,1428","0,1142,1428,1460",,,,,,,,,,,,,,,,,,,,,,,,,,,,,,,,,,,,,,,,,,,,,,,,,,,,,,,,,
397,Fig. 1,ID397__fig1.png,GRID,158,CUT,12,col,3,586-613,27,"0,599,773,1428","599,1142,773,1428",,,,,,,,,,,,,,,,,,,,,,,,,,,,,,,,,,,,,,,,,,,,,,,,,,,,,,,,,
397,Fig. 1,ID397__fig1.png,GRID,158,CUT,13,col,3,148-161,13,"0,154,1428,1460","154,1142,1428,1460",,,,,,,,,,,,,,,,,,,,,,,,,,,,,,,,,,,,,,,,,,,,,,,,,,,,,,,,,
397,Fig. 1,ID397__fig1.png,GRID,158,AXIS_FALLBACK,,,,,,,,"779,908,321,1202",781,112,112,0.95,leftmost column whose run is >= 0.95 of the longest (112 px),782:112px;781:112px;880:102px;847:93px;846:93px;815:93px,,,,,,,,,,,,,,,,,,,,,,,,,,,,,,,,,,,,,,,,,,,,,,,,,,
397,Fig. 1,ID397__fig1.png,GRID,158,AXIS_FALLBACK,,,,,,,,"696,777,283,1202",748,100,100,0.95,leftmost column whose run is >= 0.95 of the longest (100 px),749:100px;748:100px;716:85px;715:85px;698:70px;699:69px,,,,,,,,,,,,,,,,,,,,,,,,,,,,,,,,,,,,,,,,,,,,,,,,,,
397,Fig. 1,ID397__fig1.png,GRID,158,AXIS_FALLBACK,,,,,,,,"431,497,323,1202",467,63,63,0.95,leftmost column whose run is >= 0.95 of the longest (63 px),468:63px;467:63px;434:55px;433:55px;432:38px;466:29px,,,,,,,,,,,,,,,,,,,,,,,,,,,,,,,,,,,,,,,,,,,,,,,,,,
397,Fig. 1,ID397__fig1.png,GRID,158,AXIS_FALLBACK,,,,,,,,"910,974,321,1202",912,123,123,0.95,leftmost column whose run is >= 0.95 of the longest (123 px),913:123px;912:123px;946:115px;945:115px;924:109px;923:109px,,,,,,,,,,,,,,,,,,,,,,,,,,,,,,,,,,,,,,,,,,,,,,,,,,
397,Fig. 1,ID397__fig1.png,GRID,158,AXIS_FALLBACK,,,,,,,,"174,223,323,1202",181,192,192,0.95,leftmost column whose run is >= 0.95 of the longest (192 px),181:192px;177:74px;176:74px;198:47px;196:33px;195:33px,,,,,,,,,,,,,,,,,,,,,,,,,,,,,,,,,,,,,,,,,,,,,,,,,,
397,Fig. 1,ID397__fig1.png,GRID,158,AXIS_FALLBACK,,,,,,,,"779,908,29,107",895,19,19,0.95,leftmost column whose run is >= 0.95 of the longest (19 px),896:19px;895:19px;907:17px;897:17px;894:17px;885:16px,,,,,,,,,,,,,,,,,,,,,,,,,,,,,,,,,,,,,,,,,,,,,,,,,,
397,Fig. 1,ID397__fig1.png,GRID,158,AXIS_FALLBACK,,,,,,,,"779,908,1200,1273",852,43,43,0.95,leftmost column whose run is >= 0.95 of the longest (43 px),888:43px;887:43px;853:43px;852:43px;819:29px;818:29px,,,,,,,,,,,,,,,,,,,,,,,,,,,,,,,,,,,,,,,,,,,,,,,,,,
397,Fig. 1,ID397__fig1.png,GRID,158,AXIS_FALLBACK,,,,,,,,"567,677,1200,1273",569,64,64,0.95,leftmost column whose run is >= 0.95 of the longest (64 px),570:64px;569:64px;675:12px;668:12px;636:10px;676:9px,,,,,,,,,,,,,,,,,,,,,,,,,,,,,,,,,,,,,,,,,,,,,,,,,,
397,Fig. 1,ID397__fig1.png,GRID,158,AXIS_FALLBACK,,,,,,,,"779,908,195,241",841,46,46,0.95,leftmost column whose run is >= 0.95 of the longest (46 px),842:46px;841:46px;876:41px;875:41px;809:20px;808:20px,,,,,,,,,,,,,,,,,,,,,,,,,,,,,,,,,,,,,,,,,,,,,,,,,,
397,Fig. 1,ID397__fig1.png,GRID,158,AXIS_FALLBACK,,,,,,,,"696,777,1200,1273",698,73,73,0.95,leftmost column whose run is >= 0.95 of the longest (73 px),699:73px;698:73px;716:28px;715:28px;750:20px;749:20px,,,,,,,,,,,,,,,,,,,,,,,,,,,,,,,,,,,,,,,,,,,,,,,,,,
397,Fig. 1,ID397__fig1.png,GRID,158,AXIS_FALLBACK,,,,,,,,"779,908,239,279",875,38,38,0.95,leftmost column whose run is >= 0.95 of the longest (38 px),876:38px;875:38px;842:33px;841:33px;809:21px;808:21px,,,,,,,,,,,,,,,,,,,,,,,,,,,,,,,,,,,,,,,,,,,,,,,,,,
397,Fig. 1,ID397__fig1.png,GRID,158,AXIS_FALLBACK,,,,,,,,"567,670,153,197",642,12,12,0.95,leftmost column whose run is >= 0.95 of the longest (12 px),662:12px;656:12px;643:12px;642:12px;668:11px;661:11px,,,,,,,,,,,,,,,,,,,,,,,,,,,,,,,,,,,,,,,,,,,,,,,,,,
397,Fig. 1,ID397__fig1.png,GRID,158,AXIS_FALLBACK,,,,,,,,"910,974,1200,1268",921,63,63,0.95,leftmost column whose run is >= 0.95 of the longest (63 px),922:63px;921:63px;957:49px;956:49px;916:9px;920:8px,,,,,,,,,,,,,,,,,,,,,,,,,,,,,,,,,,,,,,,,,,,,,,,,,,
397,Fig. 1,ID397__fig1.png,GRID,158,AXIS_FALLBACK,,,,,,,,"431,497,1200,1265",432,62,62,0.95,leftmost column whose run is >= 0.95 of the longest (62 px),433:62px;432:62px;468:37px;467:37px;434:29px;491:6px,,,,,,,,,,,,,,,,,,,,,,,,,,,,,,,,,,,,,,,,,,,,,,,,,,
397,Fig. 1,ID397__fig1.png,GRID,158,AXIS_FALLBACK,,,,,,,,"698,777,239,285",741,45,45,0.95,leftmost column whose run is >= 0.95 of the longest (45 px),742:45px;741:45px;708:40px;707:40px;775:27px;774:27px,,,,,,,,,,,,,,,,,,,,,,,,,,,,,,,,,,,,,,,,,,,,,,,,,,
397,Fig. 1,ID397__fig1.png,GRID,158,AXIS_FALLBACK,,,,,,,,"174,223,1200,1273",176,73,73,0.95,leftmost column whose run is >= 0.95 of the longest (73 px),177:73px;176:73px;194:68px;193:68px;222:7px;221:6px,,,,,,,,,,,,,,,,,,,,,,,,,,,,,,,,,,,,,,,,,,,,,,,,,,
397,Fig. 1,ID397__fig1.png,GRID,158,AXIS_FALLBACK,,,,,,,,"703,777,195,241",741,33,33,0.95,leftmost column whose run is >= 0.95 of the longest (33 px),742:33px;741:33px;775:14px;774:14px;740:9px;739:9px,,,,,,,,,,,,,,,,,,,,,,,,,,,,,,,,,,,,,,,,,,,,,,,,,,
397,Fig. 1,ID397__fig1.png,GRID,158,AXIS_FALLBACK,,,,,,,,"431,497,195,236",453,28,29,0.95,leftmost column whose run is >= 0.95 of the longest (29 px),486:29px;485:29px;454:28px;453:28px;487:12px;488:11px,,,,,,,,,,,,,,,,,,,,,,,,,,,,,,,,,,,,,,,,,,,,,,,,,,
397,Fig. 1,ID397__fig1.png,GRID,158,AXIS_FALLBACK,,,,,,,,"910,974,239,279",941,40,40,0.95,leftmost column whose run is >= 0.95 of the longest (40 px),942:40px;941:40px;944:7px;943:7px;940:7px;939:7px,,,,,,,,,,,,,,,,,,,,,,,,,,,,,,,,,,,,,,,,,,,,,,,,,,
397,Fig. 1,ID397__fig1.png,GRID,158,AXIS_FALLBACK,,,,,,,,"174,223,195,241",190,35,35,0.95,leftmost column whose run is >= 0.95 of the longest (35 px),191:35px;190:35px;192:9px;220:7px;219:7px;218:7px,,,,,,,,,,,,,,,,,,,,,,,,,,,,,,,,,,,,,,,,,,,,,,,,,,
397,Fig. 1,ID397__fig1.png,GRID,158,AXIS_FALLBACK,,,,,,,,"624,670,195,241",656,12,12,0.95,leftmost column whose run is >= 0.95 of the longest (12 px),668:12px;661:12px;656:12px;631:10px;630:10px;660:9px,,,,,,,,,,,,,,,,,,,,,,,,,,,,,,,,,,,,,,,,,,,,,,,,,,
397,Fig. 1,ID397__fig1.png,GRID,158,AXIS_FALLBACK,,,,,,,,"174,223,239,280",190,12,12,0.95,leftmost column whose run is >= 0.95 of the longest (12 px),191:12px;190:12px;195:2px;194:2px;193:2px;192:2px,,,,,,,,,,,,,,,,,,,,,,,,,,,,,,,,,,,,,,,,,,,,,,,,,,
397,Fig. 1,ID397__fig1.png,GRID,158,AXIS_FALLBACK,,,,,,,,"628,670,239,285",629,15,15,0.95,leftmost column whose run is >= 0.95 of the longest (15 px),629:15px;668:12px;661:12px;660:9px;669:8px;656:7px,,,,,,,,,,,,,,,,,,,,,,,,,,,,,,,,,,,,,,,,,,,,,,,,,,
397,Fig. 1,ID397__fig1.png,GRID,158,AXIS_FALLBACK,,,,,,,,"779,908,321,1202",781,112,112,0.95,leftmost column whose run is >= 0.95 of the longest (112 px),782:112px;781:112px;880:102px;847:93px;846:93px;815:93px,,,,,,,,,,,,,,,,,,,,,,,,,,,,,,,,,,,,,,,,,,,,,,,,,,
397,Fig. 1,ID397__fig1.png,GRID,158,AXIS_FALLBACK,,,,,,,,"910,974,321,1202",912,123,123,0.95,leftmost column whose run is >= 0.95 of the longest (123 px),913:123px;912:123px;946:115px;945:115px;924:109px;923:109px,,,,,,,,,,,,,,,,,,,,,,,,,,,,,,,,,,,,,,,,,,,,,,,,,,
397,Fig. 1,ID397__fig1.png,GRID,158,AXIS_FALLBACK,,,,,,,,"696,777,283,1202",748,100,100,0.95,leftmost column whose run is >= 0.95 of the longest (100 px),749:100px;748:100px;716:85px;715:85px;698:70px;699:69px,,,,,,,,,,,,,,,,,,,,,,,,,,,,,,,,,,,,,,,,,,,,,,,,,,
397,Fig. 1,ID397__fig1.png,GRID,158,AXIS_FALLBACK,,,,,,,,"779,974,321,1202",912,123,123,0.95,leftmost column whose run is >= 0.95 of the longest (123 px),913:123px;912:123px;946:115px;945:115px;782:112px;781:112px,,,,,,,,,,,,,,,,,,,,,,,,,,,,,,,,,,,,,,,,,,,,,,,,,,
397,Fig. 1,ID397__fig1.png,GRID,158,AXIS_FALLBACK,,,,,,,,"779,908,1200,1273",852,43,43,0.95,leftmost column whose run is >= 0.95 of the longest (43 px),888:43px;887:43px;853:43px;852:43px;819:29px;818:29px,,,,,,,,,,,,,,,,,,,,,,,,,,,,,,,,,,,,,,,,,,,,,,,,,,
397,Fig. 1,ID397__fig1.png,GRID,158,AXIS_FALLBACK,,,,,,,,"910,974,1200,1268",921,63,63,0.95,leftmost column whose run is >= 0.95 of the longest (63 px),922:63px;921:63px;957:49px;956:49px;916:9px;920:8px,,,,,,,,,,,,,,,,,,,,,,,,,,,,,,,,,,,,,,,,,,,,,,,,,,
397,Fig. 1,ID397__fig1.png,GRID,158,AXIS_FALLBACK,,,,,,,,"567,677,1200,1273",569,64,64,0.95,leftmost column whose run is >= 0.95 of the longest (64 px),570:64px;569:64px;675:12px;668:12px;636:10px;676:9px,,,,,,,,,,,,,,,,,,,,,,,,,,,,,,,,,,,,,,,,,,,,,,,,,,
397,Fig. 1,ID397__fig1.png,GRID,158,AXIS_FALLBACK,,,,,,,,"696,777,1200,1273",698,73,73,0.95,leftmost column whose run is >= 0.95 of the longest (73 px),699:73px;698:73px;716:28px;715:28px;750:20px;749:20px,,,,,,,,,,,,,,,,,,,,,,,,,,,,,,,,,,,,,,,,,,,,,,,,,,
397,Fig. 1,ID397__fig1.png,GRID,158,AXIS_FALLBACK,,,,,,,,"696,777,1200,1273",698,73,73,0.95,leftmost column whose run is >= 0.95 of the longest (73 px),699:73px;698:73px;716:28px;715:28px;750:20px;749:20px,,,,,,,,,,,,,,,,,,,,,,,,,,,,,,,,,,,,,,,,,,,,,,,,,,
397,Fig. 1,ID397__fig1.png,GRID,158,AXIS_FALLBACK,,,,,,,,"779,974,1200,1273",921,63,63,0.95,leftmost column whose run is >= 0.95 of the longest (63 px),922:63px;921:63px;957:49px;956:49px;888:43px;887:43px,,,,,,,,,,,,,,,,,,,,,,,,,,,,,,,,,,,,,,,,,,,,,,,,,,
397,Fig. 1,ID397__fig1.png,GRID,158,AXIS_FALLBACK,,,,,,,,"567,677,1200,1273",569,64,64,0.95,leftmost column whose run is >= 0.95 of the longest (64 px),570:64px;569:64px;675:12px;668:12px;636:10px;676:9px,,,,,,,,,,,,,,,,,,,,,,,,,,,,,,,,,,,,,,,,,,,,,,,,,,
397,Fig. 1,ID397__fig1.png,GRID,158,AXIS_FALLBACK,,,,,,,,"696,974,1200,1273",698,73,73,0.95,leftmost column whose run is >= 0.95 of the longest (73 px),699:73px;698:73px;922:63px;921:63px;957:49px;956:49px,,,,,,,,,,,,,,,,,,,,,,,,,,,,,,,,,,,,,,,,,,,,,,,,,,
397,Fig. 1,ID397__fig1.png,GRID,158,AXIS_FALLBACK,,,,,,,,"779,908,239,279",875,38,38,0.95,leftmost column whose run is >= 0.95 of the longest (38 px),876:38px;875:38px;842:33px;841:33px;809:21px;808:21px,,,,,,,,,,,,,,,,,,,,,,,,,,,,,,,,,,,,,,,,,,,,,,,,,,
397,Fig. 1,ID397__fig1.png,GRID,158,AXIS_FALLBACK,,,,,,,,"910,974,239,279",941,40,40,0.95,leftmost column whose run is >= 0.95 of the longest (40 px),942:40px;941:40px;944:7px;943:7px;940:7px;939:7px,,,,,,,,,,,,,,,,,,,,,,,,,,,,,,,,,,,,,,,,,,,,,,,,,,
397,Fig. 1,ID397__fig1.png,GRID,158,AXIS_FALLBACK,,,,,,,,"567,677,1200,1273",569,64,64,0.95,leftmost column whose run is >= 0.95 of the longest (64 px),570:64px;569:64px;675:12px;668:12px;636:10px;676:9px,,,,,,,,,,,,,,,,,,,,,,,,,,,,,,,,,,,,,,,,,,,,,,,,,,
397,Fig. 1,ID397__fig1.png,GRID,158,AXIS_FALLBACK,,,,,,,,"696,974,1200,1273",698,73,73,0.95,leftmost column whose run is >= 0.95 of the longest (73 px),699:73px;698:73px;922:63px;921:63px;957:49px;956:49px,,,,,,,,,,,,,,,,,,,,,,,,,,,,,,,,,,,,,,,,,,,,,,,,,,
397,Fig. 1,ID397__fig1.png,GRID,158,AXIS_FALLBACK,,,,,,,,"698,777,239,285",741,45,45,0.95,leftmost column whose run is >= 0.95 of the longest (45 px),742:45px;741:45px;708:40px;707:40px;775:27px;774:27px,,,,,,,,,,,,,,,,,,,,,,,,,,,,,,,,,,,,,,,,,,,,,,,,,,
397,Fig. 1,ID397__fig1.png,GRID,158,AXIS_FALLBACK,,,,,,,,"779,974,239,279",875,38,40,0.95,leftmost column whose run is >= 0.95 of the longest (40 px),942:40px;941:40px;876:38px;875:38px;909:33px;908:33px,,,,,,,,,,,,,,,,,,,,,,,,,,,,,,,,,,,,,,,,,,,,,,,,,,
397,Fig. 1,ID397__fig1.png,GRID,158,AXIS_FALLBACK,,,,,,,,"567,677,1200,1273",569,64,64,0.95,leftmost column whose run is >= 0.95 of the longest (64 px),570:64px;569:64px;675:12px;668:12px;636:10px;676:9px,,,,,,,,,,,,,,,,,,,,,,,,,,,,,,,,,,,,,,,,,,,,,,,,,,
397,Fig. 1,ID397__fig1.png,GRID,158,AXIS_FALLBACK,,,,,,,,"696,974,1200,1273",698,73,73,0.95,leftmost column whose run is >= 0.95 of the longest (73 px),699:73px;698:73px;922:63px;921:63px;957:49px;956:49px,,,,,,,,,,,,,,,,,,,,,,,,,,,,,,,,,,,,,,,,,,,,,,,,,,
397,Fig. 1,ID397__fig1.png,GRID,158,AXIS_FALLBACK,,,,,,,,"703,777,195,241",741,33,33,0.95,leftmost column whose run is >= 0.95 of the longest (33 px),742:33px;741:33px;775:14px;774:14px;740:9px;739:9px,,,,,,,,,,,,,,,,,,,,,,,,,,,,,,,,,,,,,,,,,,,,,,,,,,
397,Fig. 1,ID397__fig1.png,GRID,158,AXIS_FALLBACK,,,,,,,,"779,908,195,241",841,46,46,0.95,leftmost column whose run is >= 0.95 of the longest (46 px),842:46px;841:46px;876:41px;875:41px;809:20px;808:20px,,,,,,,,,,,,,,,,,,,,,,,,,,,,,,,,,,,,,,,,,,,,,,,,,,
397,Fig. 1,ID397__fig1.png,GRID,158,AXIS_FALLBACK,,,,,,,,"628,670,239,285",629,15,15,0.95,leftmost column whose run is >= 0.95 of the longest (15 px),629:15px;668:12px;661:12px;660:9px;669:8px;656:7px,,,,,,,,,,,,,,,,,,,,,,,,,,,,,,,,,,,,,,,,,,,,,,,,,,
397,Fig. 1,ID397__fig1.png,GRID,158,AXIS_FALLBACK,,,,,,,,"698,974,239,285",741,45,45,0.95,leftmost column whose run is >= 0.95 of the longest (45 px),742:45px;741:45px;942:40px;941:40px;708:40px;707:40px,,,,,,,,,,,,,,,,,,,,,,,,,,,,,,,,,,,,,,,,,,,,,,,,,,
397,Fig. 1,ID397__fig1.png,GRID,158,AXIS_FALLBACK,,,,,,,,"138,577,445,756",181,192,192,0.95,leftmost column whose run is >= 0.95 of the longest (192 px),181:192px;367:64px;366:64px;468:63px;467:63px;299:60px,,,,,,,,,,,,,,,,,,,,,,,,,,,,,,,,,,,,,,,,,,,,,,,,,,
397,Fig. 1,ID397__fig1.png,GRID,158,AXIS_FALLBACK,,,,,,,,"619,1083,441,641",1077,147,147,0.95,leftmost column whose run is >= 0.95 of the longest (147 px),1078:147px;1077:147px;913:123px;912:123px;1045:120px;1044:120px,,,,,,,,,,,,,,,,,,,,,,,,,,,,,,,,,,,,,,,,,,,,,,,,,,
397,Fig. 1,ID397__fig1.png,GRID,158,AXIS_FALLBACK,,,,,,,,"567,677,1200,1273",569,64,64,0.95,leftmost column whose run is >= 0.95 of the longest (64 px),570:64px;569:64px;675:12px;668:12px;636:10px;676:9px,,,,,,,,,,,,,,,,,,,,,,,,,,,,,,,,,,,,,,,,,,,,,,,,,,
397,Fig. 1,ID397__fig1.png,GRID,158,AXIS_FALLBACK,,,,,,,,"696,974,1200,1273",698,73,73,0.95,leftmost column whose run is >= 0.95 of the longest (73 px),699:73px;698:73px;922:63px;921:63px;957:49px;956:49px,,,,,,,,,,,,,,,,,,,,,,,,,,,,,,,,,,,,,,,,,,,,,,,,,,
397,Fig. 1,ID397__fig1.png,GRID,158,AXIS_FALLBACK,,,,,,,,"703,777,195,241",741,33,33,0.95,leftmost column whose run is >= 0.95 of the longest (33 px),742:33px;741:33px;775:14px;774:14px;740:9px;739:9px,,,,,,,,,,,,,,,,,,,,,,,,,,,,,,,,,,,,,,,,,,,,,,,,,,
397,Fig. 1,ID397__fig1.png,GRID,158,AXIS_FALLBACK,,,,,,,,"779,908,195,241",841,46,46,0.95,leftmost column whose run is >= 0.95 of the longest (46 px),842:46px;841:46px;876:41px;875:41px;809:20px;808:20px,,,,,,,,,,,,,,,,,,,,,,,,,,,,,,,,,,,,,,,,,,,,,,,,,,
397,Fig. 1,ID397__fig1.png,GRID,158,AXIS_FALLBACK,,,,,,,,"628,670,239,285",629,15,15,0.95,leftmost column whose run is >= 0.95 of the longest (15 px),629:15px;668:12px;661:12px;660:9px;669:8px;656:7px,,,,,,,,,,,,,,,,,,,,,,,,,,,,,,,,,,,,,,,,,,,,,,,,,,
397,Fig. 1,ID397__fig1.png,GRID,158,AXIS_FALLBACK,,,,,,,,"698,974,239,285",741,45,45,0.95,leftmost column whose run is >= 0.95 of the longest (45 px),742:45px;741:45px;942:40px;941:40px;708:40px;707:40px,,,,,,,,,,,,,,,,,,,,,,,,,,,,,,,,,,,,,,,,,,,,,,,,,,
397,Fig. 1,ID397__fig1.png,GRID,158,AXIS_FALLBACK,,,,,,,,"174,223,1128,1333",176,205,205,0.95,leftmost column whose run is >= 0.95 of the longest (205 px),176:205px;177:204px;194:99px;193:99px;222:7px;221:6px,,,,,,,,,,,,,,,,,,,,,,,,,,,,,,,,,,,,,,,,,,,,,,,,,,
397,Fig. 1,ID397__fig1.png,GRID,158,AXIS_FALLBACK,,,,,,,,"779,908,174,277",841,98,98,0.95,leftmost column whose run is >= 0.95 of the longest (98 px),842:98px;841:98px;876:77px;875:77px;809:38px;808:38px,,,,,,,,,,,,,,,,,,,,,,,,,,,,,,,,,,,,,,,,,,,,,,,,,,
397,Fig. 1,ID397__fig1.png,GRID,158,AXIS_FALLBACK,,,,,,,,"567,677,515,582",568,48,48,0.95,leftmost column whose run is >= 0.95 of the longest (48 px),569:48px;568:48px;664:14px;663:14px;662:13px;676:12px,,,,,,,,,,,,,,,,,,,,,,,,,,,,,,,,,,,,,,,,,,,,,,,,,,
397,Fig. 1,ID397__fig1.png,GRID,158,AXIS_FALLBACK,,,,,,,,"567,677,900,951",568,40,40,0.95,leftmost column whose run is >= 0.95 of the longest (40 px),569:40px;568:40px;651:15px;665:14px;664:14px;652:14px,,,,,,,,,,,,,,,,,,,,,,,,,,,,,,,,,,,,,,,,,,,,,,,,,,
397,Fig. 1,ID397__fig1.png,GRID,158,AXIS_FALLBACK,,,,,,,,"779,908,174,277",841,98,98,0.95,leftmost column whose run is >= 0.95 of the longest (98 px),842:98px;841:98px;876:77px;875:77px;809:38px;808:38px,,,,,,,,,,,,,,,,,,,,,,,,,,,,,,,,,,,,,,,,,,,,,,,,,,
397,Fig. 1,ID397__fig1.png,GRID,158,AXIS_FALLBACK,,,,,,,,"567,670,515,582",568,48,48,0.95,leftmost column whose run is >= 0.95 of the longest (48 px),569:48px;568:48px;664:14px;663:14px;662:13px;669:12px,,,,,,,,,,,,,,,,,,,,,,,,,,,,,,,,,,,,,,,,,,,,,,,,,,
397,Fig. 1,ID397__fig1.png,GRID,158,AXIS_FALLBACK,,,,,,,,"567,670,900,951",568,40,40,0.95,leftmost column whose run is >= 0.95 of the longest (40 px),569:40px;568:40px;651:15px;665:14px;664:14px;652:14px,,,,,,,,,,,,,,,,,,,,,,,,,,,,,,,,,,,,,,,,,,,,,,,,,,
397,Fig. 1,ID397__fig1.png,GRID,158,AXIS_FALLBACK,,,,,,,,"174,223,1128,1333",176,205,205,0.95,leftmost column whose run is >= 0.95 of the longest (205 px),176:205px;177:204px;194:99px;193:99px;222:7px;221:6px,,,,,,,,,,,,,,,,,,,,,,,,,,,,,,,,,,,,,,,,,,,,,,,,,,
397,Fig. 1,ID397__fig1.png,GRID,158,AXIS_FALLBACK,,,,,,,,"703,777,181,292",741,52,52,0.95,leftmost column whose run is >= 0.95 of the longest (52 px),742:52px;741:52px;708:43px;707:43px;775:37px;774:37px,,,,,,,,,,,,,,,,,,,,,,,,,,,,,,,,,,,,,,,,,,,,,,,,,,
397,Fig. 1,ID397__fig1.png,GRID,158,AXIS_FALLBACK,,,,,,,,"703,777,1245,1323",715,67,70,0.95,leftmost column whose run is >= 0.95 of the longest (70 px),750:70px;749:70px;716:67px;715:67px;720:8px;719:7px,,,,,,,,,,,,,,,,,,,,,,,,,,,,,,,,,,,,,,,,,,,,,,,,,,
397,Fig. 1,ID397__fig1.png,GRID,158,AXIS_FALLBACK,,,,,,,,"174,223,1128,1333",176,205,205,0.95,leftmost column whose run is >= 0.95 of the longest (205 px),176:205px;177:204px;194:99px;193:99px;222:7px;221:6px,,,,,,,,,,,,,,,,,,,,,,,,,,,,,,,,,,,,,,,,,,,,,,,,,,
397,Fig. 1,ID397__fig1.png,GRID,158,AXIS_FALLBACK,,,,,,,,"174,223,1128,1333",176,205,205,0.95,leftmost column whose run is >= 0.95 of the longest (205 px),176:205px;177:204px;194:99px;193:99px;222:7px;221:6px,,,,,,,,,,,,,,,,,,,,,,,,,,,,,,,,,,,,,,,,,,,,,,,,,,
397,Fig. 1,ID397__fig1.png,GRID,158,AXIS_FALLBACK,,,,,,,,"696,974,174,292",841,98,98,0.95,leftmost column whose run is >= 0.95 of the longest (98 px),842:98px;841:98px;876:77px;875:77px;942:70px;941:70px,,,,,,,,,,,,,,,,,,,,,,,,,,,,,,,,,,,,,,,,,,,,,,,,,,
397,Fig. 1,ID397__fig1.png,GRID,158,AXIS_FALLBACK,,,,,,,,"696,974,1132,1336",698,204,204,0.95,leftmost column whose run is >= 0.95 of the longest (204 px),698:204px;699:202px;922:107px;921:107px;957:95px;956:94px,,,,,,,,,,,,,,,,,,,,,,,,,,,,,,,,,,,,,,,,,,,,,,,,,,
397,Fig. 1,ID397__fig1.png,GRID,158,AXIS_FALLBACK,,,,,,,,"696,974,174,292",841,98,98,0.95,leftmost column whose run is >= 0.95 of the longest (98 px),842:98px;841:98px;876:77px;875:77px;942:70px;941:70px,,,,,,,,,,,,,,,,,,,,,,,,,,,,,,,,,,,,,,,,,,,,,,,,,,
397,Fig. 1,ID397__fig1.png,GRID,158,AXIS_FALLBACK,,,,,,,,"696,974,1132,1336",698,204,204,0.95,leftmost column whose run is >= 0.95 of the longest (204 px),698:204px;699:202px;922:107px;921:107px;957:95px;956:94px,,,,,,,,,,,,,,,,,,,,,,,,,,,,,,,,,,,,,,,,,,,,,,,,,,
397,Fig. 1,ID397__fig1.png,GRID,158,AXIS_FALLBACK,,,,,,,,"698,974,174,292",841,98,98,0.95,leftmost column whose run is >= 0.95 of the longest (98 px),842:98px;841:98px;876:77px;875:77px;942:70px;941:70px,,,,,,,,,,,,,,,,,,,,,,,,,,,,,,,,,,,,,,,,,,,,,,,,,,
397,Fig. 1,ID397__fig1.png,GRID,158,AXIS_FALLBACK,,,,,,,,"698,974,1133,1336",698,203,203,0.95,leftmost column whose run is >= 0.95 of the longest (203 px),698:203px;699:202px;922:107px;921:107px;957:95px;956:94px,,,,,,,,,,,,,,,,,,,,,,,,,,,,,,,,,,,,,,,,,,,,,,,,,,
397,Fig. 1,ID397__fig1.png,GRID,158,AXIS_CANDIDATES,,,,,,,,"431,497,323,1202",,,,,no run long enough,,0,0,,470,263.7,,,,,,,,,,,,,,,,,,,,,,,,,,,,,,,,,,,,,,,,,,,,,
397,Fig. 1,ID397__fig1.png,GRID,158,AXIS_FALLBACK,,,,,,,,"431,497,323,1202",467,63,63,0.95,leftmost column whose run is >= 0.95 of the longest (63 px),468:63px;467:63px;434:55px;433:55px;432:38px;466:29px,,,,,,,,,,,,,,,,,,,,,,,,,,,,,,,,,,,,,,,,,,,,,,,,,,
397,Fig. 1,ID397__fig1.png,GRID,158,AXIS_FALLBACK,,,,,,,,"431,497,323,1202",467,63,63,0.95,leftmost column whose run is >= 0.95 of the longest (63 px),468:63px;467:63px;434:55px;433:55px;432:38px;466:29px,,,,,,,,,,,,,,,,,,,,,,,,,,,,,,,,,,,,,,,,,,,,,,,,,,
397,Fig. 1,ID397__fig1.png,GRID,158,AXIS_CANDIDATES,,,,,,,,"174,223,323,1202",,,,,no run long enough,,0,0,,203,263.7,,,,,,,,,,,,,,,,,,,,,,,,,,,,,,,,,,,,,,,,,,,,,
397,Fig. 1,ID397__fig1.png,GRID,158,AXIS_FALLBACK,,,,,,,,"174,223,323,1202",181,192,192,0.95,leftmost column whose run is >= 0.95 of the longest (192 px),181:192px;177:74px;176:74px;198:47px;196:33px;195:33px,,,,,,,,,,,,,,,,,,,,,,,,,,,,,,,,,,,,,,,,,,,,,,,,,,
397,Fig. 1,ID397__fig1.png,GRID,158,AXIS_FALLBACK,,,,,,,,"174,223,323,1202",181,192,192,0.95,leftmost column whose run is >= 0.95 of the longest (192 px),181:192px;177:74px;176:74px;198:47px;196:33px;195:33px,,,,,,,,,,,,,,,,,,,,,,,,,,,,,,,,,,,,,,,,,,,,,,,,,,
397,Fig. 1,ID397__fig1.png,GRID,158,AXIS_CANDIDATES,,,,,,,,"779,908,29,107",,,,,no run long enough,,0,0,,856,23.4,,,,,,,,,,,,,,,,,,,,,,,,,,,,,,,,,,,,,,,,,,,,,
397,Fig. 1,ID397__fig1.png,GRID,158,AXIS_FALLBACK,,,,,,,,"779,908,29,107",895,19,19,0.95,leftmost column whose run is >= 0.95 of the longest (19 px),896:19px;895:19px;907:17px;897:17px;894:17px;885:16px,,,,,,,,,,,,,,,,,,,,,,,,,,,,,,,,,,,,,,,,,,,,,,,,,,
397,Fig. 1,ID397__fig1.png,GRID,158,AXIS_CANDIDATES,,,,,,,,"567,677,1200,1273",569,,,,no free run; leftmost of 2 clipped,569:1147-1264:clipped;570:1147-1264:clipped,0,2,1147-1264,633,21.9,,,,,,,,,,,,,,,,,,,,,,,,,,,,,,,,,,,,,,,,,,,,,
397,Fig. 1,ID397__fig1.png,GRID,158,AXIS_FALLBACK,,,,,,,,"567,677,1200,1273",569,64,64,0.95,leftmost column whose run is >= 0.95 of the longest (64 px),570:64px;569:64px;675:12px;668:12px;636:10px;676:9px,,,,,,,,,,,,,,,,,,,,,,,,,,,,,,,,,,,,,,,,,,,,,,,,,,
397,Fig. 1,ID397__fig1.png,GRID,158,AXIS_CANDIDATES,,,,,,,,"779,908,195,241",841,,,,no free run; leftmost of 2 clipped,841:174-272:clipped;842:174-272:clipped,0,2,174-272,856,13.8,,,,,,,,,,,,,,,,,,,,,,,,,,,,,,,,,,,,,,,,,,,,,
397,Fig. 1,ID397__fig1.png,GRID,158,AXIS_FALLBACK,,,,,,,,"779,908,195,241",841,46,46,0.95,leftmost column whose run is >= 0.95 of the longest (46 px),842:46px;841:46px;876:41px;875:41px;809:20px;808:20px,,,,,,,,,,,,,,,,,,,,,,,,,,,,,,,,,,,,,,,,,,,,,,,,,,
397,Fig. 1,ID397__fig1.png,GRID,158,AXIS_CANDIDATES,,,,,,,,"567,670,153,197",,,,,no run long enough,,0,0,,628,13.2,,,,,,,,,,,,,,,,,,,,,,,,,,,,,,,,,,,,,,,,,,,,,
397,Fig. 1,ID397__fig1.png,GRID,158,AXIS_FALLBACK,,,,,,,,"567,670,153,197",642,12,12,0.95,leftmost column whose run is >= 0.95 of the longest (12 px),662:12px;656:12px;643:12px;642:12px;668:11px;661:11px,,,,,,,,,,,,,,,,,,,,,,,,,,,,,,,,,,,,,,,,,,,,,,,,,,
397,Fig. 1,ID397__fig1.png,GRID,158,AXIS_CANDIDATES,,,,,,,,"431,497,1200,1265",432,,,,no free run; leftmost of 4 clipped,432:1189-1262:clipped;433:1159-1262:clipped;467:1157-1237:clipped;468:1157-1237:clipped,0,4,1189-1262,470,19.5,,,,,,,,,,,,,,,,,,,,,,,,,,,,,,,,,,,,,,,,,,,,,
397,Fig. 1,ID397__fig1.png,GRID,158,AXIS_FALLBACK,,,,,,,,"431,497,1200,1265",432,62,62,0.95,leftmost column whose run is >= 0.95 of the longest (62 px),433:62px;432:62px;468:37px;467:37px;434:29px;491:6px,,,,,,,,,,,,,,,,,,,,,,,,,,,,,,,,,,,,,,,,,,,,,,,,,,
397,Fig. 1,ID397__fig1.png,GRID,158,AXIS_CANDIDATES,,,,,,,,"174,223,1200,1273",176,,,,no free run; leftmost of 4 clipped,176:1128-1333:clipped;177:1128-1332:clipped;193:1205-1304:clipped;194:1205-1304:clipped,0,4,1128-1333,203,21.9,,,,,,,,,,,,,,,,,,,,,,,,,,,,,,,,,,,,,,,,,,,,,
397,Fig. 1,ID397__fig1.png,GRID,158,AXIS_FALLBACK,,,,,,,,"174,223,1200,1273",176,73,73,0.95,leftmost column whose run is >= 0.95 of the longest (73 px),177:73px;176:73px;194:68px;193:68px;222:7px;221:6px,,,,,,,,,,,,,,,,,,,,,,,,,,,,,,,,,,,,,,,,,,,,,,,,,,
397,Fig. 1,ID397__fig1.png,GRID,158,AXIS_CANDIDATES,,,,,,,,"703,777,195,241",,,,,no run long enough,,0,0,,747,13.8,,,,,,,,,,,,,,,,,,,,,,,,,,,,,,,,,,,,,,,,,,,,,
397,Fig. 1,ID397__fig1.png,GRID,158,AXIS_FALLBACK,,,,,,,,"703,777,195,241",741,33,33,0.95,leftmost column whose run is >= 0.95 of the longest (33 px),742:33px;741:33px;775:14px;774:14px;740:9px;739:9px,,,,,,,,,,,,,,,,,,,,,,,,,,,,,,,,,,,,,,,,,,,,,,,,,,
397,Fig. 1,ID397__fig1.png,GRID,158,AXIS_FALLBACK,,,,,,,,"703,777,195,241",741,33,33,0.95,leftmost column whose run is >= 0.95 of the longest (33 px),742:33px;741:33px;775:14px;774:14px;740:9px;739:9px,,,,,,,,,,,,,,,,,,,,,,,,,,,,,,,,,,,,,,,,,,,,,,,,,,
397,Fig. 1,ID397__fig1.png,GRID,158,AXIS_CANDIDATES,,,,,,,,"431,497,195,236",,,,,no run long enough,,0,0,,470,12.3,,,,,,,,,,,,,,,,,,,,,,,,,,,,,,,,,,,,,,,,,,,,,
397,Fig. 1,ID397__fig1.png,GRID,158,AXIS_FALLBACK,,,,,,,,"431,497,195,236",453,28,29,0.95,leftmost column whose run is >= 0.95 of the longest (29 px),486:29px;485:29px;454:28px;453:28px;487:12px;488:11px,,,,,,,,,,,,,,,,,,,,,,,,,,,,,,,,,,,,,,,,,,,,,,,,,,
397,Fig. 1,ID397__fig1.png,GRID,158,AXIS_CANDIDATES,,,,,,,,"174,223,195,241",190,,,,no free run; leftmost of 2 clipped,190:206-251:clipped;191:206-251:clipped,0,2,206-251,203,13.8,,,,,,,,,,,,,,,,,,,,,,,,,,,,,,,,,,,,,,,,,,,,,
397,Fig. 1,ID397__fig1.png,GRID,158,AXIS_FALLBACK,,,,,,,,"174,223,195,241",190,35,35,0.95,leftmost column whose run is >= 0.95 of the longest (35 px),191:35px;190:35px;192:9px;220:7px;219:7px;218:7px,,,,,,,,,,,,,,,,,,,,,,,,,,,,,,,,,,,,,,,,,,,,,,,,,,
397,Fig. 1,ID397__fig1.png,GRID,158,AXIS_CANDIDATES,,,,,,,,"624,670,195,241",,,,,no run long enough,,0,0,,651,13.8,,,,,,,,,,,,,,,,,,,,,,,,,,,,,,,,,,,,,,,,,,,,,
397,Fig. 1,ID397__fig1.png,GRID,158,AXIS_FALLBACK,,,,,,,,"624,670,195,241",656,12,12,0.95,leftmost column whose run is >= 0.95 of the longest (12 px),668:12px;661:12px;656:12px;631:10px;630:10px;660:9px,,,,,,,,,,,,,,,,,,,,,,,,,,,,,,,,,,,,,,,,,,,,,,,,,,
397,Fig. 1,ID397__fig1.png,GRID,158,AXIS_CANDIDATES,,,,,,,,"174,223,239,280",,,,,no run long enough,,0,0,,203,12.3,,,,,,,,,,,,,,,,,,,,,,,,,,,,,,,,,,,,,,,,,,,,,
397,Fig. 1,ID397__fig1.png,GRID,158,AXIS_FALLBACK,,,,,,,,"174,223,239,280",190,12,12,0.95,leftmost column whose run is >= 0.95 of the longest (12 px),191:12px;190:12px;195:2px;194:2px;193:2px;192:2px,,,,,,,,,,,,,,,,,,,,,,,,,,,,,,,,,,,,,,,,,,,,,,,,,,
397,Fig. 1,ID397__fig1.png,GRID,158,AXIS_FALLBACK,,,,,,,,"174,223,239,280",190,12,12,0.95,leftmost column whose run is >= 0.95 of the longest (12 px),191:12px;190:12px;195:2px;194:2px;193:2px;192:2px,,,,,,,,,,,,,,,,,,,,,,,,,,,,,,,,,,,,,,,,,,,,,,,,,,
397,Fig. 1,ID397__fig1.png,GRID,158,AXIS_CANDIDATES,,,,,,,,"628,670,239,285",,,,,no run long enough,,0,0,,653,13.8,,,,,,,,,,,,,,,,,,,,,,,,,,,,,,,,,,,,,,,,,,,,,
397,Fig. 1,ID397__fig1.png,GRID,158,AXIS_FALLBACK,,,,,,,,"628,670,239,285",629,15,15,0.95,leftmost column whose run is >= 0.95 of the longest (15 px),629:15px;668:12px;661:12px;660:9px;669:8px;656:7px,,,,,,,,,,,,,,,,,,,,,,,,,,,,,,,,,,,,,,,,,,,,,,,,,,
397,Fig. 1,ID397__fig1.png,GRID,158,AXIS_CANDIDATES,,,,,,,,"696,974,283,1202",,,,,no run long enough,,0,0,,862,275.7,,,,,,,,,,,,,,,,,,,,,,,,,,,,,,,,,,,,,,,,,,,,,
397,Fig. 1,ID397__fig1.png,GRID,158,AXIS_FALLBACK,,,,,,,,"696,974,283,1202",912,123,123,0.95,leftmost column whose run is >= 0.95 of the longest (123 px),913:123px;912:123px;946:115px;945:115px;782:112px;781:112px,,,,,,,,,,,,,,,,,,,,,,,,,,,,,,,,,,,,,,,,,,,,,,,,,,
397,Fig. 1,ID397__fig1.png,GRID,158,AXIS_FALLBACK,,,,,,,,"696,974,283,1202",912,123,123,0.95,leftmost column whose run is >= 0.95 of the longest (123 px),913:123px;912:123px;946:115px;945:115px;782:112px;781:112px,,,,,,,,,,,,,,,,,,,,,,,,,,,,,,,,,,,,,,,,,,,,,,,,,,
397,Fig. 1,ID397__fig1.png,GRID,158,AXIS_CANDIDATES,,,,,,,,"696,974,1200,1273",698,,,,no free run; leftmost of 8 clipped,698:1132-1336:clipped;699:1133-1335:clipped;715:1245-1312:clipped;716:1245-1312:clipped;818:1244-1312:clipped;819:1244-1312:clipped;852:1230-1310:clipped;853:1230-1310:clipped,0,8,1132-1336,862,21.9,,,,,,,,,,,,,,,,,,,,,,,,,,,,,,,,,,,,,,,,,,,,,
397,Fig. 1,ID397__fig1.png,GRID,158,AXIS_FALLBACK,,,,,,,,"696,974,1200,1273",698,73,73,0.95,leftmost column whose run is >= 0.95 of the longest (73 px),699:73px;698:73px;922:63px;921:63px;957:49px;956:49px,,,,,,,,,,,,,,,,,,,,,,,,,,,,,,,,,,,,,,,,,,,,,,,,,,
397,Fig. 1,ID397__fig1.png,GRID,158,AXIS_CANDIDATES,,,,,,,,"698,974,239,285",707,,,,no free run; leftmost of 6 clipped,707:236-279:clipped;708:236-279:clipped;741:240-292:clipped;742:240-292:clipped;841:174-272:clipped;842:174-272:clipped,0,6,236-279,863,13.8,,,,,,,,,,,,,,,,,,,,,,,,,,,,,,,,,,,,,,,,,,,,,
397,Fig. 1,ID397__fig1.png,GRID,158,AXIS_FALLBACK,,,,,,,,"698,974,239,285",741,45,45,0.95,leftmost column whose run is >= 0.95 of the longest (45 px),742:45px;741:45px;942:40px;941:40px;708:40px;707:40px,,,,,,,,,,,,,,,,,,,,,,,,,,,,,,,,,,,,,,,,,,,,,,,,,,
397,Fig. 1,ID397__fig1.png,GRID,158,AXIS_CANDIDATES,,,,,,,,"174,223,1128,1333",193,,,,leftmost of 2 free runs,193:1205-1304:free;194:1205-1304:free;176:1128-1333:clipped;177:1128-1332:clipped,2,2,1205-1304,203,61.5,,,,,,,,,,,,,,,,,,,,,,,,,,,,,,,,,,,,,,,,,,,,,
397,Fig. 1,ID397__fig1.png,GRID,158,AXIS_FALLBACK,,,,,,,,"174,223,1128,1333",176,205,205,0.95,leftmost column whose run is >= 0.95 of the longest (205 px),176:205px;177:204px;194:99px;193:99px;222:7px;221:6px,,,,,,,,,,,,,,,,,,,,,,,,,,,,,,,,,,,,,,,,,,,,,,,,,,
397,Fig. 1,ID397__fig1.png,GRID,158,AXIS_CANDIDATES,,,,,,,,"779,908,174,277",841,,,,no free run; leftmost of 2 clipped,841:174-272:clipped;842:174-272:clipped,0,2,174-272,856,30.9,,,,,,,,,,,,,,,,,,,,,,,,,,,,,,,,,,,,,,,,,,,,,
397,Fig. 1,ID397__fig1.png,GRID,158,AXIS_FALLBACK,,,,,,,,"779,908,174,277",841,98,98,0.95,leftmost column whose run is >= 0.95 of the longest (98 px),842:98px;841:98px;876:77px;875:77px;809:38px;808:38px,,,,,,,,,,,,,,,,,,,,,,,,,,,,,,,,,,,,,,,,,,,,,,,,,,
397,Fig. 1,ID397__fig1.png,GRID,158,AXIS_CANDIDATES,,,,,,,,"567,677,515,582",568,,,,leftmost of 2 free runs,568:518-566:free;569:518-566:free,2,0,518-566,633,20.1,,,,,,,,,,,,,,,,,,,,,,,,,,,,,,,,,,,,,,,,,,,,,
397,Fig. 1,ID397__fig1.png,GRID,158,AXIS_FALLBACK,,,,,,,,"567,677,515,582",568,48,48,0.95,leftmost column whose run is >= 0.95 of the longest (48 px),569:48px;568:48px;664:14px;663:14px;662:13px;676:12px,,,,,,,,,,,,,,,,,,,,,,,,,,,,,,,,,,,,,,,,,,,,,,,,,,
397,Fig. 1,ID397__fig1.png,GRID,158,AXIS_CANDIDATES,,,,,,,,"567,677,900,951",568,,,,no free run; leftmost of 2 clipped,568:900-940:clipped;569:900-940:clipped,0,2,900-940,633,15.3,,,,,,,,,,,,,,,,,,,,,,,,,,,,,,,,,,,,,,,,,,,,,
397,Fig. 1,ID397__fig1.png,GRID,158,AXIS_FALLBACK,,,,,,,,"567,677,900,951",568,40,40,0.95,leftmost column whose run is >= 0.95 of the longest (40 px),569:40px;568:40px;651:15px;665:14px;664:14px;652:14px,,,,,,,,,,,,,,,,,,,,,,,,,,,,,,,,,,,,,,,,,,,,,,,,,,
397,Fig. 1,ID397__fig1.png,GRID,158,AXIS_FALLBACK,,,,,,,,"779,908,174,277",841,98,98,0.95,leftmost column whose run is >= 0.95 of the longest (98 px),842:98px;841:98px;876:77px;875:77px;809:38px;808:38px,,,,,,,,,,,,,,,,,,,,,,,,,,,,,,,,,,,,,,,,,,,,,,,,,,
397,Fig. 1,ID397__fig1.png,GRID,158,AXIS_CANDIDATES,,,,,,,,"567,670,515,582",568,,,,leftmost of 2 free runs,568:518-566:free;569:518-566:free,2,0,518-566,628,20.1,,,,,,,,,,,,,,,,,,,,,,,,,,,,,,,,,,,,,,,,,,,,,
397,Fig. 1,ID397__fig1.png,GRID,158,AXIS_FALLBACK,,,,,,,,"567,670,515,582",568,48,48,0.95,leftmost column whose run is >= 0.95 of the longest (48 px),569:48px;568:48px;664:14px;663:14px;662:13px;669:12px,,,,,,,,,,,,,,,,,,,,,,,,,,,,,,,,,,,,,,,,,,,,,,,,,,
397,Fig. 1,ID397__fig1.png,GRID,158,AXIS_CANDIDATES,,,,,,,,"567,670,900,951",568,,,,no free run; leftmost of 2 clipped,568:900-940:clipped;569:900-940:clipped,0,2,900-940,628,15.3,,,,,,,,,,,,,,,,,,,,,,,,,,,,,,,,,,,,,,,,,,,,,
397,Fig. 1,ID397__fig1.png,GRID,158,AXIS_FALLBACK,,,,,,,,"567,670,900,951",568,40,40,0.95,leftmost column whose run is >= 0.95 of the longest (40 px),569:40px;568:40px;651:15px;665:14px;664:14px;652:14px,,,,,,,,,,,,,,,,,,,,,,,,,,,,,,,,,,,,,,,,,,,,,,,,,,
397,Fig. 1,ID397__fig1.png,GRID,158,AXIS_FALLBACK,,,,,,,,"174,223,1128,1333",176,205,205,0.95,leftmost column whose run is >= 0.95 of the longest (205 px),176:205px;177:204px;194:99px;193:99px;222:7px;221:6px,,,,,,,,,,,,,,,,,,,,,,,,,,,,,,,,,,,,,,,,,,,,,,,,,,
397,Fig. 1,ID397__fig1.png,GRID,158,AXIS_CANDIDATES,,,,,,,,"703,777,181,292",707,,,,leftmost of 2 free runs,707:236-279:free;708:236-279:free;741:240-292:clipped;742:240-292:clipped,2,2,236-279,747,33.3,,,,,,,,,,,,,,,,,,,,,,,,,,,,,,,,,,,,,,,,,,,,,
397,Fig. 1,ID397__fig1.png,GRID,158,AXIS_FALLBACK,,,,,,,,"703,777,181,292",741,52,52,0.95,leftmost column whose run is >= 0.95 of the longest (52 px),742:52px;741:52px;708:43px;707:43px;775:37px;774:37px,,,,,,,,,,,,,,,,,,,,,,,,,,,,,,,,,,,,,,,,,,,,,,,,,,
397,Fig. 1,ID397__fig1.png,GRID,158,AXIS_CANDIDATES,,,,,,,,"703,777,1245,1323",715,,,,no free run; leftmost of 2 clipped,715:1245-1312:clipped;716:1245-1312:clipped,0,2,1245-1312,747,23.4,,,,,,,,,,,,,,,,,,,,,,,,,,,,,,,,,,,,,,,,,,,,,
397,Fig. 1,ID397__fig1.png,GRID,158,AXIS_FALLBACK,,,,,,,,"703,777,1245,1323",715,67,70,0.95,leftmost column whose run is >= 0.95 of the longest (70 px),750:70px;749:70px;716:67px;715:67px;720:8px;719:7px,,,,,,,,,,,,,,,,,,,,,,,,,,,,,,,,,,,,,,,,,,,,,,,,,,
397,Fig. 1,ID397__fig1.png,GRID,158,AXIS_FALLBACK,,,,,,,,"174,223,1128,1333",176,205,205,0.95,leftmost column whose run is >= 0.95 of the longest (205 px),176:205px;177:204px;194:99px;193:99px;222:7px;221:6px,,,,,,,,,,,,,,,,,,,,,,,,,,,,,,,,,,,,,,,,,,,,,,,,,,
397,Fig. 1,ID397__fig1.png,GRID,158,AXIS_FALLBACK,,,,,,,,"174,223,1128,1333",176,205,205,0.95,leftmost column whose run is >= 0.95 of the longest (205 px),176:205px;177:204px;194:99px;193:99px;222:7px;221:6px,,,,,,,,,,,,,,,,,,,,,,,,,,,,,,,,,,,,,,,,,,,,,,,,,,
397,Fig. 1,ID397__fig1.png,GRID,158,AXIS_CANDIDATES,,,,,,,,"696,974,174,292",707,,,,leftmost of 2 free runs,707:236-279:free;708:236-279:free;741:240-292:clipped;742:240-292:clipped;841:174-272:clipped;842:174-272:clipped,2,4,236-279,862,35.4,,,,,,,,,,,,,,,,,,,,,,,,,,,,,,,,,,,,,,,,,,,,,
397,Fig. 1,ID397__fig1.png,GRID,158,AXIS_FALLBACK,,,,,,,,"696,974,174,292",841,98,98,0.95,leftmost column whose run is >= 0.95 of the longest (98 px),842:98px;841:98px;876:77px;875:77px;942:70px;941:70px,,,,,,,,,,,,,,,,,,,,,,,,,,,,,,,,,,,,,,,,,,,,,,,,,,
397,Fig. 1,ID397__fig1.png,GRID,158,AXIS_CANDIDATES,,,,,,,,"696,974,1132,1336",699,,,,leftmost of 11 free runs,699:1133-1335:free;715:1245-1312:free;716:1245-1312:free;749:1253-1323:free;750:1253-1323:free;784:1252-1323:free;785:1252-1323:free;818:1244-1312:free;819:1244-1312:free;852:1230-1310:free;853:1230-1310:free;698:1132-1336:clipped,11,1,1133-1335,862,61.2,,,,,,,,,,,,,,,,,,,,,,,,,,,,,,,,,,,,,,,,,,,,,
397,Fig. 1,ID397__fig1.png,GRID,158,AXIS_FALLBACK,,,,,,,,"696,974,1132,1336",698,204,204,0.95,leftmost column whose run is >= 0.95 of the longest (204 px),698:204px;699:202px;922:107px;921:107px;957:95px;956:94px,,,,,,,,,,,,,,,,,,,,,,,,,,,,,,,,,,,,,,,,,,,,,,,,,,
397,Fig. 1,ID397__fig1.png,GRID,158,AXIS_FALLBACK,,,,,,,,"696,974,174,292",841,98,98,0.95,leftmost column whose run is >= 0.95 of the longest (98 px),842:98px;841:98px;876:77px;875:77px;942:70px;941:70px,,,,,,,,,,,,,,,,,,,,,,,,,,,,,,,,,,,,,,,,,,,,,,,,,,
397,Fig. 1,ID397__fig1.png,GRID,158,AXIS_FALLBACK,,,,,,,,"696,974,1132,1336",698,204,204,0.95,leftmost column whose run is >= 0.95 of the longest (204 px),698:204px;699:202px;922:107px;921:107px;957:95px;956:94px,,,,,,,,,,,,,,,,,,,,,,,,,,,,,,,,,,,,,,,,,,,,,,,,,,
397,Fig. 1,ID397__fig1.png,GRID,158,AXIS_CANDIDATES,,,,,,,,"698,974,174,292",707,,,,leftmost of 2 free runs,707:236-279:free;708:236-279:free;741:240-292:clipped;742:240-292:clipped;841:174-272:clipped;842:174-272:clipped,2,4,236-279,863,35.4,,,,,,,,,,,,,,,,,,,,,,,,,,,,,,,,,,,,,,,,,,,,,
397,Fig. 1,ID397__fig1.png,GRID,158,AXIS_FALLBACK,,,,,,,,"698,974,174,292",841,98,98,0.95,leftmost column whose run is >= 0.95 of the longest (98 px),842:98px;841:98px;876:77px;875:77px;942:70px;941:70px,,,,,,,,,,,,,,,,,,,,,,,,,,,,,,,,,,,,,,,,,,,,,,,,,,
397,Fig. 1,ID397__fig1.png,GRID,158,AXIS_CANDIDATES,,,,,,,,"698,974,1133,1336",715,,,,leftmost of 10 free runs,715:1245-1312:free;716:1245-1312:free;749:1253-1323:free;750:1253-1323:free;784:1252-1323:free;785:1252-1323:free;818:1244-1312:free;819:1244-1312:free;852:1230-1310:free;853:1230-1310:free;698:1132-1336:clipped;699:1133-1335:clipped,10,2,1245-1312,863,60.9,,,,,,,,,,,,,,,,,,,,,,,,,,,,,,,,,,,,,,,,,,,,,
397,Fig. 1,ID397__fig1.png,GRID,158,AXIS_FALLBACK,,,,,,,,"698,974,1133,1336",698,203,203,0.95,leftmost column whose run is >= 0.95 of the longest (203 px),698:203px;699:202px;922:107px;921:107px;957:95px;956:94px,,,,,,,,,,,,,,,,,,,,,,,,,,,,,,,,,,,,,,,,,,,,,,,,,,
397,Fig. 1,ID397__fig1.png,GRID,158,ORPHAN,,,,,,,,,,,,,,,,,,,,"352,400,30,46",48,16,NO_PANEL_IN_REACH,0,left 379px share 1.00 reach 34 [gap] | right 129px share 0.00 reach 34 [gap] [share],,,,,,,,,,,,,,,,,,,,,,,,,,,,,,,,,,,,,,,
397,Fig. 1,ID397__fig1.png,GRID,158,PIECE_RELATION,,,,,,,,,,,,,,,,,,,,"352,400,30,46",,,,,,OPPOSITE_HALF_MULTIPLE_PANELS,3,0,"431,497,195,236;174,223,195,241;174,223,239,280",,CONTAINMENT,,,,,,,,,,,,,,,,,,,,,,,,,,,,,,,,,
397,Fig. 1,ID397__fig1.png,GRID,158,ORPHAN,,,,,,,,,,,,,,,,,,,,"99,568,76,286",469,210,NO_PANEL_IN_REACH,0,left 211px share 1.00 reach 34 [gap] | overlap 0px share 1.00 reach 34,,,,,,,,,,,,,,,,,,,,,,,,,,,,,,,,,,,,,,,
397,Fig. 1,ID397__fig1.png,GRID,158,PIECE_RELATION,,,,,,,,,,,,,,,,,,,,"99,568,76,286",,,,,,SAME_HALF_NESTED_PANEL,0,3,,"431,497,195,236;174,223,195,241;174,223,239,280",CONTAINMENT,,,,,,,,,,,,,,,,,,,,,,,,,,,,,,,,,
397,Fig. 1,ID397__fig1.png,GRID,158,ORPHAN,,,,,,,,,,,,,,,,,,,,"132,568,315,402",436,87,NO_PANEL_IN_REACH,0,left 128px share 1.00 reach 34 [gap] | overlap 0px share 0.91 reach 34,,,,,,,,,,,,,,,,,,,,,,,,,,,,,,,,,,,,,,,
397,Fig. 1,ID397__fig1.png,GRID,158,PIECE_RELATION,,,,,,,,,,,,,,,,,,,,"132,568,315,402",,,,,,OPPOSITE_HALF_MULTIPLE_PANELS,3,0,"431,497,195,236;174,223,195,241;174,223,239,280",,CONTAINMENT,,,,,,,,,,,,,,,,,,,,,,,,,,,,,,,,,
397,Fig. 1,ID397__fig1.png,GRID,158,ORPHAN,,,,,,,,,,,,,,,,,,,,"800,887,29,46",87,17,NO_PANEL_IN_REACH,0,overlap 0px share 1.00 reach 34 | right 303px share 0.00 reach 34 [gap] [share],,,,,,,,,,,,,,,,,,,,,,,,,,,,,,,,,,,,,,,
397,Fig. 1,ID397__fig1.png,GRID,158,PIECE_RELATION,,,,,,,,,,,,,,,,,,,,"800,887,29,46",,,,,,OPPOSITE_HALF_MULTIPLE_PANELS,11,0,"779,908,195,241;703,777,195,241;624,670,195,241;628,670,239,285;698,974,239,285;779,908,174,277;779,908,174,277;703,777,181,292;696,974,174,292;696,974,174,292;698,974,174,292",,CONTAINMENT,,,,,,,,,,,,,,,,,,,,,,,,,,,,,,,,,
397,Fig. 1,ID397__fig1.png,GRID,158,ORPHAN,,,,,,,,,,,,,,,,,,,,"624,1092,69,292",468,223,NO_PANEL_IN_REACH,0,overlap 0px share 1.00 reach 34 | right 127px share 1.00 reach 34 [gap],,,,,,,,,,,,,,,,,,,,,,,,,,,,,,,,,,,,,,,
397,Fig. 1,ID397__fig1.png,GRID,158,PIECE_RELATION,,,,,,,,,,,,,,,,,,,,"624,1092,69,292",,,,,,SAME_HALF_NESTED_PANEL,0,11,,"779,908,195,241;703,777,195,241;624,670,195,241;628,670,239,285;698,974,239,285;779,908,174,277;779,908,174,277;703,777,181,292;696,974,174,292;696,974,174,292;698,974,174,292",CONTAINMENT,,,,,,,,,,,,,,,,,,,,,,,,,,,,,,,,,
397,Fig. 1,ID397__fig1.png,GRID,158,ORPHAN,,,,,,,,,,,,,,,,,,,,"649,1093,314,405",444,91,NO_PANEL_IN_REACH,0,overlap 0px share 1.00 reach 34 | right 152px share 0.90 reach 34 [gap],,,,,,,,,,,,,,,,,,,,,,,,,,,,,,,,,,,,,,,
397,Fig. 1,ID397__fig1.png,GRID,158,PIECE_RELATION,,,,,,,,,,,,,,,,,,,,"649,1093,314,405",,,,,,OPPOSITE_HALF_MULTIPLE_PANELS,11,0,"779,908,195,241;703,777,195,241;624,670,195,241;628,670,239,285;698,974,239,285;779,908,174,277;779,908,174,277;703,777,181,292;696,974,174,292;696,974,174,292;698,974,174,292",,CONTAINMENT,,,,,,,,,,,,,,,,,,,,,,,,,,,,,,,,,
397,Fig. 1,ID397__fig1.png,GRID,158,ORPHAN,,,,,,,,,,,,,,,,,,,,"102,117,570,615",15,45,NO_PANEL_IN_REACH,0,left 314px share 1.00 reach 34 [gap],,,,,,,,,,,,,,,,,,,,,,,,,,,,,,,,,,,,,,,
397,Fig. 1,ID397__fig1.png,GRID,158,PIECE_RELATION,,,,,,,,,,,,,,,,,,,,"102,117,570,615",,,,,,NO_SELECTED_PANEL_DESCENDANT,0,0,,,CONTAINMENT,,,,,,,,,,,,,,,,,,,,,,,,,,,,,,,,,
397,Fig. 1,ID397__fig1.png,GRID,158,ORPHAN,,,,,,,,,,,,,,,,,,,,"657,1094,665,748",437,83,NO_PANEL_IN_REACH,0,overlap 0px share 1.00 reach 34 | right 160px share 1.00 reach 34 [gap],,,,,,,,,,,,,,,,,,,,,,,,,,,,,,,,,,,,,,,
397,Fig. 1,ID397__fig1.png,GRID,158,PIECE_RELATION,,,,,,,,,,,,,,,,,,,,"657,1094,665,748",,,,,,NO_SELECTED_PANEL_DESCENDANT,0,0,,,CONTAINMENT,,,,,,,,,,,,,,,,,,,,,,,,,,,,,,,,,
397,Fig. 1,ID397__fig1.png,GRID,158,ORPHAN,,,,,,,,,,,,,,,,,,,,"93,586,793,1419",493,626,NO_PANEL_IN_REACH,0,left 110px share 1.00 reach 34 [gap] | overlap 0px share 1.00 reach 44,,,,,,,,,,,,,,,,,,,,,,,,,,,,,,,,,,,,,,,
397,Fig. 1,ID397__fig1.png,GRID,158,PIECE_RELATION,,,,,,,,,,,,,,,,,,,,"93,586,793,1419",,,,,,OPPOSITE_AND_NESTED,5,6,"696,974,1200,1273;703,777,1245,1323;696,974,1132,1336;696,974,1132,1336;698,974,1133,1336","431,497,1200,1265;174,223,1200,1273;174,223,1128,1333;174,223,1128,1333;174,223,1128,1333;174,223,1128,1333",CONTAINMENT,,,,,,,,,,,,,,,,,,,,,,,,,,,,,,,,,
397,Fig. 1,ID397__fig1.png,GRID,158,ORPHAN,,,,,,,,,,,,,,,,,,,,"613,1112,791,1412",499,621,NO_PANEL_IN_REACH,0,overlap 0px share 1.00 reach 44 | right 116px share 1.00 reach 34 [gap],,,,,,,,,,,,,,,,,,,,,,,,,,,,,,,,,,,,,,,
397,Fig. 1,ID397__fig1.png,GRID,158,PIECE_RELATION,,,,,,,,,,,,,,,,,,,,"613,1112,791,1412",,,,,,OPPOSITE_AND_NESTED,6,5,"431,497,1200,1265;174,223,1200,1273;174,223,1128,1333;174,223,1128,1333;174,223,1128,1333;174,223,1128,1333","696,974,1200,1273;703,777,1245,1323;696,974,1132,1336;696,974,1132,1336;698,974,1133,1336",CONTAINMENT,,,,,,,,,,,,,,,,,,,,,,,,,,,,,,,,,
397,Fig. 1,ID397__fig1.png,GRID,158,ORPHAN,,,,,,,,,,,,,,,,,,,,"93,148,1437,1458",55,21,NO_PANEL_IN_REACH,0,left 283px share 0.00 reach 34 [gap] [share],,,,,,,,,,,,,,,,,,,,,,,,,,,,,,,,,,,,,,,
397,Fig. 1,ID397__fig1.png,GRID,158,PIECE_RELATION,,,,,,,,,,,,,,,,,,,,"93,148,1437,1458",,,,,,NO_SELECTED_PANEL_DESCENDANT,0,0,,,CONTAINMENT,,,,,,,,,,,,,,,,,,,,,,,,,,,,,,,,,
397,Fig. 1,ID397__fig1.png,GRID,158,ORPHAN,,,,,,,,,,,,,,,,,,,,"161,624,1437,1458",463,21,NO_PANEL_IN_REACH,0,left 155px share 0.00 reach 34 [gap] [share] | overlap 0px share 0.00 reach 34 [share],,,,,,,,,,,,,,,,,,,,,,,,,,,,,,,,,,,,,,,
397,Fig. 1,ID397__fig1.png,GRID,158,PIECE_RELATION,,,,,,,,,,,,,,,,,,,,"161,624,1437,1458",,,,,,NO_SELECTED_PANEL_DESCENDANT,0,0,,,CONTAINMENT,,,,,,,,,,,,,,,,,,,,,,,,,,,,,,,,,
397,Fig. 1,ID397__fig1.png,GRID,158,AXIS_FALLBACK,,,,,,,,"431,497,323,1202",467,63,63,0.95,leftmost column whose run is >= 0.95 of the longest (63 px),468:63px;467:63px;434:55px;433:55px;432:38px;466:29px,,,,,,,,,,,,,,,,,,,,,,,,,,,,,,,,,,,,,,,,,,,,,,,,,,
397,Fig. 1,ID397__fig1.png,GRID,158,AXIS_FALLBACK,,,,,,,,"174,223,323,1202",181,192,192,0.95,leftmost column whose run is >= 0.95 of the longest (192 px),181:192px;177:74px;176:74px;198:47px;196:33px;195:33px,,,,,,,,,,,,,,,,,,,,,,,,,,,,,,,,,,,,,,,,,,,,,,,,,,
397,Fig. 1,ID397__fig1.png,GRID,158,AXIS_FALLBACK,,,,,,,,"779,908,29,107",895,19,19,0.95,leftmost column whose run is >= 0.95 of the longest (19 px),896:19px;895:19px;907:17px;897:17px;894:17px;885:16px,,,,,,,,,,,,,,,,,,,,,,,,,,,,,,,,,,,,,,,,,,,,,,,,,,
397,Fig. 1,ID397__fig1.png,GRID,158,AXIS_FALLBACK,,,,,,,,"567,677,1200,1273",569,64,64,0.95,leftmost column whose run is >= 0.95 of the longest (64 px),570:64px;569:64px;675:12px;668:12px;636:10px;676:9px,,,,,,,,,,,,,,,,,,,,,,,,,,,,,,,,,,,,,,,,,,,,,,,,,,
397,Fig. 1,ID397__fig1.png,GRID,158,AXIS_FALLBACK,,,,,,,,"779,908,195,241",841,46,46,0.95,leftmost column whose run is >= 0.95 of the longest (46 px),842:46px;841:46px;876:41px;875:41px;809:20px;808:20px,,,,,,,,,,,,,,,,,,,,,,,,,,,,,,,,,,,,,,,,,,,,,,,,,,
397,Fig. 1,ID397__fig1.png,GRID,158,AXIS_FALLBACK,,,,,,,,"567,670,153,197",642,12,12,0.95,leftmost column whose run is >= 0.95 of the longest (12 px),662:12px;656:12px;643:12px;642:12px;668:11px;661:11px,,,,,,,,,,,,,,,,,,,,,,,,,,,,,,,,,,,,,,,,,,,,,,,,,,
397,Fig. 1,ID397__fig1.png,GRID,158,AXIS_FALLBACK,,,,,,,,"431,497,1200,1265",432,62,62,0.95,leftmost column whose run is >= 0.95 of the longest (62 px),433:62px;432:62px;468:37px;467:37px;434:29px;491:6px,,,,,,,,,,,,,,,,,,,,,,,,,,,,,,,,,,,,,,,,,,,,,,,,,,
397,Fig. 1,ID397__fig1.png,GRID,158,AXIS_FALLBACK,,,,,,,,"174,223,1200,1273",176,73,73,0.95,leftmost column whose run is >= 0.95 of the longest (73 px),177:73px;176:73px;194:68px;193:68px;222:7px;221:6px,,,,,,,,,,,,,,,,,,,,,,,,,,,,,,,,,,,,,,,,,,,,,,,,,,
397,Fig. 1,ID397__fig1.png,GRID,158,AXIS_FALLBACK,,,,,,,,"703,777,195,241",741,33,33,0.95,leftmost column whose run is >= 0.95 of the longest (33 px),742:33px;741:33px;775:14px;774:14px;740:9px;739:9px,,,,,,,,,,,,,,,,,,,,,,,,,,,,,,,,,,,,,,,,,,,,,,,,,,
397,Fig. 1,ID397__fig1.png,GRID,158,AXIS_FALLBACK,,,,,,,,"431,497,195,236",453,28,29,0.95,leftmost column whose run is >= 0.95 of the longest (29 px),486:29px;485:29px;454:28px;453:28px;487:12px;488:11px,,,,,,,,,,,,,,,,,,,,,,,,,,,,,,,,,,,,,,,,,,,,,,,,,,
397,Fig. 1,ID397__fig1.png,GRID,158,AXIS_FALLBACK,,,,,,,,"174,223,195,241",190,35,35,0.95,leftmost column whose run is >= 0.95 of the longest (35 px),191:35px;190:35px;192:9px;220:7px;219:7px;218:7px,,,,,,,,,,,,,,,,,,,,,,,,,,,,,,,,,,,,,,,,,,,,,,,,,,
397,Fig. 1,ID397__fig1.png,GRID,158,AXIS_FALLBACK,,,,,,,,"624,670,195,241",656,12,12,0.95,leftmost column whose run is >= 0.95 of the longest (12 px),668:12px;661:12px;656:12px;631:10px;630:10px;660:9px,,,,,,,,,,,,,,,,,,,,,,,,,,,,,,,,,,,,,,,,,,,,,,,,,,
397,Fig. 1,ID397__fig1.png,GRID,158,AXIS_FALLBACK,,,,,,,,"174,223,239,280",190,12,12,0.95,leftmost column whose run is >= 0.95 of the longest (12 px),191:12px;190:12px;195:2px;194:2px;193:2px;192:2px,,,,,,,,,,,,,,,,,,,,,,,,,,,,,,,,,,,,,,,,,,,,,,,,,,
397,Fig. 1,ID397__fig1.png,GRID,158,AXIS_FALLBACK,,,,,,,,"628,670,239,285",629,15,15,0.95,leftmost column whose run is >= 0.95 of the longest (15 px),629:15px;668:12px;661:12px;660:9px;669:8px;656:7px,,,,,,,,,,,,,,,,,,,,,,,,,,,,,,,,,,,,,,,,,,,,,,,,,,
397,Fig. 1,ID397__fig1.png,GRID,158,AXIS_FALLBACK,,,,,,,,"696,974,283,1202",912,123,123,0.95,leftmost column whose run is >= 0.95 of the longest (123 px),913:123px;912:123px;946:115px;945:115px;782:112px;781:112px,,,,,,,,,,,,,,,,,,,,,,,,,,,,,,,,,,,,,,,,,,,,,,,,,,
397,Fig. 1,ID397__fig1.png,GRID,158,AXIS_FALLBACK,,,,,,,,"696,974,1200,1273",698,73,73,0.95,leftmost column whose run is >= 0.95 of the longest (73 px),699:73px;698:73px;922:63px;921:63px;957:49px;956:49px,,,,,,,,,,,,,,,,,,,,,,,,,,,,,,,,,,,,,,,,,,,,,,,,,,
397,Fig. 1,ID397__fig1.png,GRID,158,AXIS_FALLBACK,,,,,,,,"698,974,239,285",741,45,45,0.95,leftmost column whose run is >= 0.95 of the longest (45 px),742:45px;741:45px;942:40px;941:40px;708:40px;707:40px,,,,,,,,,,,,,,,,,,,,,,,,,,,,,,,,,,,,,,,,,,,,,,,,,,
397,Fig. 1,ID397__fig1.png,GRID,158,AXIS_FALLBACK,,,,,,,,"174,223,1128,1333",176,205,205,0.95,leftmost column whose run is >= 0.95 of the longest (205 px),176:205px;177:204px;194:99px;193:99px;222:7px;221:6px,,,,,,,,,,,,,,,,,,,,,,,,,,,,,,,,,,,,,,,,,,,,,,,,,,
397,Fig. 1,ID397__fig1.png,GRID,158,AXIS_FALLBACK,,,,,,,,"779,908,174,277",841,98,98,0.95,leftmost column whose run is >= 0.95 of the longest (98 px),842:98px;841:98px;876:77px;875:77px;809:38px;808:38px,,,,,,,,,,,,,,,,,,,,,,,,,,,,,,,,,,,,,,,,,,,,,,,,,,
397,Fig. 1,ID397__fig1.png,GRID,158,AXIS_FALLBACK,,,,,,,,"567,677,515,582",568,48,48,0.95,leftmost column whose run is >= 0.95 of the longest (48 px),569:48px;568:48px;664:14px;663:14px;662:13px;676:12px,,,,,,,,,,,,,,,,,,,,,,,,,,,,,,,,,,,,,,,,,,,,,,,,,,
397,Fig. 1,ID397__fig1.png,GRID,158,AXIS_FALLBACK,,,,,,,,"567,677,900,951",568,40,40,0.95,leftmost column whose run is >= 0.95 of the longest (40 px),569:40px;568:40px;651:15px;665:14px;664:14px;652:14px,,,,,,,,,,,,,,,,,,,,,,,,,,,,,,,,,,,,,,,,,,,,,,,,,,
397,Fig. 1,ID397__fig1.png,GRID,158,AXIS_FALLBACK,,,,,,,,"779,908,174,277",841,98,98,0.95,leftmost column whose run is >= 0.95 of the longest (98 px),842:98px;841:98px;876:77px;875:77px;809:38px;808:38px,,,,,,,,,,,,,,,,,,,,,,,,,,,,,,,,,,,,,,,,,,,,,,,,,,
397,Fig. 1,ID397__fig1.png,GRID,158,AXIS_FALLBACK,,,,,,,,"567,670,515,582",568,48,48,0.95,leftmost column whose run is >= 0.95 of the longest (48 px),569:48px;568:48px;664:14px;663:14px;662:13px;669:12px,,,,,,,,,,,,,,,,,,,,,,,,,,,,,,,,,,,,,,,,,,,,,,,,,,
397,Fig. 1,ID397__fig1.png,GRID,158,AXIS_FALLBACK,,,,,,,,"567,670,900,951",568,40,40,0.95,leftmost column whose run is >= 0.95 of the longest (40 px),569:40px;568:40px;651:15px;665:14px;664:14px;652:14px,,,,,,,,,,,,,,,,,,,,,,,,,,,,,,,,,,,,,,,,,,,,,,,,,,
397,Fig. 1,ID397__fig1.png,GRID,158,AXIS_FALLBACK,,,,,,,,"174,223,1128,1333",176,205,205,0.95,leftmost column whose run is >= 0.95 of the longest (205 px),176:205px;177:204px;194:99px;193:99px;222:7px;221:6px,,,,,,,,,,,,,,,,,,,,,,,,,,,,,,,,,,,,,,,,,,,,,,,,,,
397,Fig. 1,ID397__fig1.png,GRID,158,AXIS_FALLBACK,,,,,,,,"703,777,181,292",741,52,52,0.95,leftmost column whose run is >= 0.95 of the longest (52 px),742:52px;741:52px;708:43px;707:43px;775:37px;774:37px,,,,,,,,,,,,,,,,,,,,,,,,,,,,,,,,,,,,,,,,,,,,,,,,,,
397,Fig. 1,ID397__fig1.png,GRID,158,AXIS_FALLBACK,,,,,,,,"703,777,1245,1323",715,67,70,0.95,leftmost column whose run is >= 0.95 of the longest (70 px),750:70px;749:70px;716:67px;715:67px;720:8px;719:7px,,,,,,,,,,,,,,,,,,,,,,,,,,,,,,,,,,,,,,,,,,,,,,,,,,
397,Fig. 1,ID397__fig1.png,GRID,158,AXIS_FALLBACK,,,,,,,,"174,223,1128,1333",176,205,205,0.95,leftmost column whose run is >= 0.95 of the longest (205 px),176:205px;177:204px;194:99px;193:99px;222:7px;221:6px,,,,,,,,,,,,,,,,,,,,,,,,,,,,,,,,,,,,,,,,,,,,,,,,,,
397,Fig. 1,ID397__fig1.png,GRID,158,AXIS_FALLBACK,,,,,,,,"174,223,1128,1333",176,205,205,0.95,leftmost column whose run is >= 0.95 of the longest (205 px),176:205px;177:204px;194:99px;193:99px;222:7px;221:6px,,,,,,,,,,,,,,,,,,,,,,,,,,,,,,,,,,,,,,,,,,,,,,,,,,
397,Fig. 1,ID397__fig1.png,GRID,158,AXIS_FALLBACK,,,,,,,,"696,974,174,292",841,98,98,0.95,leftmost column whose run is >= 0.95 of the longest (98 px),842:98px;841:98px;876:77px;875:77px;942:70px;941:70px,,,,,,,,,,,,,,,,,,,,,,,,,,,,,,,,,,,,,,,,,,,,,,,,,,
397,Fig. 1,ID397__fig1.png,GRID,158,AXIS_FALLBACK,,,,,,,,"696,974,1132,1336",698,204,204,0.95,leftmost column whose run is >= 0.95 of the longest (204 px),698:204px;699:202px;922:107px;921:107px;957:95px;956:94px,,,,,,,,,,,,,,,,,,,,,,,,,,,,,,,,,,,,,,,,,,,,,,,,,,
397,Fig. 1,ID397__fig1.png,GRID,158,AXIS_FALLBACK,,,,,,,,"696,974,174,292",841,98,98,0.95,leftmost column whose run is >= 0.95 of the longest (98 px),842:98px;841:98px;876:77px;875:77px;942:70px;941:70px,,,,,,,,,,,,,,,,,,,,,,,,,,,,,,,,,,,,,,,,,,,,,,,,,,
397,Fig. 1,ID397__fig1.png,GRID,158,AXIS_FALLBACK,,,,,,,,"696,974,1132,1336",698,204,204,0.95,leftmost column whose run is >= 0.95 of the longest (204 px),698:204px;699:202px;922:107px;921:107px;957:95px;956:94px,,,,,,,,,,,,,,,,,,,,,,,,,,,,,,,,,,,,,,,,,,,,,,,,,,
397,Fig. 1,ID397__fig1.png,GRID,158,AXIS_FALLBACK,,,,,,,,"698,974,174,292",841,98,98,0.95,leftmost column whose run is >= 0.95 of the longest (98 px),842:98px;841:98px;876:77px;875:77px;942:70px;941:70px,,,,,,,,,,,,,,,,,,,,,,,,,,,,,,,,,,,,,,,,,,,,,,,,,,
397,Fig. 1,ID397__fig1.png,GRID,158,AXIS_FALLBACK,,,,,,,,"698,974,1133,1336",698,203,203,0.95,leftmost column whose run is >= 0.95 of the longest (203 px),698:203px;699:202px;922:107px;921:107px;957:95px;956:94px,,,,,,,,,,,,,,,,,,,,,,,,,,,,,,,,,,,,,,,,,,,,,,,,,,
397,Fig. 1,ID397__fig1.png,GRID,158,AXIS_FALLBACK,,,,,,,,"696,974,1130,1338",698,204,204,0.95,leftmost column whose run is >= 0.95 of the longest (204 px),698:204px;699:202px;922:107px;921:107px;957:95px;956:94px,,,,,,,,,,,,,,,,,,,,,,,,,,,,,,,,,,,,,,,,,,,,,,,,,,
397,Fig. 1,ID397__fig1.png,GRID,158,AXIS_CANDIDATES,,,,,,,,"696,974,1130,1338",698,,,,leftmost of 12 free runs,698:1132-1336:free;699:1133-1335:free;715:1245-1312:free;716:1245-1312:free;749:1253-1323:free;750:1253-1323:free;784:1252-1323:free;785:1252-1323:free;818:1244-1312:free;819:1244-1312:free;852:1230-1310:free;853:1230-1310:free,12,0,1132-1336,862,62.4,,,,,,,,,,,,,,,,,,,,,,,,,,,,,,,,,,,,,,,,,,,,,
397,Fig. 1,ID397__fig1.png,GRID,158,AXIS_FALLBACK,,,,,,,,"696,974,1132,1336",698,204,204,0.95,leftmost column whose run is >= 0.95 of the longest (204 px),698:204px;699:202px;922:107px;921:107px;957:95px;956:94px,,,,,,,,,,,,,,,,,,,,,,,,,,,,,,,,,,,,,,,,,,,,,,,,,,
397,Fig. 1,ID397__fig1.png,GRID,158,AXIS_CANDIDATES,,,,,,,,"696,974,1132,1336",699,,,,leftmost of 11 free runs,699:1133-1335:free;715:1245-1312:free;716:1245-1312:free;749:1253-1323:free;750:1253-1323:free;784:1252-1323:free;785:1252-1323:free;818:1244-1312:free;819:1244-1312:free;852:1230-1310:free;853:1230-1310:free;698:1132-1336:clipped,11,1,1133-1335,862,61.2,,,,,,,,,,,,,,,,,,,,,,,,,,,,,,,,,,,,,,,,,,,,,
397,Fig. 1,ID397__fig1.png,GRID,158,AXIS_FALLBACK,,,,,,,,"698,974,1133,1336",698,203,203,0.95,leftmost column whose run is >= 0.95 of the longest (203 px),698:203px;699:202px;922:107px;921:107px;957:95px;956:94px,,,,,,,,,,,,,,,,,,,,,,,,,,,,,,,,,,,,,,,,,,,,,,,,,,
397,Fig. 1,ID397__fig1.png,GRID,158,AXIS_CANDIDATES,,,,,,,,"698,974,1133,1336",715,,,,leftmost of 10 free runs,715:1245-1312:free;716:1245-1312:free;749:1253-1323:free;750:1253-1323:free;784:1252-1323:free;785:1252-1323:free;818:1244-1312:free;819:1244-1312:free;852:1230-1310:free;853:1230-1310:free;698:1132-1336:clipped;699:1133-1335:clipped,10,2,1245-1312,863,60.9,,,,,,,,,,,,,,,,,,,,,,,,,,,,,,,,,,,,,,,,,,,,,
397,Fig. 1,ID397__fig1.png,GRID,158,AXIS_FALLBACK,,,,,,,,"696,974,1200,1273",698,73,73,0.95,leftmost column whose run is >= 0.95 of the longest (73 px),699:73px;698:73px;922:63px;921:63px;957:49px;956:49px,,,,,,,,,,,,,,,,,,,,,,,,,,,,,,,,,,,,,,,,,,,,,,,,,,
397,Fig. 1,ID397__fig1.png,GRID,158,AXIS_CANDIDATES,,,,,,,,"696,974,1200,1273",698,,,,no free run; leftmost of 8 clipped,698:1132-1336:clipped;699:1133-1335:clipped;715:1245-1312:clipped;716:1245-1312:clipped;818:1244-1312:clipped;819:1244-1312:clipped;852:1230-1310:clipped;853:1230-1310:clipped,0,8,1132-1336,862,21.9,,,,,,,,,,,,,,,,,,,,,,,,,,,,,,,,,,,,,,,,,,,,,
397,Fig. 1,ID397__fig1.png,GRID,158,AXIS_FALLBACK,,,,,,,,"779,908,174,277",841,98,98,0.95,leftmost column whose run is >= 0.95 of the longest (98 px),842:98px;841:98px;876:77px;875:77px;809:38px;808:38px,,,,,,,,,,,,,,,,,,,,,,,,,,,,,,,,,,,,,,,,,,,,,,,,,,
397,Fig. 1,ID397__fig1.png,GRID,158,AXIS_CANDIDATES,,,,,,,,"779,908,174,277",841,,,,no free run; leftmost of 2 clipped,841:174-272:clipped;842:174-272:clipped,0,2,174-272,856,30.9,,,,,,,,,,,,,,,,,,,,,,,,,,,,,,,,,,,,,,,,,,,,,
397,Fig. 1,ID397__fig1.png,GRID,158,AXIS_FALLBACK,,,,,,,,"779,908,172,274",841,98,98,0.95,leftmost column whose run is >= 0.95 of the longest (98 px),842:98px;841:98px;876:74px;875:74px;809:38px;808:38px,,,,,,,,,,,,,,,,,,,,,,,,,,,,,,,,,,,,,,,,,,,,,,,,,,
397,Fig. 1,ID397__fig1.png,GRID,158,AXIS_CANDIDATES,,,,,,,,"779,908,172,274",841,,,,leftmost of 2 free runs,841:174-272:free;842:174-272:free,2,0,174-272,856,30.6,,,,,,,,,,,,,,,,,,,,,,,,,,,,,,,,,,,,,,,,,,,,,
397,Fig. 1,ID397__fig1.png,GRID,158,AXIS_FALLBACK,,,,,,,,"174,223,1126,1335",176,205,205,0.95,leftmost column whose run is >= 0.95 of the longest (205 px),176:205px;177:204px;194:99px;193:99px;222:7px;221:6px,,,,,,,,,,,,,,,,,,,,,,,,,,,,,,,,,,,,,,,,,,,,,,,,,,
397,Fig. 1,ID397__fig1.png,GRID,158,AXIS_CANDIDATES,,,,,,,,"174,223,1126,1335",176,,,,leftmost of 4 free runs,176:1128-1333:free;177:1128-1332:free;193:1205-1304:free;194:1205-1304:free,4,0,1128-1333,203,62.7,,,,,,,,,,,,,,,,,,,,,,,,,,,,,,,,,,,,,,,,,,,,,
397,Fig. 1,ID397__fig1.png,GRID,158,AXIS_FALLBACK,,,,,,,,"174,223,1128,1333",176,205,205,0.95,leftmost column whose run is >= 0.95 of the longest (205 px),176:205px;177:204px;194:99px;193:99px;222:7px;221:6px,,,,,,,,,,,,,,,,,,,,,,,,,,,,,,,,,,,,,,,,,,,,,,,,,,
397,Fig. 1,ID397__fig1.png,GRID,158,AXIS_CANDIDATES,,,,,,,,"174,223,1128,1333",193,,,,leftmost of 2 free runs,193:1205-1304:free;194:1205-1304:free;176:1128-1333:clipped;177:1128-1332:clipped,2,2,1205-1304,203,61.5,,,,,,,,,,,,,,,,,,,,,,,,,,,,,,,,,,,,,,,,,,,,,
397,Fig. 1,ID397__fig1.png,GRID,158,AXIS_FALLBACK,,,,,,,,"703,777,181,292",741,52,52,0.95,leftmost column whose run is >= 0.95 of the longest (52 px),742:52px;741:52px;708:43px;707:43px;775:37px;774:37px,,,,,,,,,,,,,,,,,,,,,,,,,,,,,,,,,,,,,,,,,,,,,,,,,,
397,Fig. 1,ID397__fig1.png,GRID,158,AXIS_CANDIDATES,,,,,,,,"703,777,181,292",707,,,,leftmost of 2 free runs,707:236-279:free;708:236-279:free;741:240-292:clipped;742:240-292:clipped,2,2,236-279,747,33.3,,,,,,,,,,,,,,,,,,,,,,,,,,,,,,,,,,,,,,,,,,,,,
397,Fig. 1,ID397__fig1.png,GRID,158,AXIS_FALLBACK,,,,,,,,"703,777,195,294",741,52,52,0.95,leftmost column whose run is >= 0.95 of the longest (52 px),742:52px;741:52px;708:43px;707:43px;775:37px;774:37px,,,,,,,,,,,,,,,,,,,,,,,,,,,,,,,,,,,,,,,,,,,,,,,,,,
397,Fig. 1,ID397__fig1.png,GRID,158,AXIS_CANDIDATES,,,,,,,,"703,777,195,294",707,,,,leftmost of 4 free runs,707:236-279:free;708:236-279:free;741:240-292:free;742:240-292:free,4,0,236-279,747,29.7,,,,,,,,,,,,,,,,,,,,,,,,,,,,,,,,,,,,,,,,,,,,,
397,Fig. 1,ID397__fig1.png,GRID,158,AXIS_FALLBACK,,,,,,,,"779,908,195,241",841,46,46,0.95,leftmost column whose run is >= 0.95 of the longest (46 px),842:46px;841:46px;876:41px;875:41px;809:20px;808:20px,,,,,,,,,,,,,,,,,,,,,,,,,,,,,,,,,,,,,,,,,,,,,,,,,,
397,Fig. 1,ID397__fig1.png,GRID,158,AXIS_CANDIDATES,,,,,,,,"779,908,195,241",841,,,,no free run; leftmost of 2 clipped,841:174-272:clipped;842:174-272:clipped,0,2,174-272,856,13.8,,,,,,,,,,,,,,,,,,,,,,,,,,,,,,,,,,,,,,,,,,,,,
397,Fig. 1,ID397__fig1.png,GRID,158,AXIS_FALLBACK,,,,,,,,"703,777,1245,1323",715,67,70,0.95,leftmost column whose run is >= 0.95 of the longest (70 px),750:70px;749:70px;716:67px;715:67px;720:8px;719:7px,,,,,,,,,,,,,,,,,,,,,,,,,,,,,,,,,,,,,,,,,,,,,,,,,,
397,Fig. 1,ID397__fig1.png,GRID,158,AXIS_CANDIDATES,,,,,,,,"703,777,1245,1323",715,,,,no free run; leftmost of 2 clipped,715:1245-1312:clipped;716:1245-1312:clipped,0,2,1245-1312,747,23.4,,,,,,,,,,,,,,,,,,,,,,,,,,,,,,,,,,,,,,,,,,,,,
397,Fig. 1,ID397__fig1.png,GRID,158,AXIS_FALLBACK,,,,,,,,"431,497,1187,1265",432,73,75,0.95,leftmost column whose run is >= 0.95 of the longest (75 px),433:75px;432:73px;468:50px;467:50px;434:29px;491:6px,,,,,,,,,,,,,,,,,,,,,,,,,,,,,,,,,,,,,,,,,,,,,,,,,,
397,Fig. 1,ID397__fig1.png,GRID,158,AXIS_CANDIDATES,,,,,,,,"431,497,1187,1265",432,,,,leftmost of 1 free runs,432:1189-1262:free;433:1159-1262:clipped;467:1157-1237:clipped;468:1157-1237:clipped,1,3,1189-1262,470,23.4,,,,,,,,,,,,,,,,,,,,,,,,,,,,,,,,,,,,,,,,,,,,,
397,Fig. 1,ID397__fig1.png,GRID,158,AXIS_FALLBACK,,,,,,,,"431,497,1200,1265",432,62,62,0.95,leftmost column whose run is >= 0.95 of the longest (62 px),433:62px;432:62px;468:37px;467:37px;434:29px;491:6px,,,,,,,,,,,,,,,,,,,,,,,,,,,,,,,,,,,,,,,,,,,,,,,,,,
397,Fig. 1,ID397__fig1.png,GRID,158,AXIS_CANDIDATES,,,,,,,,"431,497,1200,1265",432,,,,no free run; leftmost of 4 clipped,432:1189-1262:clipped;433:1159-1262:clipped;467:1157-1237:clipped;468:1157-1237:clipped,0,4,1189-1262,470,19.5,,,,,,,,,,,,,,,,,,,,,,,,,,,,,,,,,,,,,,,,,,,,,
397,Fig. 1,ID397__fig1.png,GRID,158,AXIS_FALLBACK,,,,,,,,"174,223,204,280",190,45,45,0.95,leftmost column whose run is >= 0.95 of the longest (45 px),191:45px;190:45px;192:9px;213:7px;212:7px;209:7px,,,,,,,,,,,,,,,,,,,,,,,,,,,,,,,,,,,,,,,,,,,,,,,,,,
397,Fig. 1,ID397__fig1.png,GRID,158,AXIS_CANDIDATES,,,,,,,,"174,223,204,280",190,,,,leftmost of 2 free runs,190:206-251:free;191:206-251:free,2,0,206-251,203,22.8,,,,,,,,,,,,,,,,,,,,,,,,,,,,,,,,,,,,,,,,,,,,,
397,Fig. 1,ID397__fig1.png,GRID,158,AXIS_FALLBACK,,,,,,,,"174,223,1200,1273",176,73,73,0.95,leftmost column whose run is >= 0.95 of the longest (73 px),177:73px;176:73px;194:68px;193:68px;222:7px;221:6px,,,,,,,,,,,,,,,,,,,,,,,,,,,,,,,,,,,,,,,,,,,,,,,,,,
397,Fig. 1,ID397__fig1.png,GRID,158,AXIS_CANDIDATES,,,,,,,,"174,223,1200,1273",176,,,,no free run; leftmost of 4 clipped,176:1128-1333:clipped;177:1128-1332:clipped;193:1205-1304:clipped;194:1205-1304:clipped,0,4,1128-1333,203,21.9,,,,,,,,,,,,,,,,,,,,,,,,,,,,,,,,,,,,,,,,,,,,,
397,Fig. 1,ID397__fig1.png,GRID,158,AXIS_FALLBACK,,,,,,,,"696,974,174,292",841,98,98,0.95,leftmost column whose run is >= 0.95 of the longest (98 px),842:98px;841:98px;876:77px;875:77px;942:70px;941:70px,,,,,,,,,,,,,,,,,,,,,,,,,,,,,,,,,,,,,,,,,,,,,,,,,,
397,Fig. 1,ID397__fig1.png,GRID,158,AXIS_CANDIDATES,,,,,,,,"696,974,174,292",707,,,,leftmost of 2 free runs,707:236-279:free;708:236-279:free;741:240-292:clipped;742:240-292:clipped;841:174-272:clipped;842:174-272:clipped,2,4,236-279,862,35.4,,,,,,,,,,,,,,,,,,,,,,,,,,,,,,,,,,,,,,,,,,,,,
397,Fig. 1,ID397__fig1.png,GRID,158,AXIS_FALLBACK,,,,,,,,"698,974,174,292",841,98,98,0.95,leftmost column whose run is >= 0.95 of the longest (98 px),842:98px;841:98px;876:77px;875:77px;942:70px;941:70px,,,,,,,,,,,,,,,,,,,,,,,,,,,,,,,,,,,,,,,,,,,,,,,,,,
397,Fig. 1,ID397__fig1.png,GRID,158,AXIS_CANDIDATES,,,,,,,,"698,974,174,292",707,,,,leftmost of 2 free runs,707:236-279:free;708:236-279:free;741:240-292:clipped;742:240-292:clipped;841:174-272:clipped;842:174-272:clipped,2,4,236-279,863,35.4,,,,,,,,,,,,,,,,,,,,,,,,,,,,,,,,,,,,,,,,,,,,,
397,Fig. 1,ID397__fig1.png,GRID,158,AXIS_FALLBACK,,,,,,,,"567,677,1145,1273",569,117,117,0.95,leftmost column whose run is >= 0.95 of the longest (117 px),570:117px;569:117px;673:15px;674:14px;669:13px;675:12px,,,,,,,,,,,,,,,,,,,,,,,,,,,,,,,,,,,,,,,,,,,,,,,,,,
397,Fig. 1,ID397__fig1.png,GRID,158,AXIS_CANDIDATES,,,,,,,,"567,677,1145,1273",569,,,,leftmost of 2 free runs,569:1147-1264:free;570:1147-1264:free,2,0,1147-1264,633,38.4,,,,,,,,,,,,,,,,,,,,,,,,,,,,,,,,,,,,,,,,,,,,,
397,Fig. 1,ID397__fig1.png,GRID,158,AXIS_FALLBACK,,,,,,,,"698,974,239,285",741,45,45,0.95,leftmost column whose run is >= 0.95 of the longest (45 px),742:45px;741:45px;942:40px;941:40px;708:40px;707:40px,,,,,,,,,,,,,,,,,,,,,,,,,,,,,,,,,,,,,,,,,,,,,,,,,,
397,Fig. 1,ID397__fig1.png,GRID,158,AXIS_CANDIDATES,,,,,,,,"698,974,239,285",707,,,,no free run; leftmost of 6 clipped,707:236-279:clipped;708:236-279:clipped;741:240-292:clipped;742:240-292:clipped;841:174-272:clipped;842:174-272:clipped,0,6,236-279,863,13.8,,,,,,,,,,,,,,,,,,,,,,,,,,,,,,,,,,,,,,,,,,,,,
397,Fig. 1,ID397__fig1.png,GRID,158,AXIS_FALLBACK,,,,,,,,"567,677,1200,1273",569,64,64,0.95,leftmost column whose run is >= 0.95 of the longest (64 px),570:64px;569:64px;675:12px;668:12px;636:10px;676:9px,,,,,,,,,,,,,,,,,,,,,,,,,,,,,,,,,,,,,,,,,,,,,,,,,,
397,Fig. 1,ID397__fig1.png,GRID,158,AXIS_CANDIDATES,,,,,,,,"567,677,1200,1273",569,,,,no free run; leftmost of 2 clipped,569:1147-1264:clipped;570:1147-1264:clipped,0,2,1147-1264,633,21.9,,,,,,,,,,,,,,,,,,,,,,,,,,,,,,,,,,,,,,,,,,,,,
397,Fig. 1,ID397__fig1.png,GRID,158,AXIS_FALLBACK,,,,,,,,"567,677,515,582",568,48,48,0.95,leftmost column whose run is >= 0.95 of the longest (48 px),569:48px;568:48px;664:14px;663:14px;662:13px;676:12px,,,,,,,,,,,,,,,,,,,,,,,,,,,,,,,,,,,,,,,,,,,,,,,,,,
397,Fig. 1,ID397__fig1.png,GRID,158,AXIS_CANDIDATES,,,,,,,,"567,677,515,582",568,,,,leftmost of 2 free runs,568:518-566:free;569:518-566:free,2,0,518-566,633,20.1,,,,,,,,,,,,,,,,,,,,,,,,,,,,,,,,,,,,,,,,,,,,,
397,Fig. 1,ID397__fig1.png,GRID,158,AXIS_FALLBACK,,,,,,,,"567,670,515,582",568,48,48,0.95,leftmost column whose run is >= 0.95 of the longest (48 px),569:48px;568:48px;664:14px;663:14px;662:13px;669:12px,,,,,,,,,,,,,,,,,,,,,,,,,,,,,,,,,,,,,,,,,,,,,,,,,,
397,Fig. 1,ID397__fig1.png,GRID,158,AXIS_CANDIDATES,,,,,,,,"567,670,515,582",568,,,,leftmost of 2 free runs,568:518-566:free;569:518-566:free,2,0,518-566,628,20.1,,,,,,,,,,,,,,,,,,,,,,,,,,,,,,,,,,,,,,,,,,,,,
397,Fig. 1,ID397__fig1.png,GRID,158,AXIS_FALLBACK,,,,,,,,"567,677,900,951",568,40,40,0.95,leftmost column whose run is >= 0.95 of the longest (40 px),569:40px;568:40px;651:15px;665:14px;664:14px;652:14px,,,,,,,,,,,,,,,,,,,,,,,,,,,,,,,,,,,,,,,,,,,,,,,,,,
397,Fig. 1,ID397__fig1.png,GRID,158,AXIS_CANDIDATES,,,,,,,,"567,677,900,951",568,,,,no free run; leftmost of 2 clipped,568:900-940:clipped;569:900-940:clipped,0,2,900-940,633,15.3,,,,,,,,,,,,,,,,,,,,,,,,,,,,,,,,,,,,,,,,,,,,,
397,Fig. 1,ID397__fig1.png,GRID,158,AXIS_FALLBACK,,,,,,,,"567,670,900,951",568,40,40,0.95,leftmost column whose run is >= 0.95 of the longest (40 px),569:40px;568:40px;651:15px;665:14px;664:14px;652:14px,,,,,,,,,,,,,,,,,,,,,,,,,,,,,,,,,,,,,,,,,,,,,,,,,,
397,Fig. 1,ID397__fig1.png,GRID,158,AXIS_CANDIDATES,,,,,,,,"567,670,900,951",568,,,,no free run; leftmost of 2 clipped,568:900-940:clipped;569:900-940:clipped,0,2,900-940,628,15.3,,,,,,,,,,,,,,,,,,,,,,,,,,,,,,,,,,,,,,,,,,,,,
397,Fig. 1,ID397__fig1.png,GRID,158,AXIS_FALLBACK,,,,,,,,"174,223,195,253",190,45,45,0.95,leftmost column whose run is >= 0.95 of the longest (45 px),191:45px;190:45px;192:9px;220:7px;219:7px;218:7px,,,,,,,,,,,,,,,,,,,,,,,,,,,,,,,,,,,,,,,,,,,,,,,,,,
397,Fig. 1,ID397__fig1.png,GRID,158,AXIS_CANDIDATES,,,,,,,,"174,223,195,253",190,,,,leftmost of 2 free runs,190:206-251:free;191:206-251:free,2,0,206-251,203,17.4,,,,,,,,,,,,,,,,,,,,,,,,,,,,,,,,,,,,,,,,,,,,,
397,Fig. 1,ID397__fig1.png,OFF,158,SELECTED_PASS,,,,,,,,,,,,,,,,,,,,,,,,,,,,,,,,,,,,,,,,,,,,,,,,,,"(0, -2, 6, -6)",6,,,,,,,,,,,,,
397,Fig. 1,ID397__fig1.png,OFF,158,FRAGMENT_DECISION,,,,,,,,"102,568,139,260",,,,,,,,,,,,,,,,,,,,,,,,P01,,,,,,,,,,,,,,,,,,,,CUT_THROUGH_AXIS,,,baseline continues left of x0,,,,,,,,,
397,Fig. 1,ID397__fig1.png,OFF,158,SELECTED,,,,,,,,"102,568,139,260",,,,,,,,,,,,,,,,,,,,,,,,P01,,,,,,,,,,,,,,,,,,,,,,,,AXIS_ATTESTED,anchor,190,235,LADDER_OK,3,1,baseline continues left of x0,FOUND_BY_COLUMN_RESCAN
397,Fig. 1,ID397__fig1.png,OFF,158,SELECTED,,,,,,,,"102,577,363,756",,,,,,,,,,,,,,,,,,,,,,,,P02,,,,,,,,,,,,,,,,,,,,,,,,AXIS_ATTESTED,anchor,181,544,LADDER_OK,5,0,,BROAD_SLAB
397,Fig. 1,ID397__fig1.png,OFF,158,SELECTED,,,,,,,,"619,1083,441,641",,,,,,,,,,,,,,,,,,,,,,,,P03,,,,,,,,,,,,,,,,,,,,,,,,AXIS_ATTESTED,anchor,715,582,LADDER_OK,4,0,,AXIS_REANCHORED
397,Fig. 1,ID397__fig1.png,OFF,158,SELECTED,,,,,,,,"619,1083,821,990",,,,,,,,,,,,,,,,,,,,,,,,P04,,,,,,,,,,,,,,,,,,,,,,,,AXIS_ATTESTED,anchor,728,971,LADDER_OK,6,0,,FOUND_BY_COLUMN_RESCAN
397,Fig. 1,ID397__fig1.png,OFF,158,SELECTED,,,,,,,,"93,587,1034,1458",,,,,,,,,,,,,,,,,,,,,,,,P05,,,,,,,,,,,,,,,,,,,,,,,,AXIS_ATTESTED,anchor,176,1264,LADDER_OK,7,0,,BROAD_SLAB
397,Fig. 1,ID397__fig1.png,OFF,158,FRAGMENT_DECISION,,,,,,,,"611,1102,1078,1453",,,,,,,,,,,,,,,,,,,,,,,,P06,,,,,,,,,,,,,,,,,,,,CUT_THROUGH_AXIS,,,baseline continues right of x1,,,,,,,,,
397,Fig. 1,ID397__fig1.png,OFF,158,SELECTED,,,,,,,,"611,1102,1078,1453",,,,,,,,,,,,,,,,,,,,,,,,P06,,,,,,,,,,,,,,,,,,,,,,,,AXIS_ATTESTED,anchor,698,1267,LADDER_OK,6,0,baseline continues right of x1,BROAD_SLAB
475,Fig. 1,ID475__fig1.png,OFF,140,CUT,1,col,0,501-554,53,"0,527,0,1020","527,1054,0,1020",,,,,,,,,,,,,,,,,,,,,,,,,,,,,,,,,,,,,,,,,,,,,,,,,,,,,,,,,
475,Fig. 1,ID475__fig1.png,OFF,140,CUT,2,row,1,664-695,31,"0,527,0,679","0,527,679,1020",,,,,,,,,,,,,,,,,,,,,,,,,,,,,,,,,,,,,,,,,,,,,,,,,,,,,,,,,
475,Fig. 1,ID475__fig1.png,OFF,140,CUT,3,row,2,341-370,29,"0,527,0,355","0,527,355,679",,,,,,,,,,,,,,,,,,,,,,,,,,,,,,,,,,,,,,,,,,,,,,,,,,,,,,,,,
475,Fig. 1,ID475__fig1.png,OFF,140,CUT,4,row,3,297-317,20,"0,527,0,307","0,527,307,355",,,,,,,,,,,,,,,,,,,,,,,,,,,,,,,,,,,,,,,,,,,,,,,,,,,,,,,,,
475,Fig. 1,ID475__fig1.png,OFF,140,CUT,5,col,3,384-428,44,"0,406,355,679","406,527,355,679",,,,,,,,,,,,,,,,,,,,,,,,,,,,,,,,,,,,,,,,,,,,,,,,,,,,,,,,,
475,Fig. 1,ID475__fig1.png,OFF,140,CUT,6,col,2,383-428,45,"0,405,679,1020","405,527,679,1020",,,,,,,,,,,,,,,,,,,,,,,,,,,,,,,,,,,,,,,,,,,,,,,,,,,,,,,,,
475,Fig. 1,ID475__fig1.png,OFF,140,CUT,7,col,3,273-311,38,"0,292,679,1020","292,405,679,1020",,,,,,,,,,,,,,,,,,,,,,,,,,,,,,,,,,,,,,,,,,,,,,,,,,,,,,,,,
475,Fig. 1,ID475__fig1.png,OFF,140,CUT,8,row,3,951-961,10,"405,527,679,956","405,527,956,1020",,,,,,,,,,,,,,,,,,,,,,,,,,,,,,,,,,,,,,,,,,,,,,,,,,,,,,,,,
475,Fig. 1,ID475__fig1.png,OFF,140,CUT,9,row,1,341-373,32,"527,1054,0,357","527,1054,357,1020",,,,,,,,,,,,,,,,,,,,,,,,,,,,,,,,,,,,,,,,,,,,,,,,,,,,,,,,,
475,Fig. 1,ID475__fig1.png,OFF,140,CUT,10,row,2,301-320,19,"527,1054,0,310","527,1054,310,357",,,,,,,,,,,,,,,,,,,,,,,,,,,,,,,,,,,,,,,,,,,,,,,,,,,,,,,,,
475,Fig. 1,ID475__fig1.png,OFF,140,CUT,11,col,3,590-609,19,"527,599,0,310","599,1054,0,310",,,,,,,,,,,,,,,,,,,,,,,,,,,,,,,,,,,,,,,,,,,,,,,,,,,,,,,,,
475,Fig. 1,ID475__fig1.png,OFF,140,CUT,12,col,3,831-924,93,"527,877,310,357","877,1054,310,357",,,,,,,,,,,,,,,,,,,,,,,,,,,,,,,,,,,,,,,,,,,,,,,,,,,,,,,,,
475,Fig. 1,ID475__fig1.png,OFF,140,CUT,13,col,2,852-895,43,"527,873,357,1020","873,1054,357,1020",,,,,,,,,,,,,,,,,,,,,,,,,,,,,,,,,,,,,,,,,,,,,,,,,,,,,,,,,
475,Fig. 1,ID475__fig1.png,OFF,140,CUT,14,row,3,669-695,26,"527,873,357,682","527,873,682,1020",,,,,,,,,,,,,,,,,,,,,,,,,,,,,,,,,,,,,,,,,,,,,,,,,,,,,,,,,
475,Fig. 1,ID475__fig1.png,OFF,140,CUT,15,row,3,880-966,86,"873,1054,357,923","873,1054,923,1020",,,,,,,,,,,,,,,,,,,,,,,,,,,,,,,,,,,,,,,,,,,,,,,,,,,,,,,,,
475,Fig. 1,ID475__fig1.png,OFF,140,AXIS_FALLBACK,,,,,,,,"428,500,834,951",444,117,117,0.95,leftmost column whose run is >= 0.95 of the longest (117 px),445:117px;444:117px;482:63px;481:63px;461:27px;460:27px,,,,,,,,,,,,,,,,,,,,,,,,,,,,,,,,,,,,,,,,,,,,,,,,,,
475,Fig. 1,ID475__fig1.png,OFF,140,AXIS_FALLBACK,,,,,,,,"609,967,31,301",645,238,238,0.95,leftmost column whose run is >= 0.95 of the longest (238 px),645:238px;798:74px;797:74px;913:65px;912:65px;684:64px,,,,,,,,,,,,,,,,,,,,,,,,,,,,,,,,,,,,,,,,,,,,,,,,,,
475,Fig. 1,ID475__fig1.png,OFF,140,AXIS_FALLBACK,,,,,,,,"428,500,510,664",445,120,120,0.95,leftmost column whose run is >= 0.95 of the longest (120 px),446:120px;445:120px;499:63px;482:63px;481:63px;466:63px,,,,,,,,,,,,,,,,,,,,,,,,,,,,,,,,,,,,,,,,,,,,,,,,,,
475,Fig. 1,ID475__fig1.png,OFF,140,AXIS_FALLBACK,,,,,,,,"428,500,510,664",445,120,120,0.95,leftmost column whose run is >= 0.95 of the longest (120 px),446:120px;445:120px;499:63px;482:63px;481:63px;466:63px,,,,,,,,,,,,,,,,,,,,,,,,,,,,,,,,,,,,,,,,,,,,,,,,,,
475,Fig. 1,ID475__fig1.png,OFF,140,AXIS_FALLBACK,,,,,,,,"428,500,834,951",444,117,117,0.95,leftmost column whose run is >= 0.95 of the longest (117 px),445:117px;444:117px;482:63px;481:63px;461:27px;460:27px,,,,,,,,,,,,,,,,,,,,,,,,,,,,,,,,,,,,,,,,,,,,,,,,,,
475,Fig. 1,ID475__fig1.png,OFF,140,AXIS_FALLBACK,,,,,,,,"609,967,31,301",645,238,238,0.95,leftmost column whose run is >= 0.95 of the longest (238 px),645:238px;798:74px;797:74px;913:65px;912:65px;684:64px,,,,,,,,,,,,,,,,,,,,,,,,,,,,,,,,,,,,,,,,,,,,,,,,,,
475,Fig. 1,ID475__fig1.png,OFF,140,AXIS_FALLBACK,,,,,,,,"612,967,403,619",678,106,111,0.95,leftmost column whose run is >= 0.95 of the longest (111 px),912:111px;911:111px;796:108px;795:108px;678:106px;679:105px,,,,,,,,,,,,,,,,,,,,,,,,,,,,,,,,,,,,,,,,,,,,,,,,,,
475,Fig. 1,ID475__fig1.png,OFF,140,AXIS_FALLBACK,,,,,,,,"609,967,738,938",679,102,103,0.95,leftmost column whose run is >= 0.95 of the longest (103 px),797:103px;796:103px;680:102px;679:102px;914:99px;913:99px,,,,,,,,,,,,,,,,,,,,,,,,,,,,,,,,,,,,,,,,,,,,,,,,,,
475,Fig. 1,ID475__fig1.png,OFF,140,AXIS_CANDIDATES,,,,,,,,"609,967,31,301",645,,,,no free run; leftmost of 1 clipped,645:63-327:clipped,0,1,63-327,823,81.0,,,,,,,,,,,,,,,,,,,,,,,,,,,,,,,,,,,,,,,,,,,,,
475,Fig. 1,ID475__fig1.png,OFF,140,AXIS_FALLBACK,,,,,,,,"609,967,31,301",645,238,238,0.95,leftmost column whose run is >= 0.95 of the longest (238 px),645:238px;798:74px;797:74px;913:65px;912:65px;684:64px,,,,,,,,,,,,,,,,,,,,,,,,,,,,,,,,,,,,,,,,,,,,,,,,,,
475,Fig. 1,ID475__fig1.png,OFF,140,AXIS_CANDIDATES,,,,,,,,"428,500,834,951",444,,,,no free run; leftmost of 2 clipped,444:834-951:clipped;445:834-951:clipped,0,2,834-951,471,35.1,,,,,,,,,,,,,,,,,,,,,,,,,,,,,,,,,,,,,,,,,,,,,
475,Fig. 1,ID475__fig1.png,OFF,140,AXIS_FALLBACK,,,,,,,,"428,500,834,951",444,117,117,0.95,leftmost column whose run is >= 0.95 of the longest (117 px),445:117px;444:117px;482:63px;481:63px;461:27px;460:27px,,,,,,,,,,,,,,,,,,,,,,,,,,,,,,,,,,,,,,,,,,,,,,,,,,
475,Fig. 1,ID475__fig1.png,OFF,140,AXIS_CANDIDATES,,,,,,,,"428,500,510,664",445,,,,no free run; leftmost of 4 clipped,445:510-630:clipped;446:510-630:clipped;465:510-573:clipped;466:510-573:clipped,0,4,510-630,471,46.2,,,,,,,,,,,,,,,,,,,,,,,,,,,,,,,,,,,,,,,,,,,,,
475,Fig. 1,ID475__fig1.png,OFF,140,AXIS_FALLBACK,,,,,,,,"428,500,510,664",445,120,120,0.95,leftmost column whose run is >= 0.95 of the longest (120 px),446:120px;445:120px;499:63px;482:63px;481:63px;466:63px,,,,,,,,,,,,,,,,,,,,,,,,,,,,,,,,,,,,,,,,,,,,,,,,,,
475,Fig. 1,ID475__fig1.png,OFF,140,AXIS_CANDIDATES,,,,,,,,"612,967,403,619",679,,,,leftmost of 3 free runs,679:513-618:free;795:406-514:free;796:406-514:free;678:513-619:clipped,3,1,513-618,825,64.8,,,,,,,,,,,,,,,,,,,,,,,,,,,,,,,,,,,,,,,,,,,,,
475,Fig. 1,ID475__fig1.png,OFF,140,AXIS_FALLBACK,,,,,,,,"612,967,403,619",678,106,111,0.95,leftmost column whose run is >= 0.95 of the longest (111 px),912:111px;911:111px;796:108px;795:108px;678:106px;679:105px,,,,,,,,,,,,,,,,,,,,,,,,,,,,,,,,,,,,,,,,,,,,,,,,,,
475,Fig. 1,ID475__fig1.png,OFF,140,AXIS_CANDIDATES,,,,,,,,"609,967,738,938",679,,,,leftmost of 2 free runs,679:835-937:free;680:835-937:free;796:835-938:clipped;797:835-938:clipped,2,2,835-937,823,60.0,,,,,,,,,,,,,,,,,,,,,,,,,,,,,,,,,,,,,,,,,,,,,
475,Fig. 1,ID475__fig1.png,OFF,140,AXIS_FALLBACK,,,,,,,,"609,967,738,938",679,102,103,0.95,leftmost column whose run is >= 0.95 of the longest (103 px),797:103px;796:103px;680:102px;679:102px;914:99px;913:99px,,,,,,,,,,,,,,,,,,,,,,,,,,,,,,,,,,,,,,,,,,,,,,,,,,
475,Fig. 1,ID475__fig1.png,OFF,140,ORPHAN,,,,,,,,,,,,,,,,,,,,"106,501,27,297",395,270,NO_PANEL_IN_REACH,0,left 108px share 0.99 reach 34 [gap] | overlap 0px share 0.00 reach 34 [share],,,,,,,,,,,,,,,,,,,,,,,,,,,,,,,,,,,,,,,
475,Fig. 1,ID475__fig1.png,OFF,140,PIECE_RELATION,,,,,,,,,,,,,,,,,,,,"106,501,27,297",,,,,,NO_SELECTED_PANEL_DESCENDANT,0,0,,,CONTAINMENT,,,,,,,,,,,,,,,,,,,,,,,,,,,,,,,,,
475,Fig. 1,ID475__fig1.png,OFF,140,ORPHAN,,,,,,,,,,,,,,,,,,,,"142,487,317,341",345,24,NO_PANEL_IN_REACH,0,left 122px share 0.00 reach 34 [gap] [share] | overlap 0px share 0.00 reach 34 [share],,,,,,,,,,,,,,,,,,,,,,,,,,,,,,,,,,,,,,,
475,Fig. 1,ID475__fig1.png,OFF,140,PIECE_RELATION,,,,,,,,,,,,,,,,,,,,"142,487,317,341",,,,,,NO_SELECTED_PANEL_DESCENDANT,0,0,,,CONTAINMENT,,,,,,,,,,,,,,,,,,,,,,,,,,,,,,,,,
475,Fig. 1,ID475__fig1.png,OFF,140,ORPHAN,,,,,,,,,,,,,,,,,,,,"99,384,370,664",285,294,NO_PANEL_IN_REACH,0,left 44px share 1.00 reach 34 [gap],,,,,,,,,,,,,,,,,,,,,,,,,,,,,,,,,,,,,,,
475,Fig. 1,ID475__fig1.png,OFF,140,PIECE_RELATION,,,,,,,,,,,,,,,,,,,,"99,384,370,664",,,,,,OPPOSITE_HALF_UNIQUE_PANEL,1,0,"428,500,510,664",,CONTAINMENT,,,,,,,,,,,,,,,,,,,,,,,,,,,,,,,,,
475,Fig. 1,ID475__fig1.png,OFF,140,AXIS_FALLBACK,,,,,,,,"428,500,510,664",445,120,120,0.95,leftmost column whose run is >= 0.95 of the longest (120 px),446:120px;445:120px;499:63px;482:63px;481:63px;466:63px,,,,,,,,,,,,,,,,,,,,,,,,,,,,,,,,,,,,,,,,,,,,,,,,,,
475,Fig. 1,ID475__fig1.png,OFF,140,AXIS_FALLBACK,,,,,,,,"428,500,510,664",445,120,120,0.95,leftmost column whose run is >= 0.95 of the longest (120 px),446:120px;445:120px;499:63px;482:63px;481:63px;466:63px,,,,,,,,,,,,,,,,,,,,,,,,,,,,,,,,,,,,,,,,,,,,,,,,,,
475,Fig. 1,ID475__fig1.png,OFF,140,AXIS_FALLBACK,,,,,,,,"428,500,510,664",445,120,120,0.95,leftmost column whose run is >= 0.95 of the longest (120 px),446:120px;445:120px;499:63px;482:63px;481:63px;466:63px,,,,,,,,,,,,,,,,,,,,,,,,,,,,,,,,,,,,,,,,,,,,,,,,,,
475,Fig. 1,ID475__fig1.png,OFF,140,GATE_SHADOW,5,,,,44,,,,,,,,,,,,,,,"99,384,370,664",,,,,,,,,,,,"428,500,510,664",col,left,False,O,X,-,X,X,-,,,,,,,,,,,,,,,,,,,,,,,
475,Fig. 1,ID475__fig1.png,OFF,140,GATE_SHADOW_WHY,,,,,,,,,,,,,,,,,,,,"99,384,370,664",,,,,,,,,,,,"428,500,510,664",,,,,,,,,,"축 없음, 잉크 0.049","행 겹침 1.00, 패널 행 510-664, 조각 370-664",이 클립에서 캡션을 읽지 못했다,"건너는 간격 61 px, 패널 내부의 가장 큰 간격 18 px","밑변에 선 열 0.07, 축 범위 안 잉크 0.46 (교집합 0.46)",막대·눈금이 0→0개뿐이라 규칙성을 잴 수 없다,,,,,,,,,,,,,,,,,
475,Fig. 1,ID475__fig1.png,OFF,140,ORPHAN,,,,,,,,,,,,,,,,,,,,"92,273,695,975",181,280,NO_PANEL_IN_REACH,0,left 155px share 1.00 reach 34 [gap],,,,,,,,,,,,,,,,,,,,,,,,,,,,,,,,,,,,,,,
475,Fig. 1,ID475__fig1.png,OFF,140,PIECE_RELATION,,,,,,,,,,,,,,,,,,,,"92,273,695,975",,,,,,NO_SELECTED_PANEL_DESCENDANT,0,0,,,CONTAINMENT,,,,,,,,,,,,,,,,,,,,,,,,,,,,,,,,,
475,Fig. 1,ID475__fig1.png,OFF,140,ORPHAN,,,,,,,,,,,,,,,,,,,,"311,383,834,975",72,141,NO_PANEL_IN_REACH,0,left 45px share 1.00 reach 34 [gap],,,,,,,,,,,,,,,,,,,,,,,,,,,,,,,,,,,,,,,
475,Fig. 1,ID475__fig1.png,OFF,140,PIECE_RELATION,,,,,,,,,,,,,,,,,,,,"311,383,834,975",,,,,,NO_SELECTED_PANEL_DESCENDANT,0,0,,,CONTAINMENT,,,,,,,,,,,,,,,,,,,,,,,,,,,,,,,,,
475,Fig. 1,ID475__fig1.png,OFF,140,ORPHAN,,,,,,,,,,,,,,,,,,,,"435,469,961,975",34,14,NO_PANEL_IN_REACH,0,left 140px share 0.00 reach 34 [gap] [share] | overlap 0px share 0.00 reach 34 [share],,,,,,,,,,,,,,,,,,,,,,,,,,,,,,,,,,,,,,,
475,Fig. 1,ID475__fig1.png,OFF,140,PIECE_RELATION,,,,,,,,,,,,,,,,,,,,"435,469,961,975",,,,,,OPPOSITE_HALF_UNIQUE_PANEL,1,0,"428,500,834,951",,CONTAINMENT,,,,,,,,,,,,,,,,,,,,,,,,,,,,,,,,,
475,Fig. 1,ID475__fig1.png,OFF,140,AXIS_FALLBACK,,,,,,,,"428,500,834,951",444,117,117,0.95,leftmost column whose run is >= 0.95 of the longest (117 px),445:117px;444:117px;482:63px;481:63px;461:27px;460:27px,,,,,,,,,,,,,,,,,,,,,,,,,,,,,,,,,,,,,,,,,,,,,,,,,,
475,Fig. 1,ID475__fig1.png,OFF,140,AXIS_FALLBACK,,,,,,,,"428,500,834,951",444,117,117,0.95,leftmost column whose run is >= 0.95 of the longest (117 px),445:117px;444:117px;482:63px;481:63px;461:27px;460:27px,,,,,,,,,,,,,,,,,,,,,,,,,,,,,,,,,,,,,,,,,,,,,,,,,,
475,Fig. 1,ID475__fig1.png,OFF,140,AXIS_FALLBACK,,,,,,,,"428,500,834,951",444,117,117,0.95,leftmost column whose run is >= 0.95 of the longest (117 px),445:117px;444:117px;482:63px;481:63px;461:27px;460:27px,,,,,,,,,,,,,,,,,,,,,,,,,,,,,,,,,,,,,,,,,,,,,,,,,,
475,Fig. 1,ID475__fig1.png,OFF,140,GATE_SHADOW,8,,,,10,,,,,,,,,,,,,,,"435,469,961,975",,,,,,,,,,,,"428,500,834,951",row,below,False,O,X,-,O,O,-,,,,,,,,,,,,,,,,,,,,,,,
475,Fig. 1,ID475__fig1.png,OFF,140,GATE_SHADOW_WHY,,,,,,,,,,,,,,,,,,,,"435,469,961,975",,,,,,,,,,,,"428,500,834,951",,,,,,,,,,"축 없음, 잉크 0.487","행 겹침 -0.71, 패널 행 834-951, 조각 961-975",이 클립에서 캡션을 읽지 못했다,"건너는 간격 0 px, 패널 내부의 가장 큰 간격 0 px","밑변에 선 열 0.00, 축 범위 안 잉크 4.26 (교집합 0.00)",막대·눈금이 0→0개뿐이라 규칙성을 잴 수 없다,,,,,,,,,,,,,,,,,
475,Fig. 1,ID475__fig1.png,OFF,140,AXIS_FALLBACK,,,,,,,,"609,967,31,301",645,238,238,0.95,leftmost column whose run is >= 0.95 of the longest (238 px),645:238px;798:74px;797:74px;913:65px;912:65px;684:64px,,,,,,,,,,,,,,,,,,,,,,,,,,,,,,,,,,,,,,,,,,,,,,,,,,
475,Fig. 1,ID475__fig1.png,OFF,140,AXIS_FALLBACK,,,,,,,,"609,967,31,301",645,238,238,0.95,leftmost column whose run is >= 0.95 of the longest (238 px),645:238px;798:74px;797:74px;913:65px;912:65px;684:64px,,,,,,,,,,,,,,,,,,,,,,,,,,,,,,,,,,,,,,,,,,,,,,,,,,
475,Fig. 1,ID475__fig1.png,OFF,140,AXIS_FALLBACK,,,,,,,,"609,967,31,301",645,238,238,0.95,leftmost column whose run is >= 0.95 of the longest (238 px),645:238px;798:74px;797:74px;913:65px;912:65px;684:64px,,,,,,,,,,,,,,,,,,,,,,,,,,,,,,,,,,,,,,,,,,,,,,,,,,
475,Fig. 1,ID475__fig1.png,OFF,140,ORPHAN,,,,19,,,,,,,,,,,,,,,,"572,590,116,273",18,157,OFFERED,,,,,,,,,"609,967,31,301",,left,,,,,,,,,,,,,,34,,,,,,,,,,,,,,,,
475,Fig. 1,ID475__fig1.png,OFF,140,GATE,,,,19,,,,,,,,,,,,,,,,"572,590,116,273",,,,,,,,,,,,"609,967,31,301",,left,True,O,O,-,X,O,-,,,,,,,,,,,,,,,,,,,,,,,
475,Fig. 1,ID475__fig1.png,OFF,140,GATE_WHY,,,,,,,,,,,,,,,,,,,,"572,590,116,273",,,,,,,,,,,,"609,967,31,301",,,,,,,,,,"축 없음, 잉크 0.337","행 겹침 1.00, 패널 행 31-327, 조각 116-273",이 클립에서 캡션을 읽지 못했다,"건너는 간격 59 px, 패널 내부의 가장 큰 간격 1 px","밑변에 선 열 0.00, 축 범위 안 잉크 1.00 (교집합 1.00)",막대·눈금이 0→0개뿐이라 규칙성을 잴 수 없다,,,,,,,,,,,,,,,,,
475,Fig. 1,ID475__fig1.png,OFF,140,POST,,,,,,,,,,,,,,,,,,,,"572,590,116,273",,,ADOPTED,,,,,,,,,"609,967,31,301",,,,,,,,,,,,,,,,,"572,967,31,301",,,,,,,,,,,,,,,
475,Fig. 1,ID475__fig1.png,OFF,140,ORPHAN,,,,,,,,,,,,,,,,,,,,"609,831,320,341",222,21,NO_PANEL_IN_REACH,0,overlap 0px share 0.00 reach 34 [share] | right 109px share 0.00 reach 34 [gap] [share],,,,,,,,,,,,,,,,,,,,,,,,,,,,,,,,,,,,,,,
475,Fig. 1,ID475__fig1.png,OFF,140,PIECE_RELATION,,,,,,,,,,,,,,,,,,,,"609,831,320,341",,,,,,NO_SELECTED_PANEL_DESCENDANT,0,0,,,CONTAINMENT,,,,,,,,,,,,,,,,,,,,,,,,,,,,,,,,,
475,Fig. 1,ID475__fig1.png,OFF,140,ORPHAN,,,,,,,,,,,,,,,,,,,,"924,944,326,341",20,15,NO_PANEL_IN_REACH,0,overlap 0px share 0.00 reach 34 [share] | right 424px share 0.00 reach 34 [gap] [share],,,,,,,,,,,,,,,,,,,,,,,,,,,,,,,,,,,,,,,
475,Fig. 1,ID475__fig1.png,OFF,140,PIECE_RELATION,,,,,,,,,,,,,,,,,,,,"924,944,326,341",,,,,,NO_SELECTED_PANEL_DESCENDANT,0,0,,,CONTAINMENT,,,,,,,,,,,,,,,,,,,,,,,,,,,,,,,,,
475,Fig. 1,ID475__fig1.png,OFF,140,ORPHAN,,,,,,,,,,,,,,,,,,,,"565,850,373,669",285,296,NO_PANEL_IN_REACH,0,overlap 0px share 1.00 reach 34 | right 65px share 1.00 reach 34 [gap],,,,,,,,,,,,,,,,,,,,,,,,,,,,,,,,,,,,,,,
475,Fig. 1,ID475__fig1.png,OFF,140,PIECE_RELATION,,,,,,,,,,,,,,,,,,,,"565,850,373,669",,,,,,NO_SELECTED_PANEL_DESCENDANT,0,0,,,CONTAINMENT,,,,,,,,,,,,,,,,,,,,,,,,,,,,,,,,,
475,Fig. 1,ID475__fig1.png,OFF,140,ORPHAN,,,,,,,,,,,,,,,,,,,,"553,852,695,981",299,286,NO_PANEL_IN_REACH,0,overlap 0px share 1.00 reach 61 | right 53px share 1.00 reach 34 [gap],,,,,,,,,,,,,,,,,,,,,,,,,,,,,,,,,,,,,,,
475,Fig. 1,ID475__fig1.png,OFF,140,PIECE_RELATION,,,,,,,,,,,,,,,,,,,,"553,852,695,981",,,,,,NO_SELECTED_PANEL_DESCENDANT,0,0,,,CONTAINMENT,,,,,,,,,,,,,,,,,,,,,,,,,,,,,,,,,
475,Fig. 1,ID475__fig1.png,OFF,140,ORPHAN,,,,,,,,,,,,,,,,,,,,"895,969,403,880",74,477,NO_PANEL_IN_REACH,0,overlap 0px share 1.00 reach 34 | right 395px share 1.00 reach 34 [gap],,,,,,,,,,,,,,,,,,,,,,,,,,,,,,,,,,,,,,,
475,Fig. 1,ID475__fig1.png,OFF,140,PIECE_RELATION,,,,,,,,,,,,,,,,,,,,"895,969,403,880",,,,,,NO_SELECTED_PANEL_DESCENDANT,0,0,,,CONTAINMENT,,,,,,,,,,,,,,,,,,,,,,,,,,,,,,,,,
475,Fig. 1,ID475__fig1.png,OFF,140,ORPHAN,,,,,,,,,,,,,,,,,,,,"924,944,966,981",20,15,NO_PANEL_IN_REACH,0,overlap 0px share 0.00 reach 34 [share] | right 424px share 0.00 reach 34 [gap] [share],,,,,,,,,,,,,,,,,,,,,,,,,,,,,,,,,,,,,,,
475,Fig. 1,ID475__fig1.png,OFF,140,PIECE_RELATION,,,,,,,,,,,,,,,,,,,,"924,944,966,981",,,,,,NO_SELECTED_PANEL_DESCENDANT,0,0,,,CONTAINMENT,,,,,,,,,,,,,,,,,,,,,,,,,,,,,,,,,
475,Fig. 1,ID475__fig1.png,OFF,140,AXIS_CANDIDATES,,,,,,,,"191,490,27,145",,,,,no run long enough,,0,0,,370,35.4,,,,,,,,,,,,,,,,,,,,,,,,,,,,,,,,,,,,,,,,,,,,,
475,Fig. 1,ID475__fig1.png,OFF,140,AXIS_FALLBACK,,,,,,,,"191,490,27,145",482,66,66,0.95,leftmost column whose run is >= 0.95 of the longest (66 px),483:66px;482:66px;204:18px;198:18px;431:17px;430:17px,,,,,,,,,,,,,,,,,,,,,,,,,,,,,,,,,,,,,,,,,,,,,,,,,,
475,Fig. 1,ID475__fig1.png,OFF,140,AXIS_FALLBACK,,,,,,,,"191,490,27,145",482,66,66,0.95,leftmost column whose run is >= 0.95 of the longest (66 px),483:66px;482:66px;204:18px;198:18px;431:17px;430:17px,,,,,,,,,,,,,,,,,,,,,,,,,,,,,,,,,,,,,,,,,,,,,,,,,,
475,Fig. 1,ID475__fig1.png,OFF,140,AXIS_CANDIDATES,,,,,,,,"191,501,145,225",216,,,,no free run; leftmost of 7 clipped,216:171-226:clipped;217:171-226:clipped;236:176-225:clipped;237:174-226:clipped;269:174-226:clipped;270:175-225:clipped;352:172-226:clipped,0,7,171-226,377,24.0,,,,,,,,,,,,,,,,,,,,,,,,,,,,,,,,,,,,,,,,,,,,,
475,Fig. 1,ID475__fig1.png,OFF,140,AXIS_FALLBACK,,,,,,,,"191,501,145,225",466,80,80,0.95,leftmost column whose run is >= 0.95 of the longest (80 px),499:80px;467:80px;466:80px;500:79px;217:54px;216:54px,,,,,,,,,,,,,,,,,,,,,,,,,,,,,,,,,,,,,,,,,,,,,,,,,,
475,Fig. 1,ID475__fig1.png,OFF,140,AXIS_CANDIDATES,,,,,,,,"197,500,225,341",331,,,,no free run; leftmost of 2 clipped,331:224-277:clipped;332:224-277:clipped,0,2,224-277,378,34.8,,,,,,,,,,,,,,,,,,,,,,,,,,,,,,,,,,,,,,,,,,,,,
475,Fig. 1,ID475__fig1.png,OFF,140,AXIS_FALLBACK,,,,,,,,"197,500,225,341",446,68,68,0.95,leftmost column whose run is >= 0.95 of the longest (68 px),447:68px;446:68px;332:52px;331:52px;463:19px;462:19px,,,,,,,,,,,,,,,,,,,,,,,,,,,,,,,,,,,,,,,,,,,,,,,,,,
475,Fig. 1,ID475__fig1.png,OFF,140,AXIS_CANDIDATES,,,,,,,,"191,500,375,511",328,,,,no free run; leftmost of 2 clipped,328:448-512:clipped;329:448-512:clipped,0,2,448-512,376,40.8,,,,,,,,,,,,,,,,,,,,,,,,,,,,,,,,,,,,,,,,,,,,,
475,Fig. 1,ID475__fig1.png,OFF,140,AXIS_FALLBACK,,,,,,,,"191,500,375,511",328,63,63,0.95,leftmost column whose run is >= 0.95 of the longest (63 px),329:63px;328:63px;196:21px;195:20px;194:18px;193:15px,,,,,,,,,,,,,,,,,,,,,,,,,,,,,,,,,,,,,,,,,,,,,,,,,,
475,Fig. 1,ID475__fig1.png,OFF,140,AXIS_CANDIDATES,,,,,,,,"192,500,511,720",249,,,,leftmost of 2 free runs,249:559-627:free;250:559-627:free;212:510-575:clipped;213:510-575:clipped;349:510-576:clipped;350:510-576:clipped,2,4,559-627,376,62.7,,,,,,,,,,,,,,,,,,,,,,,,,,,,,,,,,,,,,,,,,,,,,
475,Fig. 1,ID475__fig1.png,OFF,140,AXIS_FALLBACK,,,,,,,,"192,500,511,720",445,119,119,0.95,leftmost column whose run is >= 0.95 of the longest (119 px),446:119px;445:119px;250:68px;249:68px;383:65px;382:65px,,,,,,,,,,,,,,,,,,,,,,,,,,,,,,,,,,,,,,,,,,,,,,,,,,
475,Fig. 1,ID475__fig1.png,OFF,140,AXIS_CANDIDATES,,,,,,,,"194,500,834,975",247,,,,leftmost of 5 free runs,247:852-916:free;248:852-916:free;249:852-916:free;364:865-921:free;365:865-921:free;327:834-879:clipped;328:834-879:clipped,5,2,852-916,377,42.3,,,,,,,,,,,,,,,,,,,,,,,,,,,,,,,,,,,,,,,,,,,,,
475,Fig. 1,ID475__fig1.png,OFF,140,AXIS_FALLBACK,,,,,,,,"194,500,834,975",444,117,117,0.95,leftmost column whose run is >= 0.95 of the longest (117 px),445:117px;444:117px;249:64px;248:64px;247:64px;482:63px,,,,,,,,,,,,,,,,,,,,,,,,,,,,,,,,,,,,,,,,,,,,,,,,,,
475,Fig. 1,ID475__fig1.png,OFF,140,ORPHAN,,,,,,,,,,,,,,,,,,,,"106,501,27,297",395,270,NO_PANEL_IN_REACH,0,overlap 0px share 1.00 reach 34,,,,,,,,,,,,,,,,,,,,,,,,,,,,,,,,,,,,,,,
475,Fig. 1,ID475__fig1.png,OFF,140,PIECE_RELATION,,,,,,,,,,,,,,,,,,,,"106,501,27,297",,,,,,SAME_HALF_NESTED_PANEL,0,2,,"191,490,27,145;191,501,145,225",CONTAINMENT,,,,,,,,,,,,,,,,,,,,,,,,,,,,,,,,,
475,Fig. 1,ID475__fig1.png,OFF,140,ORPHAN,,,,,,,,,,,,,,,,,,,,"142,487,317,341",345,24,NO_PANEL_IN_REACH,0,overlap 0px share 1.00 reach 34,,,,,,,,,,,,,,,,,,,,,,,,,,,,,,,,,,,,,,,
475,Fig. 1,ID475__fig1.png,OFF,140,PIECE_RELATION,,,,,,,,,,,,,,,,,,,,"142,487,317,341",,,,,,OPPOSITE_HALF_MULTIPLE_PANELS,2,0,"191,490,27,145;191,501,145,225",,CONTAINMENT,,,,,,,,,,,,,,,,,,,,,,,,,,,,,,,,,
475,Fig. 1,ID475__fig1.png,OFF,140,ORPHAN,,,,,,,,,,,,,,,,,,,,"99,384,370,664",285,294,NO_PANEL_IN_REACH,0,overlap 0px share 1.00 reach 44,,,,,,,,,,,,,,,,,,,,,,,,,,,,,,,,,,,,,,,
475,Fig. 1,ID475__fig1.png,OFF,140,PIECE_RELATION,,,,,,,,,,,,,,,,,,,,"99,384,370,664",,,,,,NO_SELECTED_PANEL_DESCENDANT,0,0,,,CONTAINMENT,,,,,,,,,,,,,,,,,,,,,,,,,,,,,,,,,
475,Fig. 1,ID475__fig1.png,OFF,140,ORPHAN,,,,,,,,,,,,,,,,,,,,"92,273,695,975",181,280,NO_PANEL_IN_REACH,0,overlap 0px share 1.00 reach 34,,,,,,,,,,,,,,,,,,,,,,,,,,,,,,,,,,,,,,,
475,Fig. 1,ID475__fig1.png,OFF,140,PIECE_RELATION,,,,,,,,,,,,,,,,,,,,"92,273,695,975",,,,,,NO_SELECTED_PANEL_DESCENDANT,0,0,,,CONTAINMENT,,,,,,,,,,,,,,,,,,,,,,,,,,,,,,,,,
475,Fig. 1,ID475__fig1.png,OFF,140,ORPHAN,,,,,,,,,,,,,,,,,,,,"311,383,834,975",72,141,NO_PANEL_IN_REACH,0,overlap 0px share 1.00 reach 34,,,,,,,,,,,,,,,,,,,,,,,,,,,,,,,,,,,,,,,
475,Fig. 1,ID475__fig1.png,OFF,140,PIECE_RELATION,,,,,,,,,,,,,,,,,,,,"311,383,834,975",,,,,,NO_SELECTED_PANEL_DESCENDANT,0,0,,,CONTAINMENT,,,,,,,,,,,,,,,,,,,,,,,,,,,,,,,,,
475,Fig. 1,ID475__fig1.png,OFF,140,ORPHAN,,,,,,,,,,,,,,,,,,,,"435,469,961,975",34,14,NO_PANEL_IN_REACH,0,overlap 0px share 1.00 reach 34,,,,,,,,,,,,,,,,,,,,,,,,,,,,,,,,,,,,,,,
475,Fig. 1,ID475__fig1.png,OFF,140,PIECE_RELATION,,,,,,,,,,,,,,,,,,,,"435,469,961,975",,,,,,NO_SELECTED_PANEL_DESCENDANT,0,0,,,CONTAINMENT,,,,,,,,,,,,,,,,,,,,,,,,,,,,,,,,,
475,Fig. 1,ID475__fig1.png,OFF,140,ORPHAN,,,,,,,,,,,,,,,,,,,,"572,590,116,273",18,157,NO_PANEL_IN_REACH,0,right 71px share 1.00 reach 34 [gap],,,,,,,,,,,,,,,,,,,,,,,,,,,,,,,,,,,,,,,
475,Fig. 1,ID475__fig1.png,OFF,140,PIECE_RELATION,,,,,,,,,,,,,,,,,,,,"572,590,116,273",,,,,,NO_SELECTED_PANEL_DESCENDANT,0,0,,,CONTAINMENT,,,,,,,,,,,,,,,,,,,,,,,,,,,,,,,,,
475,Fig. 1,ID475__fig1.png,OFF,140,ORPHAN,,,,,,,,,,,,,,,,,,,,"609,831,320,341",222,21,NO_PANEL_IN_REACH,0,right 109px share 1.00 reach 34 [gap],,,,,,,,,,,,,,,,,,,,,,,,,,,,,,,,,,,,,,,
475,Fig. 1,ID475__fig1.png,OFF,140,PIECE_RELATION,,,,,,,,,,,,,,,,,,,,"609,831,320,341",,,,,,NO_SELECTED_PANEL_DESCENDANT,0,0,,,CONTAINMENT,,,,,,,,,,,,,,,,,,,,,,,,,,,,,,,,,
475,Fig. 1,ID475__fig1.png,OFF,140,ORPHAN,,,,,,,,,,,,,,,,,,,,"924,944,326,341",20,15,NO_PANEL_IN_REACH,0,right 424px share 1.00 reach 34 [gap],,,,,,,,,,,,,,,,,,,,,,,,,,,,,,,,,,,,,,,
475,Fig. 1,ID475__fig1.png,OFF,140,PIECE_RELATION,,,,,,,,,,,,,,,,,,,,"924,944,326,341",,,,,,NO_SELECTED_PANEL_DESCENDANT,0,0,,,CONTAINMENT,,,,,,,,,,,,,,,,,,,,,,,,,,,,,,,,,
475,Fig. 1,ID475__fig1.png,OFF,140,AXIS_FALLBACK,,,,,,,,"192,500,511,720",445,119,119,0.95,leftmost column whose run is >= 0.95 of the longest (119 px),446:119px;445:119px;250:68px;249:68px;383:65px;382:65px,,,,,,,,,,,,,,,,,,,,,,,,,,,,,,,,,,,,,,,,,,,,,,,,,,
475,Fig. 1,ID475__fig1.png,OFF,140,AXIS_FALLBACK,,,,,,,,"192,500,511,720",445,119,119,0.95,leftmost column whose run is >= 0.95 of the longest (119 px),446:119px;445:119px;250:68px;249:68px;383:65px;382:65px,,,,,,,,,,,,,,,,,,,,,,,,,,,,,,,,,,,,,,,,,,,,,,,,,,
475,Fig. 1,ID475__fig1.png,OFF,140,AXIS_FALLBACK,,,,,,,,"192,500,511,720",445,119,119,0.95,leftmost column whose run is >= 0.95 of the longest (119 px),446:119px;445:119px;250:68px;249:68px;383:65px;382:65px,,,,,,,,,,,,,,,,,,,,,,,,,,,,,,,,,,,,,,,,,,,,,,,,,,
475,Fig. 1,ID475__fig1.png,OFF,140,ORPHAN,,,,65,,,,,,,,,,,,,,,,"565,850,373,669",285,296,OFFERED,,,,,,,,,"192,500,511,720",,right,,,,,,,,,,,,,,98,,,,,,,,,,,,,,,,
475,Fig. 1,ID475__fig1.png,OFF,140,GATE,,,,65,,,,,,,,,,,,,,,,"565,850,373,669",,,,,,,,,,,,"192,500,511,720",,right,False,O,X,-,O,X,-,,,,,,,,,,,,,,,,,,,,,,,
475,Fig. 1,ID475__fig1.png,OFF,140,GATE_WHY,,,,,,,,,,,,,,,,,,,,"565,850,373,669",,,,,,,,,,,,"192,500,511,720",,,,,,,,,,"축 없음, 잉크 0.056","행 겹침 0.76, 패널 행 511-720, 조각 373-669",이 클립에서 캡션을 읽지 못했다,"건너는 간격 72 px, 패널 내부의 가장 큰 간격 98 px","밑변에 선 열 0.05, 축 범위 안 잉크 0.12 (교집합 0.12)",막대·눈금이 0→0개뿐이라 규칙성을 잴 수 없다,,,,,,,,,,,,,,,,,
475,Fig. 1,ID475__fig1.png,OFF,140,ORPHAN,,,,,,,,,,,,,,,,,,,,"553,852,695,981",299,286,NO_PANEL_IN_REACH,0,right 53px share 1.00 reach 34 [gap],,,,,,,,,,,,,,,,,,,,,,,,,,,,,,,,,,,,,,,
475,Fig. 1,ID475__fig1.png,OFF,140,PIECE_RELATION,,,,,,,,,,,,,,,,,,,,"553,852,695,981",,,,,,NO_SELECTED_PANEL_DESCENDANT,0,0,,,CONTAINMENT,,,,,,,,,,,,,,,,,,,,,,,,,,,,,,,,,
475,Fig. 1,ID475__fig1.png,OFF,140,ORPHAN,,,,,,,,,,,,,,,,,,,,"895,969,403,880",74,477,NO_PANEL_IN_REACH,0,right 395px share 1.00 reach 98 [gap],,,,,,,,,,,,,,,,,,,,,,,,,,,,,,,,,,,,,,,
475,Fig. 1,ID475__fig1.png,OFF,140,PIECE_RELATION,,,,,,,,,,,,,,,,,,,,"895,969,403,880",,,,,,NO_SELECTED_PANEL_DESCENDANT,0,0,,,CONTAINMENT,,,,,,,,,,,,,,,,,,,,,,,,,,,,,,,,,
475,Fig. 1,ID475__fig1.png,OFF,140,ORPHAN,,,,,,,,,,,,,,,,,,,,"924,944,966,981",20,15,NO_PANEL_IN_REACH,0,right 424px share 0.60 reach 34 [gap],,,,,,,,,,,,,,,,,,,,,,,,,,,,,,,,,,,,,,,
475,Fig. 1,ID475__fig1.png,OFF,140,PIECE_RELATION,,,,,,,,,,,,,,,,,,,,"924,944,966,981",,,,,,NO_SELECTED_PANEL_DESCENDANT,0,0,,,CONTAINMENT,,,,,,,,,,,,,,,,,,,,,,,,,,,,,,,,,
475,Fig. 1,ID475__fig1.png,OFF,140,AXIS_FALLBACK,,,,,,,,"609,967,31,301",645,238,238,0.95,leftmost column whose run is >= 0.95 of the longest (238 px),645:238px;798:74px;797:74px;913:65px;912:65px;684:64px,,,,,,,,,,,,,,,,,,,,,,,,,,,,,,,,,,,,,,,,,,,,,,,,,,
475,Fig. 1,ID475__fig1.png,OFF,140,AXIS_FALLBACK,,,,,,,,"428,500,834,951",444,117,117,0.95,leftmost column whose run is >= 0.95 of the longest (117 px),445:117px;444:117px;482:63px;481:63px;461:27px;460:27px,,,,,,,,,,,,,,,,,,,,,,,,,,,,,,,,,,,,,,,,,,,,,,,,,,
475,Fig. 1,ID475__fig1.png,OFF,140,AXIS_FALLBACK,,,,,,,,"428,500,510,664",445,120,120,0.95,leftmost column whose run is >= 0.95 of the longest (120 px),446:120px;445:120px;499:63px;482:63px;481:63px;466:63px,,,,,,,,,,,,,,,,,,,,,,,,,,,,,,,,,,,,,,,,,,,,,,,,,,
475,Fig. 1,ID475__fig1.png,OFF,140,AXIS_FALLBACK,,,,,,,,"612,967,403,619",678,106,111,0.95,leftmost column whose run is >= 0.95 of the longest (111 px),912:111px;911:111px;796:108px;795:108px;678:106px;679:105px,,,,,,,,,,,,,,,,,,,,,,,,,,,,,,,,,,,,,,,,,,,,,,,,,,
475,Fig. 1,ID475__fig1.png,OFF,140,AXIS_FALLBACK,,,,,,,,"609,967,738,938",679,102,103,0.95,leftmost column whose run is >= 0.95 of the longest (103 px),797:103px;796:103px;680:102px;679:102px;914:99px;913:99px,,,,,,,,,,,,,,,,,,,,,,,,,,,,,,,,,,,,,,,,,,,,,,,,,,
475,Fig. 1,ID475__fig1.png,OFF,140,AXIS_FALLBACK,,,,,,,,"572,967,31,301",645,238,238,0.95,leftmost column whose run is >= 0.95 of the longest (238 px),645:238px;798:74px;797:74px;913:65px;912:65px;684:64px,,,,,,,,,,,,,,,,,,,,,,,,,,,,,,,,,,,,,,,,,,,,,,,,,,
475,Fig. 1,ID475__fig1.png,OFF,140,AXIS_FALLBACK,,,,,,,,"191,490,27,145",482,66,66,0.95,leftmost column whose run is >= 0.95 of the longest (66 px),483:66px;482:66px;204:18px;198:18px;431:17px;430:17px,,,,,,,,,,,,,,,,,,,,,,,,,,,,,,,,,,,,,,,,,,,,,,,,,,
475,Fig. 1,ID475__fig1.png,OFF,140,AXIS_FALLBACK,,,,,,,,"191,501,145,225",466,80,80,0.95,leftmost column whose run is >= 0.95 of the longest (80 px),499:80px;467:80px;466:80px;500:79px;217:54px;216:54px,,,,,,,,,,,,,,,,,,,,,,,,,,,,,,,,,,,,,,,,,,,,,,,,,,
475,Fig. 1,ID475__fig1.png,OFF,140,AXIS_FALLBACK,,,,,,,,"197,500,225,341",446,68,68,0.95,leftmost column whose run is >= 0.95 of the longest (68 px),447:68px;446:68px;332:52px;331:52px;463:19px;462:19px,,,,,,,,,,,,,,,,,,,,,,,,,,,,,,,,,,,,,,,,,,,,,,,,,,
475,Fig. 1,ID475__fig1.png,OFF,140,AXIS_FALLBACK,,,,,,,,"191,500,375,511",328,63,63,0.95,leftmost column whose run is >= 0.95 of the longest (63 px),329:63px;328:63px;196:21px;195:20px;194:18px;193:15px,,,,,,,,,,,,,,,,,,,,,,,,,,,,,,,,,,,,,,,,,,,,,,,,,,
475,Fig. 1,ID475__fig1.png,OFF,140,AXIS_FALLBACK,,,,,,,,"192,500,511,720",445,119,119,0.95,leftmost column whose run is >= 0.95 of the longest (119 px),446:119px;445:119px;250:68px;249:68px;383:65px;382:65px,,,,,,,,,,,,,,,,,,,,,,,,,,,,,,,,,,,,,,,,,,,,,,,,,,
475,Fig. 1,ID475__fig1.png,OFF,140,AXIS_FALLBACK,,,,,,,,"194,500,834,975",444,117,117,0.95,leftmost column whose run is >= 0.95 of the longest (117 px),445:117px;444:117px;249:64px;248:64px;247:64px;482:63px,,,,,,,,,,,,,,,,,,,,,,,,,,,,,,,,,,,,,,,,,,,,,,,,,,
475,Fig. 1,ID475__fig1.png,OFF,140,AXIS_FALLBACK,,,,,,,,"572,967,31,329",645,264,264,0.95,leftmost column whose run is >= 0.95 of the longest (264 px),645:264px;798:74px;797:74px;913:65px;912:65px;684:64px,,,,,,,,,,,,,,,,,,,,,,,,,,,,,,,,,,,,,,,,,,,,,,,,,,
475,Fig. 1,ID475__fig1.png,OFF,140,AXIS_CANDIDATES,,,,,,,,"572,967,31,329",645,,,,leftmost of 1 free runs,645:63-327:free,1,0,63-327,809,89.4,,,,,,,,,,,,,,,,,,,,,,,,,,,,,,,,,,,,,,,,,,,,,
475,Fig. 1,ID475__fig1.png,OFF,140,AXIS_FALLBACK,,,,,,,,"609,967,31,329",645,264,264,0.95,leftmost column whose run is >= 0.95 of the longest (264 px),645:264px;798:74px;797:74px;913:65px;912:65px;684:64px,,,,,,,,,,,,,,,,,,,,,,,,,,,,,,,,,,,,,,,,,,,,,,,,,,
475,Fig. 1,ID475__fig1.png,OFF,140,AXIS_CANDIDATES,,,,,,,,"609,967,31,329",645,,,,leftmost of 1 free runs,645:63-327:free,1,0,63-327,823,89.4,,,,,,,,,,,,,,,,,,,,,,,,,,,,,,,,,,,,,,,,,,,,,
475,Fig. 1,ID475__fig1.png,OFF,140,AXIS_FALLBACK,,,,,,,,"572,967,31,301",645,238,238,0.95,leftmost column whose run is >= 0.95 of the longest (238 px),645:238px;798:74px;797:74px;913:65px;912:65px;684:64px,,,,,,,,,,,,,,,,,,,,,,,,,,,,,,,,,,,,,,,,,,,,,,,,,,
475,Fig. 1,ID475__fig1.png,OFF,140,AXIS_CANDIDATES,,,,,,,,"572,967,31,301",645,,,,no free run; leftmost of 1 clipped,645:63-327:clipped,0,1,63-327,809,81.0,,,,,,,,,,,,,,,,,,,,,,,,,,,,,,,,,,,,,,,,,,,,,
475,Fig. 1,ID475__fig1.png,OFF,140,AXIS_FALLBACK,,,,,,,,"609,967,31,301",645,238,238,0.95,leftmost column whose run is >= 0.95 of the longest (238 px),645:238px;798:74px;797:74px;913:65px;912:65px;684:64px,,,,,,,,,,,,,,,,,,,,,,,,,,,,,,,,,,,,,,,,,,,,,,,,,,
475,Fig. 1,ID475__fig1.png,OFF,140,AXIS_CANDIDATES,,,,,,,,"609,967,31,301",645,,,,no free run; leftmost of 1 clipped,645:63-327:clipped,0,1,63-327,823,81.0,,,,,,,,,,,,,,,,,,,,,,,,,,,,,,,,,,,,,,,,,,,,,
475,Fig. 1,ID475__fig1.png,OFF,140,AXIS_FALLBACK,,,,,,,,"612,967,403,619",678,106,111,0.95,leftmost column whose run is >= 0.95 of the longest (111 px),912:111px;911:111px;796:108px;795:108px;678:106px;679:105px,,,,,,,,,,,,,,,,,,,,,,,,,,,,,,,,,,,,,,,,,,,,,,,,,,
475,Fig. 1,ID475__fig1.png,OFF,140,AXIS_CANDIDATES,,,,,,,,"612,967,403,619",679,,,,leftmost of 3 free runs,679:513-618:free;795:406-514:free;796:406-514:free;678:513-619:clipped,3,1,513-618,825,64.8,,,,,,,,,,,,,,,,,,,,,,,,,,,,,,,,,,,,,,,,,,,,,
475,Fig. 1,ID475__fig1.png,OFF,140,AXIS_FALLBACK,,,,,,,,"194,500,834,975",444,117,117,0.95,leftmost column whose run is >= 0.95 of the longest (117 px),445:117px;444:117px;249:64px;248:64px;247:64px;482:63px,,,,,,,,,,,,,,,,,,,,,,,,,,,,,,,,,,,,,,,,,,,,,,,,,,
475,Fig. 1,ID475__fig1.png,OFF,140,AXIS_CANDIDATES,,,,,,,,"194,500,834,975",247,,,,leftmost of 5 free runs,247:852-916:free;248:852-916:free;249:852-916:free;364:865-921:free;365:865-921:free;327:834-879:clipped;328:834-879:clipped,5,2,852-916,377,42.3,,,,,,,,,,,,,,,,,,,,,,,,,,,,,,,,,,,,,,,,,,,,,
475,Fig. 1,ID475__fig1.png,OFF,140,AXIS_FALLBACK,,,,,,,,"191,501,145,225",466,80,80,0.95,leftmost column whose run is >= 0.95 of the longest (80 px),499:80px;467:80px;466:80px;500:79px;217:54px;216:54px,,,,,,,,,,,,,,,,,,,,,,,,,,,,,,,,,,,,,,,,,,,,,,,,,,
475,Fig. 1,ID475__fig1.png,OFF,140,AXIS_CANDIDATES,,,,,,,,"191,501,145,225",216,,,,no free run; leftmost of 7 clipped,216:171-226:clipped;217:171-226:clipped;236:176-225:clipped;237:174-226:clipped;269:174-226:clipped;270:175-225:clipped;352:172-226:clipped,0,7,171-226,377,24.0,,,,,,,,,,,,,,,,,,,,,,,,,,,,,,,,,,,,,,,,,,,,,
475,Fig. 1,ID475__fig1.png,OFF,140,AXIS_FALLBACK,,,,,,,,"428,500,834,951",444,117,117,0.95,leftmost column whose run is >= 0.95 of the longest (117 px),445:117px;444:117px;482:63px;481:63px;461:27px;460:27px,,,,,,,,,,,,,,,,,,,,,,,,,,,,,,,,,,,,,,,,,,,,,,,,,,
475,Fig. 1,ID475__fig1.png,OFF,140,AXIS_CANDIDATES,,,,,,,,"428,500,834,951",444,,,,no free run; leftmost of 2 clipped,444:834-951:clipped;445:834-951:clipped,0,2,834-951,471,35.1,,,,,,,,,,,,,,,,,,,,,,,,,,,,,,,,,,,,,,,,,,,,,
475,Fig. 1,ID475__fig1.png,OFF,140,AXIS_FALLBACK,,,,,,,,"609,967,738,938",679,102,103,0.95,leftmost column whose run is >= 0.95 of the longest (103 px),797:103px;796:103px;680:102px;679:102px;914:99px;913:99px,,,,,,,,,,,,,,,,,,,,,,,,,,,,,,,,,,,,,,,,,,,,,,,,,,
475,Fig. 1,ID475__fig1.png,OFF,140,AXIS_CANDIDATES,,,,,,,,"609,967,738,938",679,,,,leftmost of 2 free runs,679:835-937:free;680:835-937:free;796:835-938:clipped;797:835-938:clipped,2,2,835-937,823,60.0,,,,,,,,,,,,,,,,,,,,,,,,,,,,,,,,,,,,,,,,,,,,,
475,Fig. 1,ID475__fig1.png,OFF,140,AXIS_FALLBACK,,,,,,,,"192,500,511,720",445,119,119,0.95,leftmost column whose run is >= 0.95 of the longest (119 px),446:119px;445:119px;250:68px;249:68px;383:65px;382:65px,,,,,,,,,,,,,,,,,,,,,,,,,,,,,,,,,,,,,,,,,,,,,,,,,,
475,Fig. 1,ID475__fig1.png,OFF,140,AXIS_CANDIDATES,,,,,,,,"192,500,511,720",249,,,,leftmost of 2 free runs,249:559-627:free;250:559-627:free;212:510-575:clipped;213:510-575:clipped;349:510-576:clipped;350:510-576:clipped,2,4,559-627,376,62.7,,,,,,,,,,,,,,,,,,,,,,,,,,,,,,,,,,,,,,,,,,,,,
475,Fig. 1,ID475__fig1.png,OFF,140,AXIS_FALLBACK,,,,,,,,"191,500,375,511",328,63,63,0.95,leftmost column whose run is >= 0.95 of the longest (63 px),329:63px;328:63px;196:21px;195:20px;194:18px;193:15px,,,,,,,,,,,,,,,,,,,,,,,,,,,,,,,,,,,,,,,,,,,,,,,,,,
475,Fig. 1,ID475__fig1.png,OFF,140,AXIS_CANDIDATES,,,,,,,,"191,500,375,511",328,,,,no free run; leftmost of 2 clipped,328:448-512:clipped;329:448-512:clipped,0,2,448-512,376,40.8,,,,,,,,,,,,,,,,,,,,,,,,,,,,,,,,,,,,,,,,,,,,,
475,Fig. 1,ID475__fig1.png,OFF,140,AXIS_FALLBACK,,,,,,,,"191,490,27,145",482,66,66,0.95,leftmost column whose run is >= 0.95 of the longest (66 px),483:66px;482:66px;204:18px;198:18px;431:17px;430:17px,,,,,,,,,,,,,,,,,,,,,,,,,,,,,,,,,,,,,,,,,,,,,,,,,,
475,Fig. 1,ID475__fig1.png,OFF,140,AXIS_CANDIDATES,,,,,,,,"191,490,27,145",,,,,no run long enough,,0,0,,370,35.4,,,,,,,,,,,,,,,,,,,,,,,,,,,,,,,,,,,,,,,,,,,,,
475,Fig. 1,ID475__fig1.png,OFF,140,AXIS_FALLBACK,,,,,,,,"197,500,225,341",446,68,68,0.95,leftmost column whose run is >= 0.95 of the longest (68 px),447:68px;446:68px;332:52px;331:52px;463:19px;462:19px,,,,,,,,,,,,,,,,,,,,,,,,,,,,,,,,,,,,,,,,,,,,,,,,,,
475,Fig. 1,ID475__fig1.png,OFF,140,AXIS_CANDIDATES,,,,,,,,"197,500,225,341",331,,,,no free run; leftmost of 2 clipped,331:224-277:clipped;332:224-277:clipped,0,2,224-277,378,34.8,,,,,,,,,,,,,,,,,,,,,,,,,,,,,,,,,,,,,,,,,,,,,
475,Fig. 1,ID475__fig1.png,OFF,140,AXIS_FALLBACK,,,,,,,,"428,500,510,664",445,120,120,0.95,leftmost column whose run is >= 0.95 of the longest (120 px),446:120px;445:120px;499:63px;482:63px;481:63px;466:63px,,,,,,,,,,,,,,,,,,,,,,,,,,,,,,,,,,,,,,,,,,,,,,,,,,
475,Fig. 1,ID475__fig1.png,OFF,140,AXIS_CANDIDATES,,,,,,,,"428,500,510,664",445,,,,no free run; leftmost of 4 clipped,445:510-630:clipped;446:510-630:clipped;465:510-573:clipped;466:510-573:clipped,0,4,510-630,471,46.2,,,,,,,,,,,,,,,,,,,,,,,,,,,,,,,,,,,,,,,,,,,,,
475,Fig. 1,ID475__fig1.png,PLAIN,140,CUT,1,col,0,501-554,53,"0,527,0,1020","527,1054,0,1020",,,,,,,,,,,,,,,,,,,,,,,,,,,,,,,,,,,,,,,,,,,,,,,,,,,,,,,,,
475,Fig. 1,ID475__fig1.png,PLAIN,140,CUT,2,row,1,664-695,31,"0,527,0,679","0,527,679,1020",,,,,,,,,,,,,,,,,,,,,,,,,,,,,,,,,,,,,,,,,,,,,,,,,,,,,,,,,
475,Fig. 1,ID475__fig1.png,PLAIN,140,CUT,3,row,2,341-370,29,"0,527,0,355","0,527,355,679",,,,,,,,,,,,,,,,,,,,,,,,,,,,,,,,,,,,,,,,,,,,,,,,,,,,,,,,,
475,Fig. 1,ID475__fig1.png,PLAIN,140,CUT,4,row,3,297-317,20,"0,527,0,307","0,527,307,355",,,,,,,,,,,,,,,,,,,,,,,,,,,,,,,,,,,,,,,,,,,,,,,,,,,,,,,,,
475,Fig. 1,ID475__fig1.png,PLAIN,140,CUT,5,col,3,384-428,44,"0,406,355,679","406,527,355,679",,,,,,,,,,,,,,,,,,,,,,,,,,,,,,,,,,,,,,,,,,,,,,,,,,,,,,,,,
475,Fig. 1,ID475__fig1.png,PLAIN,140,CUT,6,row,2,720-739,19,"0,527,679,729","0,527,729,1020",,,,,,,,,,,,,,,,,,,,,,,,,,,,,,,,,,,,,,,,,,,,,,,,,,,,,,,,,
475,Fig. 1,ID475__fig1.png,PLAIN,140,CUT,7,col,3,172-192,20,"0,182,679,729","182,527,679,729",,,,,,,,,,,,,,,,,,,,,,,,,,,,,,,,,,,,,,,,,,,,,,,,,,,,,,,,,
475,Fig. 1,ID475__fig1.png,PLAIN,140,CUT,8,row,3,930-949,19,"0,527,729,939","0,527,939,1020",,,,,,,,,,,,,,,,,,,,,,,,,,,,,,,,,,,,,,,,,,,,,,,,,,,,,,,,,
475,Fig. 1,ID475__fig1.png,PLAIN,140,CUT,9,row,1,341-373,32,"527,1054,0,357","527,1054,357,1020",,,,,,,,,,,,,,,,,,,,,,,,,,,,,,,,,,,,,,,,,,,,,,,,,,,,,,,,,
475,Fig. 1,ID475__fig1.png,PLAIN,140,CUT,10,col,2,590-609,19,"527,599,0,357","599,1054,0,357",,,,,,,,,,,,,,,,,,,,,,,,,,,,,,,,,,,,,,,,,,,,,,,,,,,,,,,,,
475,Fig. 1,ID475__fig1.png,PLAIN,140,CUT,11,row,3,254-262,8,"527,599,0,258","527,599,258,357",,,,,,,,,,,,,,,,,,,,,,,,,,,,,,,,,,,,,,,,,,,,,,,,,,,,,,,,,
475,Fig. 1,ID475__fig1.png,PLAIN,140,CUT,12,row,2,669-695,26,"527,1054,357,682","527,1054,682,1020",,,,,,,,,,,,,,,,,,,,,,,,,,,,,,,,,,,,,,,,,,,,,,,,,,,,,,,,,
475,Fig. 1,ID475__fig1.png,PLAIN,140,CUT,13,row,3,619-640,21,"527,1054,357,629","527,1054,629,682",,,,,,,,,,,,,,,,,,,,,,,,,,,,,,,,,,,,,,,,,,,,,,,,,,,,,,,,,
475,Fig. 1,ID475__fig1.png,PLAIN,140,CUT,14,col,3,743-792,49,"527,767,682,1020","767,1054,682,1020",,,,,,,,,,,,,,,,,,,,,,,,,,,,,,,,,,,,,,,,,,,,,,,,,,,,,,,,,
475,Fig. 1,ID475__fig1.png,PLAIN,140,AXIS_FALLBACK,,,,,,,,"92,527,739,930",444,96,96,0.95,leftmost column whose run is >= 0.95 of the longest (96 px),445:96px;444:96px;249:64px;248:64px;247:64px;482:63px,,,,,,,,,,,,,,,,,,,,,,,,,,,,,,,,,,,,,,,,,,,,,,,,,,
475,Fig. 1,ID475__fig1.png,PLAIN,140,AXIS_FALLBACK,,,,,,,,"609,967,31,341",645,264,264,0.95,leftmost column whose run is >= 0.95 of the longest (264 px),645:264px;798:74px;797:74px;913:65px;912:65px;684:64px,,,,,,,,,,,,,,,,,,,,,,,,,,,,,,,,,,,,,,,,,,,,,,,,,,
475,Fig. 1,ID475__fig1.png,PLAIN,140,AXIS_FALLBACK,,,,,,,,"565,966,373,619",678,106,111,0.95,leftmost column whose run is >= 0.95 of the longest (111 px),912:111px;911:111px;796:108px;795:108px;678:106px;679:105px,,,,,,,,,,,,,,,,,,,,,,,,,,,,,,,,,,,,,,,,,,,,,,,,,,
475,Fig. 1,ID475__fig1.png,PLAIN,140,AXIS_FALLBACK,,,,,,,,"428,500,510,664",445,120,120,0.95,leftmost column whose run is >= 0.95 of the longest (120 px),446:120px;445:120px;499:63px;482:63px;481:63px;466:63px,,,,,,,,,,,,,,,,,,,,,,,,,,,,,,,,,,,,,,,,,,,,,,,,,,
475,Fig. 1,ID475__fig1.png,PLAIN,140,AXIS_FALLBACK,,,,,,,,"428,500,510,664",445,120,120,0.95,leftmost column whose run is >= 0.95 of the longest (120 px),446:120px;445:120px;499:63px;482:63px;481:63px;466:63px,,,,,,,,,,,,,,,,,,,,,,,,,,,,,,,,,,,,,,,,,,,,,,,,,,
475,Fig. 1,ID475__fig1.png,PLAIN,140,AXIS_FALLBACK,,,,,,,,"92,527,739,930",444,96,96,0.95,leftmost column whose run is >= 0.95 of the longest (96 px),445:96px;444:96px;249:64px;248:64px;247:64px;482:63px,,,,,,,,,,,,,,,,,,,,,,,,,,,,,,,,,,,,,,,,,,,,,,,,,,
475,Fig. 1,ID475__fig1.png,PLAIN,140,AXIS_FALLBACK,,,,,,,,"609,967,31,341",645,264,264,0.95,leftmost column whose run is >= 0.95 of the longest (264 px),645:264px;798:74px;797:74px;913:65px;912:65px;684:64px,,,,,,,,,,,,,,,,,,,,,,,,,,,,,,,,,,,,,,,,,,,,,,,,,,
475,Fig. 1,ID475__fig1.png,PLAIN,140,AXIS_FALLBACK,,,,,,,,"565,966,373,619",678,106,111,0.95,leftmost column whose run is >= 0.95 of the longest (111 px),912:111px;911:111px;796:108px;795:108px;678:106px;679:105px,,,,,,,,,,,,,,,,,,,,,,,,,,,,,,,,,,,,,,,,,,,,,,,,,,
475,Fig. 1,ID475__fig1.png,PLAIN,140,AXIS_FALLBACK,,,,,,,,"609,967,738,938",679,102,103,0.95,leftmost column whose run is >= 0.95 of the longest (103 px),797:103px;796:103px;680:102px;679:102px;914:99px;913:99px,,,,,,,,,,,,,,,,,,,,,,,,,,,,,,,,,,,,,,,,,,,,,,,,,,
475,Fig. 1,ID475__fig1.png,PLAIN,140,AXIS_FALLBACK,,,,,,,,"565,966,738,938",679,102,103,0.95,leftmost column whose run is >= 0.95 of the longest (103 px),797:103px;796:103px;680:102px;679:102px;914:99px;913:99px,,,,,,,,,,,,,,,,,,,,,,,,,,,,,,,,,,,,,,,,,,,,,,,,,,
475,Fig. 1,ID475__fig1.png,PLAIN,140,AXIS_CANDIDATES,,,,,,,,"609,967,31,341",645,,,,leftmost of 1 free runs,645:63-327:free,1,0,63-327,823,93.0,,,,,,,,,,,,,,,,,,,,,,,,,,,,,,,,,,,,,,,,,,,,,
475,Fig. 1,ID475__fig1.png,PLAIN,140,AXIS_FALLBACK,,,,,,,,"609,967,31,341",645,264,264,0.95,leftmost column whose run is >= 0.95 of the longest (264 px),645:264px;798:74px;797:74px;913:65px;912:65px;684:64px,,,,,,,,,,,,,,,,,,,,,,,,,,,,,,,,,,,,,,,,,,,,,,,,,,
475,Fig. 1,ID475__fig1.png,PLAIN,140,AXIS_CANDIDATES,,,,,,,,"565,966,373,619",679,,,,leftmost of 3 free runs,679:513-618:free;795:406-514:free;796:406-514:free;678:513-619:clipped,3,1,513-618,805,73.8,,,,,,,,,,,,,,,,,,,,,,,,,,,,,,,,,,,,,,,,,,,,,
475,Fig. 1,ID475__fig1.png,PLAIN,140,AXIS_FALLBACK,,,,,,,,"565,966,373,619",678,106,111,0.95,leftmost column whose run is >= 0.95 of the longest (111 px),912:111px;911:111px;796:108px;795:108px;678:106px;679:105px,,,,,,,,,,,,,,,,,,,,,,,,,,,,,,,,,,,,,,,,,,,,,,,,,,
475,Fig. 1,ID475__fig1.png,PLAIN,140,AXIS_CANDIDATES,,,,,,,,"92,527,739,930",247,,,,leftmost of 3 free runs,247:852-916:free;248:852-916:free;249:852-916:free,3,0,852-916,353,57.3,,,,,,,,,,,,,,,,,,,,,,,,,,,,,,,,,,,,,,,,,,,,,
475,Fig. 1,ID475__fig1.png,PLAIN,140,AXIS_FALLBACK,,,,,,,,"92,527,739,930",444,96,96,0.95,leftmost column whose run is >= 0.95 of the longest (96 px),445:96px;444:96px;249:64px;248:64px;247:64px;482:63px,,,,,,,,,,,,,,,,,,,,,,,,,,,,,,,,,,,,,,,,,,,,,,,,,,
475,Fig. 1,ID475__fig1.png,PLAIN,140,AXIS_CANDIDATES,,,,,,,,"428,500,510,664",445,,,,no free run; leftmost of 4 clipped,445:510-630:clipped;446:510-630:clipped;465:510-573:clipped;466:510-573:clipped,0,4,510-630,471,46.2,,,,,,,,,,,,,,,,,,,,,,,,,,,,,,,,,,,,,,,,,,,,,
475,Fig. 1,ID475__fig1.png,PLAIN,140,AXIS_FALLBACK,,,,,,,,"428,500,510,664",445,120,120,0.95,leftmost column whose run is >= 0.95 of the longest (120 px),446:120px;445:120px;499:63px;482:63px;481:63px;466:63px,,,,,,,,,,,,,,,,,,,,,,,,,,,,,,,,,,,,,,,,,,,,,,,,,,
475,Fig. 1,ID475__fig1.png,PLAIN,140,AXIS_CANDIDATES,,,,,,,,"609,967,738,938",679,,,,leftmost of 2 free runs,679:835-937:free;680:835-937:free;796:835-938:clipped;797:835-938:clipped,2,2,835-937,823,60.0,,,,,,,,,,,,,,,,,,,,,,,,,,,,,,,,,,,,,,,,,,,,,
475,Fig. 1,ID475__fig1.png,PLAIN,140,AXIS_FALLBACK,,,,,,,,"609,967,738,938",679,102,103,0.95,leftmost column whose run is >= 0.95 of the longest (103 px),797:103px;796:103px;680:102px;679:102px;914:99px;913:99px,,,,,,,,,,,,,,,,,,,,,,,,,,,,,,,,,,,,,,,,,,,,,,,,,,
475,Fig. 1,ID475__fig1.png,PLAIN,140,AXIS_CANDIDATES,,,,,,,,"565,966,738,938",679,,,,leftmost of 2 free runs,679:835-937:free;680:835-937:free;796:835-938:clipped;797:835-938:clipped,2,2,835-937,805,60.0,,,,,,,,,,,,,,,,,,,,,,,,,,,,,,,,,,,,,,,,,,,,,
475,Fig. 1,ID475__fig1.png,PLAIN,140,AXIS_FALLBACK,,,,,,,,"565,966,738,938",679,102,103,0.95,leftmost column whose run is >= 0.95 of the longest (103 px),797:103px;796:103px;680:102px;679:102px;914:99px;913:99px,,,,,,,,,,,,,,,,,,,,,,,,,,,,,,,,,,,,,,,,,,,,,,,,,,
475,Fig. 1,ID475__fig1.png,PLAIN,140,ORPHAN,,,,,,,,,,,,,,,,,,,,"106,501,27,297",395,270,NO_PANEL_IN_REACH,0,left 108px share 0.99 reach 34 [gap] | overlap 0px share 0.00 reach 34 [share],,,,,,,,,,,,,,,,,,,,,,,,,,,,,,,,,,,,,,,
475,Fig. 1,ID475__fig1.png,PLAIN,140,PIECE_RELATION,,,,,,,,,,,,,,,,,,,,"106,501,27,297",,,,,,NO_SELECTED_PANEL_DESCENDANT,0,0,,,CONTAINMENT,,,,,,,,,,,,,,,,,,,,,,,,,,,,,,,,,
475,Fig. 1,ID475__fig1.png,PLAIN,140,ORPHAN,,,,,,,,,,,,,,,,,,,,"142,487,317,341",345,24,NO_PANEL_IN_REACH,0,left 122px share 1.00 reach 34 [gap] | overlap 0px share 0.00 reach 34 [share],,,,,,,,,,,,,,,,,,,,,,,,,,,,,,,,,,,,,,,
475,Fig. 1,ID475__fig1.png,PLAIN,140,PIECE_RELATION,,,,,,,,,,,,,,,,,,,,"142,487,317,341",,,,,,NO_SELECTED_PANEL_DESCENDANT,0,0,,,CONTAINMENT,,,,,,,,,,,,,,,,,,,,,,,,,,,,,,,,,
475,Fig. 1,ID475__fig1.png,PLAIN,140,ORPHAN,,,,,,,,,,,,,,,,,,,,"99,384,370,664",285,294,NO_PANEL_IN_REACH,0,left 181px share 1.00 reach 34 [gap] | overlap 0px share 0.00 reach 34 [share],,,,,,,,,,,,,,,,,,,,,,,,,,,,,,,,,,,,,,,
475,Fig. 1,ID475__fig1.png,PLAIN,140,PIECE_RELATION,,,,,,,,,,,,,,,,,,,,"99,384,370,664",,,,,,OPPOSITE_HALF_UNIQUE_PANEL,1,0,"428,500,510,664",,CONTAINMENT,,,,,,,,,,,,,,,,,,,,,,,,,,,,,,,,,
475,Fig. 1,ID475__fig1.png,PLAIN,140,AXIS_FALLBACK,,,,,,,,"428,500,510,664",445,120,120,0.95,leftmost column whose run is >= 0.95 of the longest (120 px),446:120px;445:120px;499:63px;482:63px;481:63px;466:63px,,,,,,,,,,,,,,,,,,,,,,,,,,,,,,,,,,,,,,,,,,,,,,,,,,
475,Fig. 1,ID475__fig1.png,PLAIN,140,AXIS_FALLBACK,,,,,,,,"428,500,510,664",445,120,120,0.95,leftmost column whose run is >= 0.95 of the longest (120 px),446:120px;445:120px;499:63px;482:63px;481:63px;466:63px,,,,,,,,,,,,,,,,,,,,,,,,,,,,,,,,,,,,,,,,,,,,,,,,,,
475,Fig. 1,ID475__fig1.png,PLAIN,140,AXIS_FALLBACK,,,,,,,,"428,500,510,664",445,120,120,0.95,leftmost column whose run is >= 0.95 of the longest (120 px),446:120px;445:120px;499:63px;482:63px;481:63px;466:63px,,,,,,,,,,,,,,,,,,,,,,,,,,,,,,,,,,,,,,,,,,,,,,,,,,
475,Fig. 1,ID475__fig1.png,PLAIN,140,GATE_SHADOW,5,,,,44,,,,,,,,,,,,,,,"99,384,370,664",,,,,,,,,,,,"428,500,510,664",col,left,False,O,X,-,X,X,-,,,,,,,,,,,,,,,,,,,,,,,
475,Fig. 1,ID475__fig1.png,PLAIN,140,GATE_SHADOW_WHY,,,,,,,,,,,,,,,,,,,,"99,384,370,664",,,,,,,,,,,,"428,500,510,664",,,,,,,,,,"축 없음, 잉크 0.049","행 겹침 1.00, 패널 행 510-664, 조각 370-664",이 클립에서 캡션을 읽지 못했다,"건너는 간격 61 px, 패널 내부의 가장 큰 간격 18 px","밑변에 선 열 0.07, 축 범위 안 잉크 0.46 (교집합 0.46)",막대·눈금이 0→0개뿐이라 규칙성을 잴 수 없다,,,,,,,,,,,,,,,,,
475,Fig. 1,ID475__fig1.png,PLAIN,140,ORPHAN,,,,,,,,,,,,,,,,,,,,"138,172,695,708",34,13,NO_PANEL_IN_REACH,0,left 437px share 0.00 reach 34 [gap] [share] | overlap 0px share 0.00 reach 34 [share],,,,,,,,,,,,,,,,,,,,,,,,,,,,,,,,,,,,,,,
475,Fig. 1,ID475__fig1.png,PLAIN,140,PIECE_RELATION,,,,,,,,,,,,,,,,,,,,"138,172,695,708",,,,,,NO_SELECTED_PANEL_DESCENDANT,0,0,,,CONTAINMENT,,,,,,,,,,,,,,,,,,,,,,,,,,,,,,,,,
475,Fig. 1,ID475__fig1.png,PLAIN,140,ORPHAN,,,,,,,,,,,,,,,,,,,,"192,211,696,720",19,24,NO_PANEL_IN_REACH,0,left 398px share 0.00 reach 34 [gap] [share] | overlap 0px share 0.00 reach 34 [share],,,,,,,,,,,,,,,,,,,,,,,,,,,,,,,,,,,,,,,
475,Fig. 1,ID475__fig1.png,PLAIN,140,PIECE_RELATION,,,,,,,,,,,,,,,,,,,,"192,211,696,720",,,,,,NO_SELECTED_PANEL_DESCENDANT,0,0,,,CONTAINMENT,,,,,,,,,,,,,,,,,,,,,,,,,,,,,,,,,
475,Fig. 1,ID475__fig1.png,PLAIN,140,ORPHAN,,,,,,,,,,,,,,,,,,,,"130,469,949,975",339,26,NO_PANEL_IN_REACH,0,left 140px share 0.00 reach 34 [gap] [share] | overlap 0px share 0.00 reach 34 [share],,,,,,,,,,,,,,,,,,,,,,,,,,,,,,,,,,,,,,,
475,Fig. 1,ID475__fig1.png,PLAIN,140,PIECE_RELATION,,,,,,,,,,,,,,,,,,,,"130,469,949,975",,,,,,OPPOSITE_HALF_UNIQUE_PANEL,1,0,"92,527,739,930",,CONTAINMENT,,,,,,,,,,,,,,,,,,,,,,,,,,,,,,,,,
475,Fig. 1,ID475__fig1.png,PLAIN,140,AXIS_FALLBACK,,,,,,,,"92,527,739,930",444,96,96,0.95,leftmost column whose run is >= 0.95 of the longest (96 px),445:96px;444:96px;249:64px;248:64px;247:64px;482:63px,,,,,,,,,,,,,,,,,,,,,,,,,,,,,,,,,,,,,,,,,,,,,,,,,,
475,Fig. 1,ID475__fig1.png,PLAIN,140,AXIS_FALLBACK,,,,,,,,"92,527,739,930",444,96,96,0.95,leftmost column whose run is >= 0.95 of the longest (96 px),445:96px;444:96px;249:64px;248:64px;247:64px;482:63px,,,,,,,,,,,,,,,,,,,,,,,,,,,,,,,,,,,,,,,,,,,,,,,,,,
475,Fig. 1,ID475__fig1.png,PLAIN,140,AXIS_FALLBACK,,,,,,,,"92,527,739,930",444,96,96,0.95,leftmost column whose run is >= 0.95 of the longest (96 px),445:96px;444:96px;249:64px;248:64px;247:64px;482:63px,,,,,,,,,,,,,,,,,,,,,,,,,,,,,,,,,,,,,,,,,,,,,,,,,,
475,Fig. 1,ID475__fig1.png,PLAIN,140,GATE_SHADOW,8,,,,19,,,,,,,,,,,,,,,"130,469,949,975",,,,,,,,,,,,"92,527,739,930",row,below,False,O,X,-,O,O,-,,,,,,,,,,,,,,,,,,,,,,,
475,Fig. 1,ID475__fig1.png,PLAIN,140,GATE_SHADOW_WHY,,,,,,,,,,,,,,,,,,,,"130,469,949,975",,,,,,,,,,,,"92,527,739,930",,,,,,,,,,"축 없음, 잉크 0.143","행 겹침 -0.73, 패널 행 739-930, 조각 949-975",이 클립에서 캡션을 읽지 못했다,"건너는 간격 0 px, 패널 내부의 가장 큰 간격 0 px","밑변에 선 열 0.00, 축 범위 안 잉크 0.94 (교집합 0.00)",막대·눈금이 0→0개뿐이라 규칙성을 잴 수 없다,,,,,,,,,,,,,,,,,
475,Fig. 1,ID475__fig1.png,PLAIN,140,AXIS_FALLBACK,,,,,,,,"609,967,31,341",645,264,264,0.95,leftmost column whose run is >= 0.95 of the longest (264 px),645:264px;798:74px;797:74px;913:65px;912:65px;684:64px,,,,,,,,,,,,,,,,,,,,,,,,,,,,,,,,,,,,,,,,,,,,,,,,,,
475,Fig. 1,ID475__fig1.png,PLAIN,140,AXIS_FALLBACK,,,,,,,,"609,967,31,341",645,264,264,0.95,leftmost column whose run is >= 0.95 of the longest (264 px),645:264px;798:74px;797:74px;913:65px;912:65px;684:64px,,,,,,,,,,,,,,,,,,,,,,,,,,,,,,,,,,,,,,,,,,,,,,,,,,
475,Fig. 1,ID475__fig1.png,PLAIN,140,AXIS_FALLBACK,,,,,,,,"609,967,31,341",645,264,264,0.95,leftmost column whose run is >= 0.95 of the longest (264 px),645:264px;798:74px;797:74px;913:65px;912:65px;684:64px,,,,,,,,,,,,,,,,,,,,,,,,,,,,,,,,,,,,,,,,,,,,,,,,,,
475,Fig. 1,ID475__fig1.png,PLAIN,140,ORPHAN,,,,19,,,,,,,,,,,,,,,,"572,590,116,254",18,138,OFFERED,,,,,,,,,"609,967,31,341",,left,,,,,,,,,,,,,,34,,,,,,,,,,,,,,,,
475,Fig. 1,ID475__fig1.png,PLAIN,140,GATE,,,,19,,,,,,,,,,,,,,,,"572,590,116,254",,,,,,,,,,,,"609,967,31,341",,left,True,O,O,-,X,O,-,,,,,,,,,,,,,,,,,,,,,,,
475,Fig. 1,ID475__fig1.png,PLAIN,140,GATE_WHY,,,,,,,,,,,,,,,,,,,,"572,590,116,254",,,,,,,,,,,,"609,967,31,341",,,,,,,,,,"축 없음, 잉크 0.358","행 겹침 1.00, 패널 행 31-341, 조각 116-254",이 클립에서 캡션을 읽지 못했다,"건너는 간격 59 px, 패널 내부의 가장 큰 간격 1 px","밑변에 선 열 0.00, 축 범위 안 잉크 1.07 (교집합 1.00)",막대·눈금이 0→0개뿐이라 규칙성을 잴 수 없다,,,,,,,,,,,,,,,,,
475,Fig. 1,ID475__fig1.png,PLAIN,140,POST,,,,,,,,,,,,,,,,,,,,"572,590,116,254",,,ADOPTED,,,,,,,,,"609,967,31,341",,,,,,,,,,,,,,,,,"572,967,31,341",,,,,,,,,,,,,,,
475,Fig. 1,ID475__fig1.png,PLAIN,140,ORPHAN,,,,,,,,,,,,,,,,,,,,"604,944,640,669",340,29,NO_PANEL_IN_REACH,0,overlap 0px share 0.00 reach 34 [share] | right 104px share 0.83 reach 34 [gap],,,,,,,,,,,,,,,,,,,,,,,,,,,,,,,,,,,,,,,
475,Fig. 1,ID475__fig1.png,PLAIN,140,PIECE_RELATION,,,,,,,,,,,,,,,,,,,,"604,944,640,669",,,,,,OPPOSITE_HALF_UNIQUE_PANEL,1,0,"565,966,373,619",,CONTAINMENT,,,,,,,,,,,,,,,,,,,,,,,,,,,,,,,,,
475,Fig. 1,ID475__fig1.png,PLAIN,140,AXIS_FALLBACK,,,,,,,,"565,966,373,619",678,106,111,0.95,leftmost column whose run is >= 0.95 of the longest (111 px),912:111px;911:111px;796:108px;795:108px;678:106px;679:105px,,,,,,,,,,,,,,,,,,,,,,,,,,,,,,,,,,,,,,,,,,,,,,,,,,
475,Fig. 1,ID475__fig1.png,PLAIN,140,AXIS_FALLBACK,,,,,,,,"565,966,373,619",678,106,111,0.95,leftmost column whose run is >= 0.95 of the longest (111 px),912:111px;911:111px;796:108px;795:108px;678:106px;679:105px,,,,,,,,,,,,,,,,,,,,,,,,,,,,,,,,,,,,,,,,,,,,,,,,,,
475,Fig. 1,ID475__fig1.png,PLAIN,140,AXIS_FALLBACK,,,,,,,,"565,966,373,619",678,106,111,0.95,leftmost column whose run is >= 0.95 of the longest (111 px),912:111px;911:111px;796:108px;795:108px;678:106px;679:105px,,,,,,,,,,,,,,,,,,,,,,,,,,,,,,,,,,,,,,,,,,,,,,,,,,
475,Fig. 1,ID475__fig1.png,PLAIN,140,GATE_SHADOW,13,,,,21,,,,,,,,,,,,,,,"604,944,640,669",,,,,,,,,,,,"565,966,373,619",row,below,False,O,X,-,O,O,-,,,,,,,,,,,,,,,,,,,,,,,
475,Fig. 1,ID475__fig1.png,PLAIN,140,GATE_SHADOW_WHY,,,,,,,,,,,,,,,,,,,,"604,944,640,669",,,,,,,,,,,,"565,966,373,619",,,,,,,,,,"축 없음, 잉크 0.100","행 겹침 -0.72, 패널 행 373-619, 조각 640-669",이 클립에서 캡션을 읽지 못했다,"건너는 간격 0 px, 패널 내부의 가장 큰 간격 0 px","밑변에 선 열 0.00, 축 범위 안 잉크 2.43 (교집합 0.00)",막대·눈금이 1→1개뿐이라 규칙성을 잴 수 없다,,,,,,,,,,,,,,,,,
475,Fig. 1,ID475__fig1.png,PLAIN,140,AXIS_FALLBACK,,,,,,,,"92,527,739,930",444,96,96,0.95,leftmost column whose run is >= 0.95 of the longest (96 px),445:96px;444:96px;249:64px;248:64px;247:64px;482:63px,,,,,,,,,,,,,,,,,,,,,,,,,,,,,,,,,,,,,,,,,,,,,,,,,,
475,Fig. 1,ID475__fig1.png,PLAIN,140,AXIS_FALLBACK,,,,,,,,"92,527,739,930",444,96,96,0.95,leftmost column whose run is >= 0.95 of the longest (96 px),445:96px;444:96px;249:64px;248:64px;247:64px;482:63px,,,,,,,,,,,,,,,,,,,,,,,,,,,,,,,,,,,,,,,,,,,,,,,,,,
475,Fig. 1,ID475__fig1.png,PLAIN,140,AXIS_FALLBACK,,,,,,,,"92,527,739,930",444,96,96,0.95,leftmost column whose run is >= 0.95 of the longest (96 px),445:96px;444:96px;249:64px;248:64px;247:64px;482:63px,,,,,,,,,,,,,,,,,,,,,,,,,,,,,,,,,,,,,,,,,,,,,,,,,,
475,Fig. 1,ID475__fig1.png,PLAIN,140,ORPHAN,,,,26,,,,,,,,,,,,,,,,"553,743,695,981",190,286,OFFERED,,,,,,,,,"92,527,739,930",,right,,,,,,,,,,,,,,34,,,,,,,,,,,,,,,,
475,Fig. 1,ID475__fig1.png,PLAIN,140,GATE,,,,26,,,,,,,,,,,,,,,,"553,743,695,981",,,,,,,,,,,,"92,527,739,930",,right,False,O,X,-,X,X,-,,,,,,,,,,,,,,,,,,,,,,,
475,Fig. 1,ID475__fig1.png,PLAIN,140,GATE_WHY,,,,,,,,,,,,,,,,,,,,"553,743,695,981",,,,,,,,,,,,"92,527,739,930",,,,,,,,,,"축 없음, 잉크 0.071","행 겹침 1.00, 패널 행 739-930, 조각 695-981",이 클립에서 캡션을 읽지 못했다,"건너는 간격 38 px, 패널 내부의 가장 큰 간격 0 px","밑변에 선 열 0.39, 축 범위 안 잉크 0.33 (교집합 0.33)",막대·눈금이 0→0개뿐이라 규칙성을 잴 수 없다,,,,,,,,,,,,,,,,,
475,Fig. 1,ID475__fig1.png,PLAIN,140,ORPHAN,,,,,,,,,,,,,,,,,,,,"792,969,738,981",177,243,NO_PANEL_IN_REACH,0,overlap 0px share 1.00 reach 61 | right 265px share 1.00 reach 34 [gap],,,,,,,,,,,,,,,,,,,,,,,,,,,,,,,,,,,,,,,
475,Fig. 1,ID475__fig1.png,PLAIN,140,PIECE_RELATION,,,,,,,,,,,,,,,,,,,,"792,969,738,981",,,,,,NO_SELECTED_PANEL_DESCENDANT,0,0,,,CONTAINMENT,,,,,,,,,,,,,,,,,,,,,,,,,,,,,,,,,
475,Fig. 1,ID475__fig1.png,PLAIN,140,AXIS_CANDIDATES,,,,,,,,"191,490,27,145",,,,,no run long enough,,0,0,,370,35.4,,,,,,,,,,,,,,,,,,,,,,,,,,,,,,,,,,,,,,,,,,,,,
475,Fig. 1,ID475__fig1.png,PLAIN,140,AXIS_FALLBACK,,,,,,,,"191,490,27,145",482,66,66,0.95,leftmost column whose run is >= 0.95 of the longest (66 px),483:66px;482:66px;204:18px;198:18px;431:17px;430:17px,,,,,,,,,,,,,,,,,,,,,,,,,,,,,,,,,,,,,,,,,,,,,,,,,,
475,Fig. 1,ID475__fig1.png,PLAIN,140,AXIS_FALLBACK,,,,,,,,"191,490,27,145",482,66,66,0.95,leftmost column whose run is >= 0.95 of the longest (66 px),483:66px;482:66px;204:18px;198:18px;431:17px;430:17px,,,,,,,,,,,,,,,,,,,,,,,,,,,,,,,,,,,,,,,,,,,,,,,,,,
475,Fig. 1,ID475__fig1.png,PLAIN,140,AXIS_CANDIDATES,,,,,,,,"191,501,145,225",216,,,,no free run; leftmost of 7 clipped,216:171-226:clipped;217:171-226:clipped;236:176-225:clipped;237:174-226:clipped;269:174-226:clipped;270:175-225:clipped;352:172-226:clipped,0,7,171-226,377,24.0,,,,,,,,,,,,,,,,,,,,,,,,,,,,,,,,,,,,,,,,,,,,,
475,Fig. 1,ID475__fig1.png,PLAIN,140,AXIS_FALLBACK,,,,,,,,"191,501,145,225",466,80,80,0.95,leftmost column whose run is >= 0.95 of the longest (80 px),499:80px;467:80px;466:80px;500:79px;217:54px;216:54px,,,,,,,,,,,,,,,,,,,,,,,,,,,,,,,,,,,,,,,,,,,,,,,,,,
475,Fig. 1,ID475__fig1.png,PLAIN,140,AXIS_CANDIDATES,,,,,,,,"197,500,225,341",331,,,,no free run; leftmost of 2 clipped,331:224-277:clipped;332:224-277:clipped,0,2,224-277,378,34.8,,,,,,,,,,,,,,,,,,,,,,,,,,,,,,,,,,,,,,,,,,,,,
475,Fig. 1,ID475__fig1.png,PLAIN,140,AXIS_FALLBACK,,,,,,,,"197,500,225,341",446,68,68,0.95,leftmost column whose run is >= 0.95 of the longest (68 px),447:68px;446:68px;332:52px;331:52px;463:19px;462:19px,,,,,,,,,,,,,,,,,,,,,,,,,,,,,,,,,,,,,,,,,,,,,,,,,,
475,Fig. 1,ID475__fig1.png,PLAIN,140,AXIS_CANDIDATES,,,,,,,,"191,500,375,511",328,,,,no free run; leftmost of 2 clipped,328:448-512:clipped;329:448-512:clipped,0,2,448-512,376,40.8,,,,,,,,,,,,,,,,,,,,,,,,,,,,,,,,,,,,,,,,,,,,,
475,Fig. 1,ID475__fig1.png,PLAIN,140,AXIS_FALLBACK,,,,,,,,"191,500,375,511",328,63,63,0.95,leftmost column whose run is >= 0.95 of the longest (63 px),329:63px;328:63px;196:21px;195:20px;194:18px;193:15px,,,,,,,,,,,,,,,,,,,,,,,,,,,,,,,,,,,,,,,,,,,,,,,,,,
475,Fig. 1,ID475__fig1.png,PLAIN,140,AXIS_CANDIDATES,,,,,,,,"192,500,511,720",249,,,,leftmost of 2 free runs,249:559-627:free;250:559-627:free;212:510-575:clipped;213:510-575:clipped;349:510-576:clipped;350:510-576:clipped,2,4,559-627,376,62.7,,,,,,,,,,,,,,,,,,,,,,,,,,,,,,,,,,,,,,,,,,,,,
475,Fig. 1,ID475__fig1.png,PLAIN,140,AXIS_FALLBACK,,,,,,,,"192,500,511,720",445,119,119,0.95,leftmost column whose run is >= 0.95 of the longest (119 px),446:119px;445:119px;250:68px;249:68px;383:65px;382:65px,,,,,,,,,,,,,,,,,,,,,,,,,,,,,,,,,,,,,,,,,,,,,,,,,,
475,Fig. 1,ID475__fig1.png,PLAIN,140,AXIS_CANDIDATES,,,,,,,,"194,500,834,975",247,,,,leftmost of 5 free runs,247:852-916:free;248:852-916:free;249:852-916:free;364:865-921:free;365:865-921:free;327:834-879:clipped;328:834-879:clipped,5,2,852-916,377,42.3,,,,,,,,,,,,,,,,,,,,,,,,,,,,,,,,,,,,,,,,,,,,,
475,Fig. 1,ID475__fig1.png,PLAIN,140,AXIS_FALLBACK,,,,,,,,"194,500,834,975",444,117,117,0.95,leftmost column whose run is >= 0.95 of the longest (117 px),445:117px;444:117px;249:64px;248:64px;247:64px;482:63px,,,,,,,,,,,,,,,,,,,,,,,,,,,,,,,,,,,,,,,,,,,,,,,,,,
475,Fig. 1,ID475__fig1.png,PLAIN,140,ORPHAN,,,,,,,,,,,,,,,,,,,,"106,501,27,297",395,270,NO_PANEL_IN_REACH,0,overlap 0px share 1.00 reach 34,,,,,,,,,,,,,,,,,,,,,,,,,,,,,,,,,,,,,,,
475,Fig. 1,ID475__fig1.png,PLAIN,140,PIECE_RELATION,,,,,,,,,,,,,,,,,,,,"106,501,27,297",,,,,,SAME_HALF_NESTED_PANEL,0,2,,"191,490,27,145;191,501,145,225",CONTAINMENT,,,,,,,,,,,,,,,,,,,,,,,,,,,,,,,,,
475,Fig. 1,ID475__fig1.png,PLAIN,140,ORPHAN,,,,,,,,,,,,,,,,,,,,"142,487,317,341",345,24,NO_PANEL_IN_REACH,0,overlap 0px share 1.00 reach 34,,,,,,,,,,,,,,,,,,,,,,,,,,,,,,,,,,,,,,,
475,Fig. 1,ID475__fig1.png,PLAIN,140,PIECE_RELATION,,,,,,,,,,,,,,,,,,,,"142,487,317,341",,,,,,OPPOSITE_HALF_MULTIPLE_PANELS,2,0,"191,490,27,145;191,501,145,225",,CONTAINMENT,,,,,,,,,,,,,,,,,,,,,,,,,,,,,,,,,
475,Fig. 1,ID475__fig1.png,PLAIN,140,ORPHAN,,,,,,,,,,,,,,,,,,,,"99,384,370,664",285,294,NO_PANEL_IN_REACH,0,overlap 0px share 1.00 reach 44,,,,,,,,,,,,,,,,,,,,,,,,,,,,,,,,,,,,,,,
475,Fig. 1,ID475__fig1.png,PLAIN,140,PIECE_RELATION,,,,,,,,,,,,,,,,,,,,"99,384,370,664",,,,,,NO_SELECTED_PANEL_DESCENDANT,0,0,,,CONTAINMENT,,,,,,,,,,,,,,,,,,,,,,,,,,,,,,,,,
475,Fig. 1,ID475__fig1.png,PLAIN,140,AXIS_FALLBACK,,,,,,,,"192,500,511,720",445,119,119,0.95,leftmost column whose run is >= 0.95 of the longest (119 px),446:119px;445:119px;250:68px;249:68px;383:65px;382:65px,,,,,,,,,,,,,,,,,,,,,,,,,,,,,,,,,,,,,,,,,,,,,,,,,,
475,Fig. 1,ID475__fig1.png,PLAIN,140,AXIS_FALLBACK,,,,,,,,"192,500,511,720",445,119,119,0.95,leftmost column whose run is >= 0.95 of the longest (119 px),446:119px;445:119px;250:68px;249:68px;383:65px;382:65px,,,,,,,,,,,,,,,,,,,,,,,,,,,,,,,,,,,,,,,,,,,,,,,,,,
475,Fig. 1,ID475__fig1.png,PLAIN,140,AXIS_FALLBACK,,,,,,,,"192,500,511,720",445,119,119,0.95,leftmost column whose run is >= 0.95 of the longest (119 px),446:119px;445:119px;250:68px;249:68px;383:65px;382:65px,,,,,,,,,,,,,,,,,,,,,,,,,,,,,,,,,,,,,,,,,,,,,,,,,,
475,Fig. 1,ID475__fig1.png,PLAIN,140,ORPHAN,,,,20,,,,,,,,,,,,,,,,"138,172,695,708",34,13,OFFERED,,,,,,,,,"192,500,511,720",,left,,,,,,,,,,,,,,98,,,,,,,,,,,,,,,,
475,Fig. 1,ID475__fig1.png,PLAIN,140,GATE,,,,20,,,,,,,,,,,,,,,,"138,172,695,708",,,,,,,,,,,,"192,500,511,720",,left,True,O,O,-,O,O,-,,,,,,,,,,,,,,,,,,,,,,,
475,Fig. 1,ID475__fig1.png,PLAIN,140,GATE_WHY,,,,,,,,,,,,,,,,,,,,"138,172,695,708",,,,,,,,,,,,"192,500,511,720",,,,,,,,,,"축 없음, 잉크 0.186","행 겹침 1.00, 패널 행 511-720, 조각 695-708",이 클립에서 캡션을 읽지 못했다,"건너는 간격 87 px, 패널 내부의 가장 큰 간격 98 px","밑변에 선 열 0.00, 축 범위 안 잉크 2.05 (교집합 0.00)",막대·눈금이 0→0개뿐이라 규칙성을 잴 수 없다,,,,,,,,,,,,,,,,,
475,Fig. 1,ID475__fig1.png,PLAIN,140,POST,,,,,,,,,,,,,,,,,,,,"138,172,695,708",,,ADOPTED,,,,,,,,,"192,500,511,720",,,,,,,,,,,,,,,,,"138,500,511,720",,,,,,,,,,,,,,,
475,Fig. 1,ID475__fig1.png,PLAIN,140,ORPHAN,,,,,,,,,,,,,,,,,,,,"192,211,696,720",19,24,NO_PANEL_IN_REACH,0,overlap 0px share 1.00 reach 98,,,,,,,,,,,,,,,,,,,,,,,,,,,,,,,,,,,,,,,
475,Fig. 1,ID475__fig1.png,PLAIN,140,PIECE_RELATION,,,,,,,,,,,,,,,,,,,,"192,211,696,720",,,,,,NO_SELECTED_PANEL_DESCENDANT,0,0,,,CONTAINMENT,,,,,,,,,,,,,,,,,,,,,,,,,,,,,,,,,
475,Fig. 1,ID475__fig1.png,PLAIN,140,ORPHAN,,,,,,,,,,,,,,,,,,,,"130,469,949,975",339,26,NO_PANEL_IN_REACH,0,overlap 0px share 1.00 reach 34,,,,,,,,,,,,,,,,,,,,,,,,,,,,,,,,,,,,,,,
475,Fig. 1,ID475__fig1.png,PLAIN,140,PIECE_RELATION,,,,,,,,,,,,,,,,,,,,"130,469,949,975",,,,,,NO_SELECTED_PANEL_DESCENDANT,0,0,,,CONTAINMENT,,,,,,,,,,,,,,,,,,,,,,,,,,,,,,,,,
475,Fig. 1,ID475__fig1.png,PLAIN,140,ORPHAN,,,,,,,,,,,,,,,,,,,,"572,590,116,254",18,138,NO_PANEL_IN_REACH,0,right 71px share 1.00 reach 34 [gap],,,,,,,,,,,,,,,,,,,,,,,,,,,,,,,,,,,,,,,
475,Fig. 1,ID475__fig1.png,PLAIN,140,PIECE_RELATION,,,,,,,,,,,,,,,,,,,,"572,590,116,254",,,,,,NO_SELECTED_PANEL_DESCENDANT,0,0,,,CONTAINMENT,,,,,,,,,,,,,,,,,,,,,,,,,,,,,,,,,
475,Fig. 1,ID475__fig1.png,PLAIN,140,ORPHAN,,,,,,,,,,,,,,,,,,,,"573,587,262,273",14,11,NO_PANEL_IN_REACH,0,right 73px share 1.00 reach 34 [gap],,,,,,,,,,,,,,,,,,,,,,,,,,,,,,,,,,,,,,,
475,Fig. 1,ID475__fig1.png,PLAIN,140,PIECE_RELATION,,,,,,,,,,,,,,,,,,,,"573,587,262,273",,,,,,NO_SELECTED_PANEL_DESCENDANT,0,0,,,CONTAINMENT,,,,,,,,,,,,,,,,,,,,,,,,,,,,,,,,,
475,Fig. 1,ID475__fig1.png,PLAIN,140,ORPHAN,,,,,,,,,,,,,,,,,,,,"604,944,640,669",340,29,NO_PANEL_IN_REACH,0,right 104px share 1.00 reach 98 [gap],,,,,,,,,,,,,,,,,,,,,,,,,,,,,,,,,,,,,,,
475,Fig. 1,ID475__fig1.png,PLAIN,140,PIECE_RELATION,,,,,,,,,,,,,,,,,,,,"604,944,640,669",,,,,,NO_SELECTED_PANEL_DESCENDANT,0,0,,,CONTAINMENT,,,,,,,,,,,,,,,,,,,,,,,,,,,,,,,,,
475,Fig. 1,ID475__fig1.png,PLAIN,140,ORPHAN,,,,,,,,,,,,,,,,,,,,"553,743,695,981",190,286,NO_PANEL_IN_REACH,0,right 53px share 1.00 reach 34 [gap],,,,,,,,,,,,,,,,,,,,,,,,,,,,,,,,,,,,,,,
475,Fig. 1,ID475__fig1.png,PLAIN,140,PIECE_RELATION,,,,,,,,,,,,,,,,,,,,"553,743,695,981",,,,,,NO_SELECTED_PANEL_DESCENDANT,0,0,,,CONTAINMENT,,,,,,,,,,,,,,,,,,,,,,,,,,,,,,,,,
475,Fig. 1,ID475__fig1.png,PLAIN,140,ORPHAN,,,,,,,,,,,,,,,,,,,,"792,969,738,981",177,243,NO_PANEL_IN_REACH,0,right 292px share 1.00 reach 34 [gap],,,,,,,,,,,,,,,,,,,,,,,,,,,,,,,,,,,,,,,
475,Fig. 1,ID475__fig1.png,PLAIN,140,PIECE_RELATION,,,,,,,,,,,,,,,,,,,,"792,969,738,981",,,,,,NO_SELECTED_PANEL_DESCENDANT,0,0,,,CONTAINMENT,,,,,,,,,,,,,,,,,,,,,,,,,,,,,,,,,
475,Fig. 1,ID475__fig1.png,PLAIN,140,AXIS_FALLBACK,,,,,,,,"609,967,31,341",645,264,264,0.95,leftmost column whose run is >= 0.95 of the longest (264 px),645:264px;798:74px;797:74px;913:65px;912:65px;684:64px,,,,,,,,,,,,,,,,,,,,,,,,,,,,,,,,,,,,,,,,,,,,,,,,,,
475,Fig. 1,ID475__fig1.png,PLAIN,140,AXIS_FALLBACK,,,,,,,,"565,966,373,619",678,106,111,0.95,leftmost column whose run is >= 0.95 of the longest (111 px),912:111px;911:111px;796:108px;795:108px;678:106px;679:105px,,,,,,,,,,,,,,,,,,,,,,,,,,,,,,,,,,,,,,,,,,,,,,,,,,
475,Fig. 1,ID475__fig1.png,PLAIN,140,AXIS_FALLBACK,,,,,,,,"92,527,739,930",444,96,96,0.95,leftmost column whose run is >= 0.95 of the longest (96 px),445:96px;444:96px;249:64px;248:64px;247:64px;482:63px,,,,,,,,,,,,,,,,,,,,,,,,,,,,,,,,,,,,,,,,,,,,,,,,,,
475,Fig. 1,ID475__fig1.png,PLAIN,140,AXIS_FALLBACK,,,,,,,,"428,500,510,664",445,120,120,0.95,leftmost column whose run is >= 0.95 of the longest (120 px),446:120px;445:120px;499:63px;482:63px;481:63px;466:63px,,,,,,,,,,,,,,,,,,,,,,,,,,,,,,,,,,,,,,,,,,,,,,,,,,
475,Fig. 1,ID475__fig1.png,PLAIN,140,AXIS_FALLBACK,,,,,,,,"609,967,738,938",679,102,103,0.95,leftmost column whose run is >= 0.95 of the longest (103 px),797:103px;796:103px;680:102px;679:102px;914:99px;913:99px,,,,,,,,,,,,,,,,,,,,,,,,,,,,,,,,,,,,,,,,,,,,,,,,,,
475,Fig. 1,ID475__fig1.png,PLAIN,140,AXIS_FALLBACK,,,,,,,,"565,966,738,938",679,102,103,0.95,leftmost column whose run is >= 0.95 of the longest (103 px),797:103px;796:103px;680:102px;679:102px;914:99px;913:99px,,,,,,,,,,,,,,,,,,,,,,,,,,,,,,,,,,,,,,,,,,,,,,,,,,
475,Fig. 1,ID475__fig1.png,PLAIN,140,AXIS_FALLBACK,,,,,,,,"572,967,31,341",645,264,264,0.95,leftmost column whose run is >= 0.95 of the longest (264 px),645:264px;798:74px;797:74px;913:65px;912:65px;684:64px,,,,,,,,,,,,,,,,,,,,,,,,,,,,,,,,,,,,,,,,,,,,,,,,,,
475,Fig. 1,ID475__fig1.png,PLAIN,140,AXIS_FALLBACK,,,,,,,,"191,490,27,145",482,66,66,0.95,leftmost column whose run is >= 0.95 of the longest (66 px),483:66px;482:66px;204:18px;198:18px;431:17px;430:17px,,,,,,,,,,,,,,,,,,,,,,,,,,,,,,,,,,,,,,,,,,,,,,,,,,
475,Fig. 1,ID475__fig1.png,PLAIN,140,AXIS_FALLBACK,,,,,,,,"191,501,145,225",466,80,80,0.95,leftmost column whose run is >= 0.95 of the longest (80 px),499:80px;467:80px;466:80px;500:79px;217:54px;216:54px,,,,,,,,,,,,,,,,,,,,,,,,,,,,,,,,,,,,,,,,,,,,,,,,,,
475,Fig. 1,ID475__fig1.png,PLAIN,140,AXIS_FALLBACK,,,,,,,,"197,500,225,341",446,68,68,0.95,leftmost column whose run is >= 0.95 of the longest (68 px),447:68px;446:68px;332:52px;331:52px;463:19px;462:19px,,,,,,,,,,,,,,,,,,,,,,,,,,,,,,,,,,,,,,,,,,,,,,,,,,
475,Fig. 1,ID475__fig1.png,PLAIN,140,AXIS_FALLBACK,,,,,,,,"191,500,375,511",328,63,63,0.95,leftmost column whose run is >= 0.95 of the longest (63 px),329:63px;328:63px;196:21px;195:20px;194:18px;193:15px,,,,,,,,,,,,,,,,,,,,,,,,,,,,,,,,,,,,,,,,,,,,,,,,,,
475,Fig. 1,ID475__fig1.png,PLAIN,140,AXIS_FALLBACK,,,,,,,,"192,500,511,720",445,119,119,0.95,leftmost column whose run is >= 0.95 of the longest (119 px),446:119px;445:119px;250:68px;249:68px;383:65px;382:65px,,,,,,,,,,,,,,,,,,,,,,,,,,,,,,,,,,,,,,,,,,,,,,,,,,
475,Fig. 1,ID475__fig1.png,PLAIN,140,AXIS_FALLBACK,,,,,,,,"194,500,834,975",444,117,117,0.95,leftmost column whose run is >= 0.95 of the longest (117 px),445:117px;444:117px;249:64px;248:64px;247:64px;482:63px,,,,,,,,,,,,,,,,,,,,,,,,,,,,,,,,,,,,,,,,,,,,,,,,,,
475,Fig. 1,ID475__fig1.png,PLAIN,140,AXIS_FALLBACK,,,,,,,,"138,500,511,720",445,119,119,0.95,leftmost column whose run is >= 0.95 of the longest (119 px),446:119px;445:119px;250:68px;249:68px;383:65px;382:65px,,,,,,,,,,,,,,,,,,,,,,,,,,,,,,,,,,,,,,,,,,,,,,,,,,
475,Fig. 1,ID475__fig1.png,PLAIN,140,AXIS_FALLBACK,,,,,,,,"572,967,31,341",645,264,264,0.95,leftmost column whose run is >= 0.95 of the longest (264 px),645:264px;798:74px;797:74px;913:65px;912:65px;684:64px,,,,,,,,,,,,,,,,,,,,,,,,,,,,,,,,,,,,,,,,,,,,,,,,,,
475,Fig. 1,ID475__fig1.png,PLAIN,140,AXIS_CANDIDATES,,,,,,,,"572,967,31,341",645,,,,leftmost of 1 free runs,645:63-327:free,1,0,63-327,809,93.0,,,,,,,,,,,,,,,,,,,,,,,,,,,,,,,,,,,,,,,,,,,,,
475,Fig. 1,ID475__fig1.png,PLAIN,140,AXIS_FALLBACK,,,,,,,,"609,967,31,341",645,264,264,0.95,leftmost column whose run is >= 0.95 of the longest (264 px),645:264px;798:74px;797:74px;913:65px;912:65px;684:64px,,,,,,,,,,,,,,,,,,,,,,,,,,,,,,,,,,,,,,,,,,,,,,,,,,
475,Fig. 1,ID475__fig1.png,PLAIN,140,AXIS_CANDIDATES,,,,,,,,"609,967,31,341",645,,,,leftmost of 1 free runs,645:63-327:free,1,0,63-327,823,93.0,,,,,,,,,,,,,,,,,,,,,,,,,,,,,,,,,,,,,,,,,,,,,
475,Fig. 1,ID475__fig1.png,PLAIN,140,AXIS_FALLBACK,,,,,,,,"565,966,373,619",678,106,111,0.95,leftmost column whose run is >= 0.95 of the longest (111 px),912:111px;911:111px;796:108px;795:108px;678:106px;679:105px,,,,,,,,,,,,,,,,,,,,,,,,,,,,,,,,,,,,,,,,,,,,,,,,,,
475,Fig. 1,ID475__fig1.png,PLAIN,140,AXIS_CANDIDATES,,,,,,,,"565,966,373,619",679,,,,leftmost of 3 free runs,679:513-618:free;795:406-514:free;796:406-514:free;678:513-619:clipped,3,1,513-618,805,73.8,,,,,,,,,,,,,,,,,,,,,,,,,,,,,,,,,,,,,,,,,,,,,
475,Fig. 1,ID475__fig1.png,PLAIN,140,AXIS_FALLBACK,,,,,,,,"92,527,739,953",444,117,117,0.95,leftmost column whose run is >= 0.95 of the longest (117 px),445:117px;444:117px;249:64px;248:64px;247:64px;482:63px,,,,,,,,,,,,,,,,,,,,,,,,,,,,,,,,,,,,,,,,,,,,,,,,,,
475,Fig. 1,ID475__fig1.png,PLAIN,140,AXIS_CANDIDATES,,,,,,,,"92,527,739,953",,,,,no run long enough,,0,0,,353,64.2,,,,,,,,,,,,,,,,,,,,,,,,,,,,,,,,,,,,,,,,,,,,,
475,Fig. 1,ID475__fig1.png,PLAIN,140,AXIS_FALLBACK,,,,,,,,"92,527,739,930",444,96,96,0.95,leftmost column whose run is >= 0.95 of the longest (96 px),445:96px;444:96px;249:64px;248:64px;247:64px;482:63px,,,,,,,,,,,,,,,,,,,,,,,,,,,,,,,,,,,,,,,,,,,,,,,,,,
475,Fig. 1,ID475__fig1.png,PLAIN,140,AXIS_CANDIDATES,,,,,,,,"92,527,739,930",247,,,,leftmost of 3 free runs,247:852-916:free;248:852-916:free;249:852-916:free,3,0,852-916,353,57.3,,,,,,,,,,,,,,,,,,,,,,,,,,,,,,,,,,,,,,,,,,,,,
475,Fig. 1,ID475__fig1.png,PLAIN,140,AXIS_FALLBACK,,,,,,,,"565,966,738,938",679,102,103,0.95,leftmost column whose run is >= 0.95 of the longest (103 px),797:103px;796:103px;680:102px;679:102px;914:99px;913:99px,,,,,,,,,,,,,,,,,,,,,,,,,,,,,,,,,,,,,,,,,,,,,,,,,,
475,Fig. 1,ID475__fig1.png,PLAIN,140,AXIS_CANDIDATES,,,,,,,,"565,966,738,938",679,,,,leftmost of 2 free runs,679:835-937:free;680:835-937:free;796:835-938:clipped;797:835-938:clipped,2,2,835-937,805,60.0,,,,,,,,,,,,,,,,,,,,,,,,,,,,,,,,,,,,,,,,,,,,,
475,Fig. 1,ID475__fig1.png,PLAIN,140,AXIS_FALLBACK,,,,,,,,"138,500,511,720",445,119,119,0.95,leftmost column whose run is >= 0.95 of the longest (119 px),446:119px;445:119px;250:68px;249:68px;383:65px;382:65px,,,,,,,,,,,,,,,,,,,,,,,,,,,,,,,,,,,,,,,,,,,,,,,,,,
475,Fig. 1,ID475__fig1.png,PLAIN,140,AXIS_CANDIDATES,,,,,,,,"138,500,511,720",249,,,,leftmost of 2 free runs,249:559-627:free;250:559-627:free;212:510-575:clipped;213:510-575:clipped;349:510-576:clipped;350:510-576:clipped,2,4,559-627,355,62.7,,,,,,,,,,,,,,,,,,,,,,,,,,,,,,,,,,,,,,,,,,,,,
475,Fig. 1,ID475__fig1.png,CAP,140,CUT,1,col,0,501-554,53,"0,527,0,1020","527,1054,0,1020",,,,,,,,,,,,,,,,,,,,,,,,,,,,,,,,,,,,,,,,,,,,,,,,,,,,,,,,,
475,Fig. 1,ID475__fig1.png,CAP,140,CUT,2,row,1,664-695,31,"0,527,0,679","0,527,679,1020",,,,,,,,,,,,,,,,,,,,,,,,,,,,,,,,,,,,,,,,,,,,,,,,,,,,,,,,,
475,Fig. 1,ID475__fig1.png,CAP,140,CUT,3,row,2,341-370,29,"0,527,0,355","0,527,355,679",,,,,,,,,,,,,,,,,,,,,,,,,,,,,,,,,,,,,,,,,,,,,,,,,,,,,,,,,
475,Fig. 1,ID475__fig1.png,CAP,140,CUT,4,row,3,297-317,20,"0,527,0,307","0,527,307,355",,,,,,,,,,,,,,,,,,,,,,,,,,,,,,,,,,,,,,,,,,,,,,,,,,,,,,,,,
475,Fig. 1,ID475__fig1.png,CAP,140,CUT,5,col,3,384-428,44,"0,406,355,679","406,527,355,679",,,,,,,,,,,,,,,,,,,,,,,,,,,,,,,,,,,,,,,,,,,,,,,,,,,,,,,,,
475,Fig. 1,ID475__fig1.png,CAP,140,CUT,6,row,2,720-739,19,"0,527,679,729","0,527,729,1020",,,,,,,,,,,,,,,,,,,,,,,,,,,,,,,,,,,,,,,,,,,,,,,,,,,,,,,,,
475,Fig. 1,ID475__fig1.png,CAP,140,CUT,7,col,3,172-192,20,"0,182,679,729","182,527,679,729",,,,,,,,,,,,,,,,,,,,,,,,,,,,,,,,,,,,,,,,,,,,,,,,,,,,,,,,,
475,Fig. 1,ID475__fig1.png,CAP,140,CUT,8,row,3,930-949,19,"0,527,729,939","0,527,939,1020",,,,,,,,,,,,,,,,,,,,,,,,,,,,,,,,,,,,,,,,,,,,,,,,,,,,,,,,,
475,Fig. 1,ID475__fig1.png,CAP,140,CUT,9,row,1,341-373,32,"527,1054,0,357","527,1054,357,1020",,,,,,,,,,,,,,,,,,,,,,,,,,,,,,,,,,,,,,,,,,,,,,,,,,,,,,,,,
475,Fig. 1,ID475__fig1.png,CAP,140,CUT,10,col,2,590-609,19,"527,599,0,357","599,1054,0,357",,,,,,,,,,,,,,,,,,,,,,,,,,,,,,,,,,,,,,,,,,,,,,,,,,,,,,,,,
475,Fig. 1,ID475__fig1.png,CAP,140,CUT,11,row,3,254-262,8,"527,599,0,258","527,599,258,357",,,,,,,,,,,,,,,,,,,,,,,,,,,,,,,,,,,,,,,,,,,,,,,,,,,,,,,,,
475,Fig. 1,ID475__fig1.png,CAP,140,CUT,12,row,2,669-695,26,"527,1054,357,682","527,1054,682,1020",,,,,,,,,,,,,,,,,,,,,,,,,,,,,,,,,,,,,,,,,,,,,,,,,,,,,,,,,
475,Fig. 1,ID475__fig1.png,CAP,140,CUT,13,row,3,619-640,21,"527,1054,357,629","527,1054,629,682",,,,,,,,,,,,,,,,,,,,,,,,,,,,,,,,,,,,,,,,,,,,,,,,,,,,,,,,,
475,Fig. 1,ID475__fig1.png,CAP,140,CUT,14,col,3,743-792,49,"527,767,682,1020","767,1054,682,1020",,,,,,,,,,,,,,,,,,,,,,,,,,,,,,,,,,,,,,,,,,,,,,,,,,,,,,,,,
475,Fig. 1,ID475__fig1.png,CAP,140,AXIS_FALLBACK,,,,,,,,"92,527,739,930",444,96,96,0.95,leftmost column whose run is >= 0.95 of the longest (96 px),445:96px;444:96px;249:64px;248:64px;247:64px;482:63px,,,,,,,,,,,,,,,,,,,,,,,,,,,,,,,,,,,,,,,,,,,,,,,,,,
475,Fig. 1,ID475__fig1.png,CAP,140,AXIS_FALLBACK,,,,,,,,"609,967,31,341",645,264,264,0.95,leftmost column whose run is >= 0.95 of the longest (264 px),645:264px;798:74px;797:74px;913:65px;912:65px;684:64px,,,,,,,,,,,,,,,,,,,,,,,,,,,,,,,,,,,,,,,,,,,,,,,,,,
475,Fig. 1,ID475__fig1.png,CAP,140,AXIS_FALLBACK,,,,,,,,"565,966,373,619",678,106,111,0.95,leftmost column whose run is >= 0.95 of the longest (111 px),912:111px;911:111px;796:108px;795:108px;678:106px;679:105px,,,,,,,,,,,,,,,,,,,,,,,,,,,,,,,,,,,,,,,,,,,,,,,,,,
475,Fig. 1,ID475__fig1.png,CAP,140,AXIS_FALLBACK,,,,,,,,"428,500,510,664",445,120,120,0.95,leftmost column whose run is >= 0.95 of the longest (120 px),446:120px;445:120px;499:63px;482:63px;481:63px;466:63px,,,,,,,,,,,,,,,,,,,,,,,,,,,,,,,,,,,,,,,,,,,,,,,,,,
475,Fig. 1,ID475__fig1.png,CAP,140,AXIS_FALLBACK,,,,,,,,"428,500,510,664",445,120,120,0.95,leftmost column whose run is >= 0.95 of the longest (120 px),446:120px;445:120px;499:63px;482:63px;481:63px;466:63px,,,,,,,,,,,,,,,,,,,,,,,,,,,,,,,,,,,,,,,,,,,,,,,,,,
475,Fig. 1,ID475__fig1.png,CAP,140,AXIS_FALLBACK,,,,,,,,"92,527,739,930",444,96,96,0.95,leftmost column whose run is >= 0.95 of the longest (96 px),445:96px;444:96px;249:64px;248:64px;247:64px;482:63px,,,,,,,,,,,,,,,,,,,,,,,,,,,,,,,,,,,,,,,,,,,,,,,,,,
475,Fig. 1,ID475__fig1.png,CAP,140,AXIS_FALLBACK,,,,,,,,"609,967,31,341",645,264,264,0.95,leftmost column whose run is >= 0.95 of the longest (264 px),645:264px;798:74px;797:74px;913:65px;912:65px;684:64px,,,,,,,,,,,,,,,,,,,,,,,,,,,,,,,,,,,,,,,,,,,,,,,,,,
475,Fig. 1,ID475__fig1.png,CAP,140,AXIS_FALLBACK,,,,,,,,"565,966,373,619",678,106,111,0.95,leftmost column whose run is >= 0.95 of the longest (111 px),912:111px;911:111px;796:108px;795:108px;678:106px;679:105px,,,,,,,,,,,,,,,,,,,,,,,,,,,,,,,,,,,,,,,,,,,,,,,,,,
475,Fig. 1,ID475__fig1.png,CAP,140,AXIS_FALLBACK,,,,,,,,"609,967,738,938",679,102,103,0.95,leftmost column whose run is >= 0.95 of the longest (103 px),797:103px;796:103px;680:102px;679:102px;914:99px;913:99px,,,,,,,,,,,,,,,,,,,,,,,,,,,,,,,,,,,,,,,,,,,,,,,,,,
475,Fig. 1,ID475__fig1.png,CAP,140,AXIS_FALLBACK,,,,,,,,"565,966,738,938",679,102,103,0.95,leftmost column whose run is >= 0.95 of the longest (103 px),797:103px;796:103px;680:102px;679:102px;914:99px;913:99px,,,,,,,,,,,,,,,,,,,,,,,,,,,,,,,,,,,,,,,,,,,,,,,,,,
475,Fig. 1,ID475__fig1.png,CAP,140,AXIS_CANDIDATES,,,,,,,,"609,967,31,341",645,,,,leftmost of 1 free runs,645:63-327:free,1,0,63-327,823,93.0,,,,,,,,,,,,,,,,,,,,,,,,,,,,,,,,,,,,,,,,,,,,,
475,Fig. 1,ID475__fig1.png,CAP,140,AXIS_FALLBACK,,,,,,,,"609,967,31,341",645,264,264,0.95,leftmost column whose run is >= 0.95 of the longest (264 px),645:264px;798:74px;797:74px;913:65px;912:65px;684:64px,,,,,,,,,,,,,,,,,,,,,,,,,,,,,,,,,,,,,,,,,,,,,,,,,,
475,Fig. 1,ID475__fig1.png,CAP,140,AXIS_CANDIDATES,,,,,,,,"565,966,373,619",679,,,,leftmost of 3 free runs,679:513-618:free;795:406-514:free;796:406-514:free;678:513-619:clipped,3,1,513-618,805,73.8,,,,,,,,,,,,,,,,,,,,,,,,,,,,,,,,,,,,,,,,,,,,,
475,Fig. 1,ID475__fig1.png,CAP,140,AXIS_FALLBACK,,,,,,,,"565,966,373,619",678,106,111,0.95,leftmost column whose run is >= 0.95 of the longest (111 px),912:111px;911:111px;796:108px;795:108px;678:106px;679:105px,,,,,,,,,,,,,,,,,,,,,,,,,,,,,,,,,,,,,,,,,,,,,,,,,,
475,Fig. 1,ID475__fig1.png,CAP,140,AXIS_CANDIDATES,,,,,,,,"92,527,739,930",247,,,,leftmost of 3 free runs,247:852-916:free;248:852-916:free;249:852-916:free,3,0,852-916,353,57.3,,,,,,,,,,,,,,,,,,,,,,,,,,,,,,,,,,,,,,,,,,,,,
475,Fig. 1,ID475__fig1.png,CAP,140,AXIS_FALLBACK,,,,,,,,"92,527,739,930",444,96,96,0.95,leftmost column whose run is >= 0.95 of the longest (96 px),445:96px;444:96px;249:64px;248:64px;247:64px;482:63px,,,,,,,,,,,,,,,,,,,,,,,,,,,,,,,,,,,,,,,,,,,,,,,,,,
475,Fig. 1,ID475__fig1.png,CAP,140,AXIS_CANDIDATES,,,,,,,,"428,500,510,664",445,,,,no free run; leftmost of 4 clipped,445:510-630:clipped;446:510-630:clipped;465:510-573:clipped;466:510-573:clipped,0,4,510-630,471,46.2,,,,,,,,,,,,,,,,,,,,,,,,,,,,,,,,,,,,,,,,,,,,,
475,Fig. 1,ID475__fig1.png,CAP,140,AXIS_FALLBACK,,,,,,,,"428,500,510,664",445,120,120,0.95,leftmost column whose run is >= 0.95 of the longest (120 px),446:120px;445:120px;499:63px;482:63px;481:63px;466:63px,,,,,,,,,,,,,,,,,,,,,,,,,,,,,,,,,,,,,,,,,,,,,,,,,,
475,Fig. 1,ID475__fig1.png,CAP,140,AXIS_CANDIDATES,,,,,,,,"609,967,738,938",679,,,,leftmost of 2 free runs,679:835-937:free;680:835-937:free;796:835-938:clipped;797:835-938:clipped,2,2,835-937,823,60.0,,,,,,,,,,,,,,,,,,,,,,,,,,,,,,,,,,,,,,,,,,,,,
475,Fig. 1,ID475__fig1.png,CAP,140,AXIS_FALLBACK,,,,,,,,"609,967,738,938",679,102,103,0.95,leftmost column whose run is >= 0.95 of the longest (103 px),797:103px;796:103px;680:102px;679:102px;914:99px;913:99px,,,,,,,,,,,,,,,,,,,,,,,,,,,,,,,,,,,,,,,,,,,,,,,,,,
475,Fig. 1,ID475__fig1.png,CAP,140,AXIS_CANDIDATES,,,,,,,,"565,966,738,938",679,,,,leftmost of 2 free runs,679:835-937:free;680:835-937:free;796:835-938:clipped;797:835-938:clipped,2,2,835-937,805,60.0,,,,,,,,,,,,,,,,,,,,,,,,,,,,,,,,,,,,,,,,,,,,,
475,Fig. 1,ID475__fig1.png,CAP,140,AXIS_FALLBACK,,,,,,,,"565,966,738,938",679,102,103,0.95,leftmost column whose run is >= 0.95 of the longest (103 px),797:103px;796:103px;680:102px;679:102px;914:99px;913:99px,,,,,,,,,,,,,,,,,,,,,,,,,,,,,,,,,,,,,,,,,,,,,,,,,,
475,Fig. 1,ID475__fig1.png,CAP,140,ORPHAN,,,,,,,,,,,,,,,,,,,,"106,501,27,297",395,270,NO_PANEL_IN_REACH,0,left 108px share 0.99 reach 34 [gap] | overlap 0px share 0.00 reach 34 [share],,,,,,,,,,,,,,,,,,,,,,,,,,,,,,,,,,,,,,,
475,Fig. 1,ID475__fig1.png,CAP,140,PIECE_RELATION,,,,,,,,,,,,,,,,,,,,"106,501,27,297",,,,,,NO_SELECTED_PANEL_DESCENDANT,0,0,,,CONTAINMENT,,,,,,,,,,,,,,,,,,,,,,,,,,,,,,,,,
475,Fig. 1,ID475__fig1.png,CAP,140,ORPHAN,,,,,,,,,,,,,,,,,,,,"142,487,317,341",345,24,NO_PANEL_IN_REACH,0,left 122px share 1.00 reach 34 [gap] | overlap 0px share 0.00 reach 34 [share],,,,,,,,,,,,,,,,,,,,,,,,,,,,,,,,,,,,,,,
475,Fig. 1,ID475__fig1.png,CAP,140,PIECE_RELATION,,,,,,,,,,,,,,,,,,,,"142,487,317,341",,,,,,NO_SELECTED_PANEL_DESCENDANT,0,0,,,CONTAINMENT,,,,,,,,,,,,,,,,,,,,,,,,,,,,,,,,,
475,Fig. 1,ID475__fig1.png,CAP,140,ORPHAN,,,,,,,,,,,,,,,,,,,,"99,384,370,664",285,294,NO_PANEL_IN_REACH,0,left 181px share 1.00 reach 34 [gap] | overlap 0px share 0.00 reach 34 [share],,,,,,,,,,,,,,,,,,,,,,,,,,,,,,,,,,,,,,,
475,Fig. 1,ID475__fig1.png,CAP,140,PIECE_RELATION,,,,,,,,,,,,,,,,,,,,"99,384,370,664",,,,,,OPPOSITE_HALF_UNIQUE_PANEL,1,0,"428,500,510,664",,CONTAINMENT,,,,,,,,,,,,,,,,,,,,,,,,,,,,,,,,,
475,Fig. 1,ID475__fig1.png,CAP,140,AXIS_FALLBACK,,,,,,,,"428,500,510,664",445,120,120,0.95,leftmost column whose run is >= 0.95 of the longest (120 px),446:120px;445:120px;499:63px;482:63px;481:63px;466:63px,,,,,,,,,,,,,,,,,,,,,,,,,,,,,,,,,,,,,,,,,,,,,,,,,,
475,Fig. 1,ID475__fig1.png,CAP,140,AXIS_FALLBACK,,,,,,,,"428,500,510,664",445,120,120,0.95,leftmost column whose run is >= 0.95 of the longest (120 px),446:120px;445:120px;499:63px;482:63px;481:63px;466:63px,,,,,,,,,,,,,,,,,,,,,,,,,,,,,,,,,,,,,,,,,,,,,,,,,,
475,Fig. 1,ID475__fig1.png,CAP,140,AXIS_FALLBACK,,,,,,,,"428,500,510,664",445,120,120,0.95,leftmost column whose run is >= 0.95 of the longest (120 px),446:120px;445:120px;499:63px;482:63px;481:63px;466:63px,,,,,,,,,,,,,,,,,,,,,,,,,,,,,,,,,,,,,,,,,,,,,,,,,,
475,Fig. 1,ID475__fig1.png,CAP,140,GATE_SHADOW,5,,,,44,,,,,,,,,,,,,,,"99,384,370,664",,,,,,,,,,,,"428,500,510,664",col,left,False,O,X,-,X,X,-,,,,,,,,,,,,,,,,,,,,,,,
475,Fig. 1,ID475__fig1.png,CAP,140,GATE_SHADOW_WHY,,,,,,,,,,,,,,,,,,,,"99,384,370,664",,,,,,,,,,,,"428,500,510,664",,,,,,,,,,"축 없음, 잉크 0.049","행 겹침 1.00, 패널 행 510-664, 조각 370-664",이 클립에서 캡션을 읽지 못했다,"건너는 간격 61 px, 패널 내부의 가장 큰 간격 18 px","밑변에 선 열 0.07, 축 범위 안 잉크 0.46 (교집합 0.46)",막대·눈금이 0→0개뿐이라 규칙성을 잴 수 없다,,,,,,,,,,,,,,,,,
475,Fig. 1,ID475__fig1.png,CAP,140,ORPHAN,,,,,,,,,,,,,,,,,,,,"138,172,695,708",34,13,NO_PANEL_IN_REACH,0,left 437px share 0.00 reach 34 [gap] [share] | overlap 0px share 0.00 reach 34 [share],,,,,,,,,,,,,,,,,,,,,,,,,,,,,,,,,,,,,,,
475,Fig. 1,ID475__fig1.png,CAP,140,PIECE_RELATION,,,,,,,,,,,,,,,,,,,,"138,172,695,708",,,,,,NO_SELECTED_PANEL_DESCENDANT,0,0,,,CONTAINMENT,,,,,,,,,,,,,,,,,,,,,,,,,,,,,,,,,
475,Fig. 1,ID475__fig1.png,CAP,140,ORPHAN,,,,,,,,,,,,,,,,,,,,"192,211,696,720",19,24,NO_PANEL_IN_REACH,0,left 398px share 0.00 reach 34 [gap] [share] | overlap 0px share 0.00 reach 34 [share],,,,,,,,,,,,,,,,,,,,,,,,,,,,,,,,,,,,,,,
475,Fig. 1,ID475__fig1.png,CAP,140,PIECE_RELATION,,,,,,,,,,,,,,,,,,,,"192,211,696,720",,,,,,NO_SELECTED_PANEL_DESCENDANT,0,0,,,CONTAINMENT,,,,,,,,,,,,,,,,,,,,,,,,,,,,,,,,,
475,Fig. 1,ID475__fig1.png,CAP,140,ORPHAN,,,,,,,,,,,,,,,,,,,,"130,469,949,975",339,26,NO_PANEL_IN_REACH,0,left 140px share 0.00 reach 34 [gap] [share] | overlap 0px share 0.00 reach 34 [share],,,,,,,,,,,,,,,,,,,,,,,,,,,,,,,,,,,,,,,
475,Fig. 1,ID475__fig1.png,CAP,140,PIECE_RELATION,,,,,,,,,,,,,,,,,,,,"130,469,949,975",,,,,,OPPOSITE_HALF_UNIQUE_PANEL,1,0,"92,527,739,930",,CONTAINMENT,,,,,,,,,,,,,,,,,,,,,,,,,,,,,,,,,
475,Fig. 1,ID475__fig1.png,CAP,140,AXIS_FALLBACK,,,,,,,,"92,527,739,930",444,96,96,0.95,leftmost column whose run is >= 0.95 of the longest (96 px),445:96px;444:96px;249:64px;248:64px;247:64px;482:63px,,,,,,,,,,,,,,,,,,,,,,,,,,,,,,,,,,,,,,,,,,,,,,,,,,
475,Fig. 1,ID475__fig1.png,CAP,140,AXIS_FALLBACK,,,,,,,,"92,527,739,930",444,96,96,0.95,leftmost column whose run is >= 0.95 of the longest (96 px),445:96px;444:96px;249:64px;248:64px;247:64px;482:63px,,,,,,,,,,,,,,,,,,,,,,,,,,,,,,,,,,,,,,,,,,,,,,,,,,
475,Fig. 1,ID475__fig1.png,CAP,140,AXIS_FALLBACK,,,,,,,,"92,527,739,930",444,96,96,0.95,leftmost column whose run is >= 0.95 of the longest (96 px),445:96px;444:96px;249:64px;248:64px;247:64px;482:63px,,,,,,,,,,,,,,,,,,,,,,,,,,,,,,,,,,,,,,,,,,,,,,,,,,
475,Fig. 1,ID475__fig1.png,CAP,140,GATE_SHADOW,8,,,,19,,,,,,,,,,,,,,,"130,469,949,975",,,,,,,,,,,,"92,527,739,930",row,below,False,O,X,-,O,O,-,,,,,,,,,,,,,,,,,,,,,,,
475,Fig. 1,ID475__fig1.png,CAP,140,GATE_SHADOW_WHY,,,,,,,,,,,,,,,,,,,,"130,469,949,975",,,,,,,,,,,,"92,527,739,930",,,,,,,,,,"축 없음, 잉크 0.143","행 겹침 -0.73, 패널 행 739-930, 조각 949-975",이 클립에서 캡션을 읽지 못했다,"건너는 간격 0 px, 패널 내부의 가장 큰 간격 0 px","밑변에 선 열 0.00, 축 범위 안 잉크 0.94 (교집합 0.00)",막대·눈금이 0→0개뿐이라 규칙성을 잴 수 없다,,,,,,,,,,,,,,,,,
475,Fig. 1,ID475__fig1.png,CAP,140,AXIS_FALLBACK,,,,,,,,"609,967,31,341",645,264,264,0.95,leftmost column whose run is >= 0.95 of the longest (264 px),645:264px;798:74px;797:74px;913:65px;912:65px;684:64px,,,,,,,,,,,,,,,,,,,,,,,,,,,,,,,,,,,,,,,,,,,,,,,,,,
475,Fig. 1,ID475__fig1.png,CAP,140,AXIS_FALLBACK,,,,,,,,"609,967,31,341",645,264,264,0.95,leftmost column whose run is >= 0.95 of the longest (264 px),645:264px;798:74px;797:74px;913:65px;912:65px;684:64px,,,,,,,,,,,,,,,,,,,,,,,,,,,,,,,,,,,,,,,,,,,,,,,,,,
475,Fig. 1,ID475__fig1.png,CAP,140,AXIS_FALLBACK,,,,,,,,"609,967,31,341",645,264,264,0.95,leftmost column whose run is >= 0.95 of the longest (264 px),645:264px;798:74px;797:74px;913:65px;912:65px;684:64px,,,,,,,,,,,,,,,,,,,,,,,,,,,,,,,,,,,,,,,,,,,,,,,,,,
475,Fig. 1,ID475__fig1.png,CAP,140,ORPHAN,,,,19,,,,,,,,,,,,,,,,"572,590,116,254",18,138,OFFERED,,,,,,,,,"609,967,31,341",,left,,,,,,,,,,,,,,34,,,,,,,,,,,,,,,,
475,Fig. 1,ID475__fig1.png,CAP,140,GATE,,,,19,,,,,,,,,,,,,,,,"572,590,116,254",,,,,,,,,,,,"609,967,31,341",,left,True,O,O,-,X,O,-,,,,,,,,,,,,,,,,,,,,,,,
475,Fig. 1,ID475__fig1.png,CAP,140,GATE_WHY,,,,,,,,,,,,,,,,,,,,"572,590,116,254",,,,,,,,,,,,"609,967,31,341",,,,,,,,,,"축 없음, 잉크 0.358","행 겹침 1.00, 패널 행 31-341, 조각 116-254",이 클립에서 캡션을 읽지 못했다,"건너는 간격 59 px, 패널 내부의 가장 큰 간격 1 px","밑변에 선 열 0.00, 축 범위 안 잉크 1.07 (교집합 1.00)",막대·눈금이 0→0개뿐이라 규칙성을 잴 수 없다,,,,,,,,,,,,,,,,,
475,Fig. 1,ID475__fig1.png,CAP,140,POST,,,,,,,,,,,,,,,,,,,,"572,590,116,254",,,ADOPTED,,,,,,,,,"609,967,31,341",,,,,,,,,,,,,,,,,"572,967,31,341",,,,,,,,,,,,,,,
475,Fig. 1,ID475__fig1.png,CAP,140,ORPHAN,,,,,,,,,,,,,,,,,,,,"604,944,640,669",340,29,NO_PANEL_IN_REACH,0,overlap 0px share 0.00 reach 34 [share] | right 104px share 0.83 reach 34 [gap],,,,,,,,,,,,,,,,,,,,,,,,,,,,,,,,,,,,,,,
475,Fig. 1,ID475__fig1.png,CAP,140,PIECE_RELATION,,,,,,,,,,,,,,,,,,,,"604,944,640,669",,,,,,OPPOSITE_HALF_UNIQUE_PANEL,1,0,"565,966,373,619",,CONTAINMENT,,,,,,,,,,,,,,,,,,,,,,,,,,,,,,,,,
475,Fig. 1,ID475__fig1.png,CAP,140,AXIS_FALLBACK,,,,,,,,"565,966,373,619",678,106,111,0.95,leftmost column whose run is >= 0.95 of the longest (111 px),912:111px;911:111px;796:108px;795:108px;678:106px;679:105px,,,,,,,,,,,,,,,,,,,,,,,,,,,,,,,,,,,,,,,,,,,,,,,,,,
475,Fig. 1,ID475__fig1.png,CAP,140,AXIS_FALLBACK,,,,,,,,"565,966,373,619",678,106,111,0.95,leftmost column whose run is >= 0.95 of the longest (111 px),912:111px;911:111px;796:108px;795:108px;678:106px;679:105px,,,,,,,,,,,,,,,,,,,,,,,,,,,,,,,,,,,,,,,,,,,,,,,,,,
475,Fig. 1,ID475__fig1.png,CAP,140,AXIS_FALLBACK,,,,,,,,"565,966,373,619",678,106,111,0.95,leftmost column whose run is >= 0.95 of the longest (111 px),912:111px;911:111px;796:108px;795:108px;678:106px;679:105px,,,,,,,,,,,,,,,,,,,,,,,,,,,,,,,,,,,,,,,,,,,,,,,,,,
475,Fig. 1,ID475__fig1.png,CAP,140,GATE_SHADOW,13,,,,21,,,,,,,,,,,,,,,"604,944,640,669",,,,,,,,,,,,"565,966,373,619",row,below,False,O,X,-,O,O,-,,,,,,,,,,,,,,,,,,,,,,,
475,Fig. 1,ID475__fig1.png,CAP,140,GATE_SHADOW_WHY,,,,,,,,,,,,,,,,,,,,"604,944,640,669",,,,,,,,,,,,"565,966,373,619",,,,,,,,,,"축 없음, 잉크 0.100","행 겹침 -0.72, 패널 행 373-619, 조각 640-669",이 클립에서 캡션을 읽지 못했다,"건너는 간격 0 px, 패널 내부의 가장 큰 간격 0 px","밑변에 선 열 0.00, 축 범위 안 잉크 2.43 (교집합 0.00)",막대·눈금이 1→1개뿐이라 규칙성을 잴 수 없다,,,,,,,,,,,,,,,,,
475,Fig. 1,ID475__fig1.png,CAP,140,AXIS_FALLBACK,,,,,,,,"92,527,739,930",444,96,96,0.95,leftmost column whose run is >= 0.95 of the longest (96 px),445:96px;444:96px;249:64px;248:64px;247:64px;482:63px,,,,,,,,,,,,,,,,,,,,,,,,,,,,,,,,,,,,,,,,,,,,,,,,,,
475,Fig. 1,ID475__fig1.png,CAP,140,AXIS_FALLBACK,,,,,,,,"92,527,739,930",444,96,96,0.95,leftmost column whose run is >= 0.95 of the longest (96 px),445:96px;444:96px;249:64px;248:64px;247:64px;482:63px,,,,,,,,,,,,,,,,,,,,,,,,,,,,,,,,,,,,,,,,,,,,,,,,,,
475,Fig. 1,ID475__fig1.png,CAP,140,AXIS_FALLBACK,,,,,,,,"92,527,739,930",444,96,96,0.95,leftmost column whose run is >= 0.95 of the longest (96 px),445:96px;444:96px;249:64px;248:64px;247:64px;482:63px,,,,,,,,,,,,,,,,,,,,,,,,,,,,,,,,,,,,,,,,,,,,,,,,,,
475,Fig. 1,ID475__fig1.png,CAP,140,ORPHAN,,,,26,,,,,,,,,,,,,,,,"553,743,695,981",190,286,OFFERED,,,,,,,,,"92,527,739,930",,right,,,,,,,,,,,,,,34,,,,,,,,,,,,,,,,
475,Fig. 1,ID475__fig1.png,CAP,140,GATE,,,,26,,,,,,,,,,,,,,,,"553,743,695,981",,,,,,,,,,,,"92,527,739,930",,right,False,O,X,-,X,X,-,,,,,,,,,,,,,,,,,,,,,,,
475,Fig. 1,ID475__fig1.png,CAP,140,GATE_WHY,,,,,,,,,,,,,,,,,,,,"553,743,695,981",,,,,,,,,,,,"92,527,739,930",,,,,,,,,,"축 없음, 잉크 0.071","행 겹침 1.00, 패널 행 739-930, 조각 695-981",이 클립에서 캡션을 읽지 못했다,"건너는 간격 38 px, 패널 내부의 가장 큰 간격 0 px","밑변에 선 열 0.39, 축 범위 안 잉크 0.33 (교집합 0.33)",막대·눈금이 0→0개뿐이라 규칙성을 잴 수 없다,,,,,,,,,,,,,,,,,
475,Fig. 1,ID475__fig1.png,CAP,140,ORPHAN,,,,,,,,,,,,,,,,,,,,"792,969,738,981",177,243,NO_PANEL_IN_REACH,0,overlap 0px share 1.00 reach 61 | right 265px share 1.00 reach 34 [gap],,,,,,,,,,,,,,,,,,,,,,,,,,,,,,,,,,,,,,,
475,Fig. 1,ID475__fig1.png,CAP,140,PIECE_RELATION,,,,,,,,,,,,,,,,,,,,"792,969,738,981",,,,,,NO_SELECTED_PANEL_DESCENDANT,0,0,,,CONTAINMENT,,,,,,,,,,,,,,,,,,,,,,,,,,,,,,,,,
475,Fig. 1,ID475__fig1.png,CAP,140,AXIS_CANDIDATES,,,,,,,,"191,490,27,145",,,,,no run long enough,,0,0,,370,35.4,,,,,,,,,,,,,,,,,,,,,,,,,,,,,,,,,,,,,,,,,,,,,
475,Fig. 1,ID475__fig1.png,CAP,140,AXIS_FALLBACK,,,,,,,,"191,490,27,145",482,66,66,0.95,leftmost column whose run is >= 0.95 of the longest (66 px),483:66px;482:66px;204:18px;198:18px;431:17px;430:17px,,,,,,,,,,,,,,,,,,,,,,,,,,,,,,,,,,,,,,,,,,,,,,,,,,
475,Fig. 1,ID475__fig1.png,CAP,140,AXIS_FALLBACK,,,,,,,,"191,490,27,145",482,66,66,0.95,leftmost column whose run is >= 0.95 of the longest (66 px),483:66px;482:66px;204:18px;198:18px;431:17px;430:17px,,,,,,,,,,,,,,,,,,,,,,,,,,,,,,,,,,,,,,,,,,,,,,,,,,
475,Fig. 1,ID475__fig1.png,CAP,140,AXIS_CANDIDATES,,,,,,,,"191,501,145,225",216,,,,no free run; leftmost of 7 clipped,216:171-226:clipped;217:171-226:clipped;236:176-225:clipped;237:174-226:clipped;269:174-226:clipped;270:175-225:clipped;352:172-226:clipped,0,7,171-226,377,24.0,,,,,,,,,,,,,,,,,,,,,,,,,,,,,,,,,,,,,,,,,,,,,
475,Fig. 1,ID475__fig1.png,CAP,140,AXIS_FALLBACK,,,,,,,,"191,501,145,225",466,80,80,0.95,leftmost column whose run is >= 0.95 of the longest (80 px),499:80px;467:80px;466:80px;500:79px;217:54px;216:54px,,,,,,,,,,,,,,,,,,,,,,,,,,,,,,,,,,,,,,,,,,,,,,,,,,
475,Fig. 1,ID475__fig1.png,CAP,140,AXIS_CANDIDATES,,,,,,,,"197,500,225,341",331,,,,no free run; leftmost of 2 clipped,331:224-277:clipped;332:224-277:clipped,0,2,224-277,378,34.8,,,,,,,,,,,,,,,,,,,,,,,,,,,,,,,,,,,,,,,,,,,,,
475,Fig. 1,ID475__fig1.png,CAP,140,AXIS_FALLBACK,,,,,,,,"197,500,225,341",446,68,68,0.95,leftmost column whose run is >= 0.95 of the longest (68 px),447:68px;446:68px;332:52px;331:52px;463:19px;462:19px,,,,,,,,,,,,,,,,,,,,,,,,,,,,,,,,,,,,,,,,,,,,,,,,,,
475,Fig. 1,ID475__fig1.png,CAP,140,AXIS_CANDIDATES,,,,,,,,"191,500,375,511",328,,,,no free run; leftmost of 2 clipped,328:448-512:clipped;329:448-512:clipped,0,2,448-512,376,40.8,,,,,,,,,,,,,,,,,,,,,,,,,,,,,,,,,,,,,,,,,,,,,
475,Fig. 1,ID475__fig1.png,CAP,140,AXIS_FALLBACK,,,,,,,,"191,500,375,511",328,63,63,0.95,leftmost column whose run is >= 0.95 of the longest (63 px),329:63px;328:63px;196:21px;195:20px;194:18px;193:15px,,,,,,,,,,,,,,,,,,,,,,,,,,,,,,,,,,,,,,,,,,,,,,,,,,
475,Fig. 1,ID475__fig1.png,CAP,140,AXIS_CANDIDATES,,,,,,,,"192,500,511,720",249,,,,leftmost of 2 free runs,249:559-627:free;250:559-627:free;212:510-575:clipped;213:510-575:clipped;349:510-576:clipped;350:510-576:clipped,2,4,559-627,376,62.7,,,,,,,,,,,,,,,,,,,,,,,,,,,,,,,,,,,,,,,,,,,,,
475,Fig. 1,ID475__fig1.png,CAP,140,AXIS_FALLBACK,,,,,,,,"192,500,511,720",445,119,119,0.95,leftmost column whose run is >= 0.95 of the longest (119 px),446:119px;445:119px;250:68px;249:68px;383:65px;382:65px,,,,,,,,,,,,,,,,,,,,,,,,,,,,,,,,,,,,,,,,,,,,,,,,,,
475,Fig. 1,ID475__fig1.png,CAP,140,AXIS_CANDIDATES,,,,,,,,"194,500,834,975",247,,,,leftmost of 5 free runs,247:852-916:free;248:852-916:free;249:852-916:free;364:865-921:free;365:865-921:free;327:834-879:clipped;328:834-879:clipped,5,2,852-916,377,42.3,,,,,,,,,,,,,,,,,,,,,,,,,,,,,,,,,,,,,,,,,,,,,
475,Fig. 1,ID475__fig1.png,CAP,140,AXIS_FALLBACK,,,,,,,,"194,500,834,975",444,117,117,0.95,leftmost column whose run is >= 0.95 of the longest (117 px),445:117px;444:117px;249:64px;248:64px;247:64px;482:63px,,,,,,,,,,,,,,,,,,,,,,,,,,,,,,,,,,,,,,,,,,,,,,,,,,
475,Fig. 1,ID475__fig1.png,CAP,140,ORPHAN,,,,,,,,,,,,,,,,,,,,"106,501,27,297",395,270,NO_PANEL_IN_REACH,0,overlap 0px share 1.00 reach 34,,,,,,,,,,,,,,,,,,,,,,,,,,,,,,,,,,,,,,,
475,Fig. 1,ID475__fig1.png,CAP,140,PIECE_RELATION,,,,,,,,,,,,,,,,,,,,"106,501,27,297",,,,,,SAME_HALF_NESTED_PANEL,0,2,,"191,490,27,145;191,501,145,225",CONTAINMENT,,,,,,,,,,,,,,,,,,,,,,,,,,,,,,,,,
475,Fig. 1,ID475__fig1.png,CAP,140,ORPHAN,,,,,,,,,,,,,,,,,,,,"142,487,317,341",345,24,NO_PANEL_IN_REACH,0,overlap 0px share 1.00 reach 34,,,,,,,,,,,,,,,,,,,,,,,,,,,,,,,,,,,,,,,
475,Fig. 1,ID475__fig1.png,CAP,140,PIECE_RELATION,,,,,,,,,,,,,,,,,,,,"142,487,317,341",,,,,,OPPOSITE_HALF_MULTIPLE_PANELS,2,0,"191,490,27,145;191,501,145,225",,CONTAINMENT,,,,,,,,,,,,,,,,,,,,,,,,,,,,,,,,,
475,Fig. 1,ID475__fig1.png,CAP,140,ORPHAN,,,,,,,,,,,,,,,,,,,,"99,384,370,664",285,294,NO_PANEL_IN_REACH,0,overlap 0px share 1.00 reach 44,,,,,,,,,,,,,,,,,,,,,,,,,,,,,,,,,,,,,,,
475,Fig. 1,ID475__fig1.png,CAP,140,PIECE_RELATION,,,,,,,,,,,,,,,,,,,,"99,384,370,664",,,,,,NO_SELECTED_PANEL_DESCENDANT,0,0,,,CONTAINMENT,,,,,,,,,,,,,,,,,,,,,,,,,,,,,,,,,
475,Fig. 1,ID475__fig1.png,CAP,140,AXIS_FALLBACK,,,,,,,,"192,500,511,720",445,119,119,0.95,leftmost column whose run is >= 0.95 of the longest (119 px),446:119px;445:119px;250:68px;249:68px;383:65px;382:65px,,,,,,,,,,,,,,,,,,,,,,,,,,,,,,,,,,,,,,,,,,,,,,,,,,
475,Fig. 1,ID475__fig1.png,CAP,140,AXIS_FALLBACK,,,,,,,,"192,500,511,720",445,119,119,0.95,leftmost column whose run is >= 0.95 of the longest (119 px),446:119px;445:119px;250:68px;249:68px;383:65px;382:65px,,,,,,,,,,,,,,,,,,,,,,,,,,,,,,,,,,,,,,,,,,,,,,,,,,
475,Fig. 1,ID475__fig1.png,CAP,140,AXIS_FALLBACK,,,,,,,,"192,500,511,720",445,119,119,0.95,leftmost column whose run is >= 0.95 of the longest (119 px),446:119px;445:119px;250:68px;249:68px;383:65px;382:65px,,,,,,,,,,,,,,,,,,,,,,,,,,,,,,,,,,,,,,,,,,,,,,,,,,
475,Fig. 1,ID475__fig1.png,CAP,140,ORPHAN,,,,20,,,,,,,,,,,,,,,,"138,172,695,708",34,13,OFFERED,,,,,,,,,"192,500,511,720",,left,,,,,,,,,,,,,,98,,,,,,,,,,,,,,,,
475,Fig. 1,ID475__fig1.png,CAP,140,GATE,,,,20,,,,,,,,,,,,,,,,"138,172,695,708",,,,,,,,,,,,"192,500,511,720",,left,True,O,O,-,O,O,-,,,,,,,,,,,,,,,,,,,,,,,
475,Fig. 1,ID475__fig1.png,CAP,140,GATE_WHY,,,,,,,,,,,,,,,,,,,,"138,172,695,708",,,,,,,,,,,,"192,500,511,720",,,,,,,,,,"축 없음, 잉크 0.186","행 겹침 1.00, 패널 행 511-720, 조각 695-708",이 클립에서 캡션을 읽지 못했다,"건너는 간격 87 px, 패널 내부의 가장 큰 간격 98 px","밑변에 선 열 0.00, 축 범위 안 잉크 2.05 (교집합 0.00)",막대·눈금이 0→0개뿐이라 규칙성을 잴 수 없다,,,,,,,,,,,,,,,,,
475,Fig. 1,ID475__fig1.png,CAP,140,POST,,,,,,,,,,,,,,,,,,,,"138,172,695,708",,,ADOPTED,,,,,,,,,"192,500,511,720",,,,,,,,,,,,,,,,,"138,500,511,720",,,,,,,,,,,,,,,
475,Fig. 1,ID475__fig1.png,CAP,140,ORPHAN,,,,,,,,,,,,,,,,,,,,"192,211,696,720",19,24,NO_PANEL_IN_REACH,0,overlap 0px share 1.00 reach 98,,,,,,,,,,,,,,,,,,,,,,,,,,,,,,,,,,,,,,,
475,Fig. 1,ID475__fig1.png,CAP,140,PIECE_RELATION,,,,,,,,,,,,,,,,,,,,"192,211,696,720",,,,,,NO_SELECTED_PANEL_DESCENDANT,0,0,,,CONTAINMENT,,,,,,,,,,,,,,,,,,,,,,,,,,,,,,,,,
475,Fig. 1,ID475__fig1.png,CAP,140,ORPHAN,,,,,,,,,,,,,,,,,,,,"130,469,949,975",339,26,NO_PANEL_IN_REACH,0,overlap 0px share 1.00 reach 34,,,,,,,,,,,,,,,,,,,,,,,,,,,,,,,,,,,,,,,
475,Fig. 1,ID475__fig1.png,CAP,140,PIECE_RELATION,,,,,,,,,,,,,,,,,,,,"130,469,949,975",,,,,,NO_SELECTED_PANEL_DESCENDANT,0,0,,,CONTAINMENT,,,,,,,,,,,,,,,,,,,,,,,,,,,,,,,,,
475,Fig. 1,ID475__fig1.png,CAP,140,ORPHAN,,,,,,,,,,,,,,,,,,,,"572,590,116,254",18,138,NO_PANEL_IN_REACH,0,right 71px share 1.00 reach 34 [gap],,,,,,,,,,,,,,,,,,,,,,,,,,,,,,,,,,,,,,,
475,Fig. 1,ID475__fig1.png,CAP,140,PIECE_RELATION,,,,,,,,,,,,,,,,,,,,"572,590,116,254",,,,,,NO_SELECTED_PANEL_DESCENDANT,0,0,,,CONTAINMENT,,,,,,,,,,,,,,,,,,,,,,,,,,,,,,,,,
475,Fig. 1,ID475__fig1.png,CAP,140,ORPHAN,,,,,,,,,,,,,,,,,,,,"573,587,262,273",14,11,NO_PANEL_IN_REACH,0,right 73px share 1.00 reach 34 [gap],,,,,,,,,,,,,,,,,,,,,,,,,,,,,,,,,,,,,,,
475,Fig. 1,ID475__fig1.png,CAP,140,PIECE_RELATION,,,,,,,,,,,,,,,,,,,,"573,587,262,273",,,,,,NO_SELECTED_PANEL_DESCENDANT,0,0,,,CONTAINMENT,,,,,,,,,,,,,,,,,,,,,,,,,,,,,,,,,
475,Fig. 1,ID475__fig1.png,CAP,140,ORPHAN,,,,,,,,,,,,,,,,,,,,"604,944,640,669",340,29,NO_PANEL_IN_REACH,0,right 104px share 1.00 reach 98 [gap],,,,,,,,,,,,,,,,,,,,,,,,,,,,,,,,,,,,,,,
475,Fig. 1,ID475__fig1.png,CAP,140,PIECE_RELATION,,,,,,,,,,,,,,,,,,,,"604,944,640,669",,,,,,NO_SELECTED_PANEL_DESCENDANT,0,0,,,CONTAINMENT,,,,,,,,,,,,,,,,,,,,,,,,,,,,,,,,,
475,Fig. 1,ID475__fig1.png,CAP,140,ORPHAN,,,,,,,,,,,,,,,,,,,,"553,743,695,981",190,286,NO_PANEL_IN_REACH,0,right 53px share 1.00 reach 34 [gap],,,,,,,,,,,,,,,,,,,,,,,,,,,,,,,,,,,,,,,
475,Fig. 1,ID475__fig1.png,CAP,140,PIECE_RELATION,,,,,,,,,,,,,,,,,,,,"553,743,695,981",,,,,,NO_SELECTED_PANEL_DESCENDANT,0,0,,,CONTAINMENT,,,,,,,,,,,,,,,,,,,,,,,,,,,,,,,,,
475,Fig. 1,ID475__fig1.png,CAP,140,ORPHAN,,,,,,,,,,,,,,,,,,,,"792,969,738,981",177,243,NO_PANEL_IN_REACH,0,right 292px share 1.00 reach 34 [gap],,,,,,,,,,,,,,,,,,,,,,,,,,,,,,,,,,,,,,,
475,Fig. 1,ID475__fig1.png,CAP,140,PIECE_RELATION,,,,,,,,,,,,,,,,,,,,"792,969,738,981",,,,,,NO_SELECTED_PANEL_DESCENDANT,0,0,,,CONTAINMENT,,,,,,,,,,,,,,,,,,,,,,,,,,,,,,,,,
475,Fig. 1,ID475__fig1.png,CAP,140,AXIS_FALLBACK,,,,,,,,"609,967,31,341",645,264,264,0.95,leftmost column whose run is >= 0.95 of the longest (264 px),645:264px;798:74px;797:74px;913:65px;912:65px;684:64px,,,,,,,,,,,,,,,,,,,,,,,,,,,,,,,,,,,,,,,,,,,,,,,,,,
475,Fig. 1,ID475__fig1.png,CAP,140,AXIS_FALLBACK,,,,,,,,"565,966,373,619",678,106,111,0.95,leftmost column whose run is >= 0.95 of the longest (111 px),912:111px;911:111px;796:108px;795:108px;678:106px;679:105px,,,,,,,,,,,,,,,,,,,,,,,,,,,,,,,,,,,,,,,,,,,,,,,,,,
475,Fig. 1,ID475__fig1.png,CAP,140,AXIS_FALLBACK,,,,,,,,"92,527,739,930",444,96,96,0.95,leftmost column whose run is >= 0.95 of the longest (96 px),445:96px;444:96px;249:64px;248:64px;247:64px;482:63px,,,,,,,,,,,,,,,,,,,,,,,,,,,,,,,,,,,,,,,,,,,,,,,,,,
475,Fig. 1,ID475__fig1.png,CAP,140,AXIS_FALLBACK,,,,,,,,"428,500,510,664",445,120,120,0.95,leftmost column whose run is >= 0.95 of the longest (120 px),446:120px;445:120px;499:63px;482:63px;481:63px;466:63px,,,,,,,,,,,,,,,,,,,,,,,,,,,,,,,,,,,,,,,,,,,,,,,,,,
475,Fig. 1,ID475__fig1.png,CAP,140,AXIS_FALLBACK,,,,,,,,"609,967,738,938",679,102,103,0.95,leftmost column whose run is >= 0.95 of the longest (103 px),797:103px;796:103px;680:102px;679:102px;914:99px;913:99px,,,,,,,,,,,,,,,,,,,,,,,,,,,,,,,,,,,,,,,,,,,,,,,,,,
475,Fig. 1,ID475__fig1.png,CAP,140,AXIS_FALLBACK,,,,,,,,"565,966,738,938",679,102,103,0.95,leftmost column whose run is >= 0.95 of the longest (103 px),797:103px;796:103px;680:102px;679:102px;914:99px;913:99px,,,,,,,,,,,,,,,,,,,,,,,,,,,,,,,,,,,,,,,,,,,,,,,,,,
475,Fig. 1,ID475__fig1.png,CAP,140,AXIS_FALLBACK,,,,,,,,"572,967,31,341",645,264,264,0.95,leftmost column whose run is >= 0.95 of the longest (264 px),645:264px;798:74px;797:74px;913:65px;912:65px;684:64px,,,,,,,,,,,,,,,,,,,,,,,,,,,,,,,,,,,,,,,,,,,,,,,,,,
475,Fig. 1,ID475__fig1.png,CAP,140,AXIS_FALLBACK,,,,,,,,"191,490,27,145",482,66,66,0.95,leftmost column whose run is >= 0.95 of the longest (66 px),483:66px;482:66px;204:18px;198:18px;431:17px;430:17px,,,,,,,,,,,,,,,,,,,,,,,,,,,,,,,,,,,,,,,,,,,,,,,,,,
475,Fig. 1,ID475__fig1.png,CAP,140,AXIS_FALLBACK,,,,,,,,"191,501,145,225",466,80,80,0.95,leftmost column whose run is >= 0.95 of the longest (80 px),499:80px;467:80px;466:80px;500:79px;217:54px;216:54px,,,,,,,,,,,,,,,,,,,,,,,,,,,,,,,,,,,,,,,,,,,,,,,,,,
475,Fig. 1,ID475__fig1.png,CAP,140,AXIS_FALLBACK,,,,,,,,"197,500,225,341",446,68,68,0.95,leftmost column whose run is >= 0.95 of the longest (68 px),447:68px;446:68px;332:52px;331:52px;463:19px;462:19px,,,,,,,,,,,,,,,,,,,,,,,,,,,,,,,,,,,,,,,,,,,,,,,,,,
475,Fig. 1,ID475__fig1.png,CAP,140,AXIS_FALLBACK,,,,,,,,"191,500,375,511",328,63,63,0.95,leftmost column whose run is >= 0.95 of the longest (63 px),329:63px;328:63px;196:21px;195:20px;194:18px;193:15px,,,,,,,,,,,,,,,,,,,,,,,,,,,,,,,,,,,,,,,,,,,,,,,,,,
475,Fig. 1,ID475__fig1.png,CAP,140,AXIS_FALLBACK,,,,,,,,"192,500,511,720",445,119,119,0.95,leftmost column whose run is >= 0.95 of the longest (119 px),446:119px;445:119px;250:68px;249:68px;383:65px;382:65px,,,,,,,,,,,,,,,,,,,,,,,,,,,,,,,,,,,,,,,,,,,,,,,,,,
475,Fig. 1,ID475__fig1.png,CAP,140,AXIS_FALLBACK,,,,,,,,"194,500,834,975",444,117,117,0.95,leftmost column whose run is >= 0.95 of the longest (117 px),445:117px;444:117px;249:64px;248:64px;247:64px;482:63px,,,,,,,,,,,,,,,,,,,,,,,,,,,,,,,,,,,,,,,,,,,,,,,,,,
475,Fig. 1,ID475__fig1.png,CAP,140,AXIS_FALLBACK,,,,,,,,"138,500,511,720",445,119,119,0.95,leftmost column whose run is >= 0.95 of the longest (119 px),446:119px;445:119px;250:68px;249:68px;383:65px;382:65px,,,,,,,,,,,,,,,,,,,,,,,,,,,,,,,,,,,,,,,,,,,,,,,,,,
475,Fig. 1,ID475__fig1.png,GRID,140,CUT,1,col,0,501-554,53,"0,527,0,1020","527,1054,0,1020",,,,,,,,,,,,,,,,,,,,,,,,,,,,,,,,,,,,,,,,,,,,,,,,,,,,,,,,,
475,Fig. 1,ID475__fig1.png,GRID,140,CUT,2,row,1,664-695,31,"0,527,0,679","0,527,679,1020",,,,,,,,,,,,,,,,,,,,,,,,,,,,,,,,,,,,,,,,,,,,,,,,,,,,,,,,,
475,Fig. 1,ID475__fig1.png,GRID,140,CUT,3,row,2,341-370,29,"0,527,0,355","0,527,355,679",,,,,,,,,,,,,,,,,,,,,,,,,,,,,,,,,,,,,,,,,,,,,,,,,,,,,,,,,
475,Fig. 1,ID475__fig1.png,GRID,140,CUT,4,row,3,297-317,20,"0,527,0,307","0,527,307,355",,,,,,,,,,,,,,,,,,,,,,,,,,,,,,,,,,,,,,,,,,,,,,,,,,,,,,,,,
475,Fig. 1,ID475__fig1.png,GRID,140,CUT,5,col,3,384-428,44,"0,406,355,679","406,527,355,679",,,,,,,,,,,,,,,,,,,,,,,,,,,,,,,,,,,,,,,,,,,,,,,,,,,,,,,,,
475,Fig. 1,ID475__fig1.png,GRID,140,CUT,6,row,2,720-739,19,"0,527,679,729","0,527,729,1020",,,,,,,,,,,,,,,,,,,,,,,,,,,,,,,,,,,,,,,,,,,,,,,,,,,,,,,,,
475,Fig. 1,ID475__fig1.png,GRID,140,CUT,7,col,3,172-192,20,"0,182,679,729","182,527,679,729",,,,,,,,,,,,,,,,,,,,,,,,,,,,,,,,,,,,,,,,,,,,,,,,,,,,,,,,,
475,Fig. 1,ID475__fig1.png,GRID,140,CUT,8,row,3,930-949,19,"0,527,729,939","0,527,939,1020",,,,,,,,,,,,,,,,,,,,,,,,,,,,,,,,,,,,,,,,,,,,,,,,,,,,,,,,,
475,Fig. 1,ID475__fig1.png,GRID,140,CUT,9,row,1,341-373,32,"527,1054,0,357","527,1054,357,1020",,,,,,,,,,,,,,,,,,,,,,,,,,,,,,,,,,,,,,,,,,,,,,,,,,,,,,,,,
475,Fig. 1,ID475__fig1.png,GRID,140,CUT,10,col,2,590-609,19,"527,599,0,357","599,1054,0,357",,,,,,,,,,,,,,,,,,,,,,,,,,,,,,,,,,,,,,,,,,,,,,,,,,,,,,,,,
475,Fig. 1,ID475__fig1.png,GRID,140,CUT,11,row,3,254-262,8,"527,599,0,258","527,599,258,357",,,,,,,,,,,,,,,,,,,,,,,,,,,,,,,,,,,,,,,,,,,,,,,,,,,,,,,,,
475,Fig. 1,ID475__fig1.png,GRID,140,CUT,12,row,2,669-695,26,"527,1054,357,682","527,1054,682,1020",,,,,,,,,,,,,,,,,,,,,,,,,,,,,,,,,,,,,,,,,,,,,,,,,,,,,,,,,
475,Fig. 1,ID475__fig1.png,GRID,140,CUT,13,row,3,619-640,21,"527,1054,357,629","527,1054,629,682",,,,,,,,,,,,,,,,,,,,,,,,,,,,,,,,,,,,,,,,,,,,,,,,,,,,,,,,,
475,Fig. 1,ID475__fig1.png,GRID,140,CUT,14,col,3,743-792,49,"527,767,682,1020","767,1054,682,1020",,,,,,,,,,,,,,,,,,,,,,,,,,,,,,,,,,,,,,,,,,,,,,,,,,,,,,,,,
475,Fig. 1,ID475__fig1.png,GRID,140,AXIS_FALLBACK,,,,,,,,"92,527,739,930",444,96,96,0.95,leftmost column whose run is >= 0.95 of the longest (96 px),445:96px;444:96px;249:64px;248:64px;247:64px;482:63px,,,,,,,,,,,,,,,,,,,,,,,,,,,,,,,,,,,,,,,,,,,,,,,,,,
475,Fig. 1,ID475__fig1.png,GRID,140,AXIS_FALLBACK,,,,,,,,"609,967,31,341",645,264,264,0.95,leftmost column whose run is >= 0.95 of the longest (264 px),645:264px;798:74px;797:74px;913:65px;912:65px;684:64px,,,,,,,,,,,,,,,,,,,,,,,,,,,,,,,,,,,,,,,,,,,,,,,,,,
475,Fig. 1,ID475__fig1.png,GRID,140,AXIS_FALLBACK,,,,,,,,"565,966,373,619",678,106,111,0.95,leftmost column whose run is >= 0.95 of the longest (111 px),912:111px;911:111px;796:108px;795:108px;678:106px;679:105px,,,,,,,,,,,,,,,,,,,,,,,,,,,,,,,,,,,,,,,,,,,,,,,,,,
475,Fig. 1,ID475__fig1.png,GRID,140,AXIS_FALLBACK,,,,,,,,"660,969,517,841",678,102,102,0.95,leftmost column whose run is >= 0.95 of the longest (102 px),678:102px;679:101px;914:99px;913:99px;949:46px;948:46px,,,,,,,,,,,,,,,,,,,,,,,,,,,,,,,,,,,,,,,,,,,,,,,,,,
475,Fig. 1,ID475__fig1.png,GRID,140,AXIS_FALLBACK,,,,,,,,"644,966,231,519",795,108,111,0.95,leftmost column whose run is >= 0.95 of the longest (111 px),912:111px;911:111px;796:108px;795:108px;645:96px;798:70px,,,,,,,,,,,,,,,,,,,,,,,,,,,,,,,,,,,,,,,,,,,,,,,,,,
475,Fig. 1,ID475__fig1.png,GRID,140,AXIS_FALLBACK,,,,,,,,"644,1023,31,233",645,170,170,0.95,leftmost column whose run is >= 0.95 of the longest (170 px),645:170px;950:61px;949:61px;948:61px;736:58px;703:58px,,,,,,,,,,,,,,,,,,,,,,,,,,,,,,,,,,,,,,,,,,,,,,,,,,
475,Fig. 1,ID475__fig1.png,GRID,140,AXIS_FALLBACK,,,,,,,,"428,500,510,664",445,120,120,0.95,leftmost column whose run is >= 0.95 of the longest (120 px),446:120px;445:120px;499:63px;482:63px;481:63px;466:63px,,,,,,,,,,,,,,,,,,,,,,,,,,,,,,,,,,,,,,,,,,,,,,,,,,
475,Fig. 1,ID475__fig1.png,GRID,140,AXIS_FALLBACK,,,,,,,,"92,527,739,930",444,96,96,0.95,leftmost column whose run is >= 0.95 of the longest (96 px),445:96px;444:96px;249:64px;248:64px;247:64px;482:63px,,,,,,,,,,,,,,,,,,,,,,,,,,,,,,,,,,,,,,,,,,,,,,,,,,
475,Fig. 1,ID475__fig1.png,GRID,140,AXIS_FALLBACK,,,,,,,,"609,967,31,341",645,264,264,0.95,leftmost column whose run is >= 0.95 of the longest (264 px),645:264px;798:74px;797:74px;913:65px;912:65px;684:64px,,,,,,,,,,,,,,,,,,,,,,,,,,,,,,,,,,,,,,,,,,,,,,,,,,
475,Fig. 1,ID475__fig1.png,GRID,140,AXIS_FALLBACK,,,,,,,,"565,966,373,619",678,106,111,0.95,leftmost column whose run is >= 0.95 of the longest (111 px),912:111px;911:111px;796:108px;795:108px;678:106px;679:105px,,,,,,,,,,,,,,,,,,,,,,,,,,,,,,,,,,,,,,,,,,,,,,,,,,
475,Fig. 1,ID475__fig1.png,GRID,140,AXIS_CANDIDATES,,,,,,,,"660,969,517,841",678,,,,no free run; leftmost of 2 clipped,678:513-619:clipped;679:513-618:clipped,0,2,513-619,845,97.2,,,,,,,,,,,,,,,,,,,,,,,,,,,,,,,,,,,,,,,,,,,,,
475,Fig. 1,ID475__fig1.png,GRID,140,AXIS_FALLBACK,,,,,,,,"660,969,517,841",678,102,102,0.95,leftmost column whose run is >= 0.95 of the longest (102 px),678:102px;679:101px;914:99px;913:99px;949:46px;948:46px,,,,,,,,,,,,,,,,,,,,,,,,,,,,,,,,,,,,,,,,,,,,,,,,,,
475,Fig. 1,ID475__fig1.png,GRID,140,AXIS_CANDIDATES,,,,,,,,"644,966,231,519",795,,,,leftmost of 2 free runs,795:406-514:free;796:406-514:free;645:63-327:clipped,2,1,406-514,837,86.4,,,,,,,,,,,,,,,,,,,,,,,,,,,,,,,,,,,,,,,,,,,,,
475,Fig. 1,ID475__fig1.png,GRID,140,AXIS_FALLBACK,,,,,,,,"644,966,231,519",795,108,111,0.95,leftmost column whose run is >= 0.95 of the longest (111 px),912:111px;911:111px;796:108px;795:108px;645:96px;798:70px,,,,,,,,,,,,,,,,,,,,,,,,,,,,,,,,,,,,,,,,,,,,,,,,,,
475,Fig. 1,ID475__fig1.png,GRID,140,AXIS_CANDIDATES,,,,,,,,"644,1023,31,233",645,,,,no free run; leftmost of 1 clipped,645:63-327:clipped,0,1,63-327,871,60.6,,,,,,,,,,,,,,,,,,,,,,,,,,,,,,,,,,,,,,,,,,,,,
475,Fig. 1,ID475__fig1.png,GRID,140,AXIS_FALLBACK,,,,,,,,"644,1023,31,233",645,170,170,0.95,leftmost column whose run is >= 0.95 of the longest (170 px),645:170px;950:61px;949:61px;948:61px;736:58px;703:58px,,,,,,,,,,,,,,,,,,,,,,,,,,,,,,,,,,,,,,,,,,,,,,,,,,
475,Fig. 1,ID475__fig1.png,GRID,140,ORPHAN,,,,,,,,,,,,,,,,,,,,"106,501,27,297",395,270,NO_PANEL_IN_REACH,0,left 143px share 1.00 reach 34 [gap],,,,,,,,,,,,,,,,,,,,,,,,,,,,,,,,,,,,,,,
475,Fig. 1,ID475__fig1.png,GRID,140,PIECE_RELATION,,,,,,,,,,,,,,,,,,,,"106,501,27,297",,,,,,NO_SELECTED_PANEL_DESCENDANT,0,0,,,CONTAINMENT,,,,,,,,,,,,,,,,,,,,,,,,,,,,,,,,,
475,Fig. 1,ID475__fig1.png,GRID,140,ORPHAN,,,,,,,,,,,,,,,,,,,,"142,487,317,341",345,24,NO_PANEL_IN_REACH,0,left 157px share 1.00 reach 34 [gap],,,,,,,,,,,,,,,,,,,,,,,,,,,,,,,,,,,,,,,
475,Fig. 1,ID475__fig1.png,GRID,140,PIECE_RELATION,,,,,,,,,,,,,,,,,,,,"142,487,317,341",,,,,,NO_SELECTED_PANEL_DESCENDANT,0,0,,,CONTAINMENT,,,,,,,,,,,,,,,,,,,,,,,,,,,,,,,,,
475,Fig. 1,ID475__fig1.png,GRID,140,ORPHAN,,,,,,,,,,,,,,,,,,,,"99,384,370,664",285,294,NO_PANEL_IN_REACH,0,left 260px share 0.52 reach 34 [gap],,,,,,,,,,,,,,,,,,,,,,,,,,,,,,,,,,,,,,,
475,Fig. 1,ID475__fig1.png,GRID,140,PIECE_RELATION,,,,,,,,,,,,,,,,,,,,"99,384,370,664",,,,,,NO_SELECTED_PANEL_DESCENDANT,0,0,,,CONTAINMENT,,,,,,,,,,,,,,,,,,,,,,,,,,,,,,,,,
475,Fig. 1,ID475__fig1.png,GRID,140,ORPHAN,,,,,,,,,,,,,,,,,,,,"138,172,695,708",34,13,NO_PANEL_IN_REACH,0,left 488px share 1.00 reach 61 [gap],,,,,,,,,,,,,,,,,,,,,,,,,,,,,,,,,,,,,,,
475,Fig. 1,ID475__fig1.png,GRID,140,PIECE_RELATION,,,,,,,,,,,,,,,,,,,,"138,172,695,708",,,,,,NO_SELECTED_PANEL_DESCENDANT,0,0,,,CONTAINMENT,,,,,,,,,,,,,,,,,,,,,,,,,,,,,,,,,
475,Fig. 1,ID475__fig1.png,GRID,140,ORPHAN,,,,,,,,,,,,,,,,,,,,"192,211,696,720",19,24,NO_PANEL_IN_REACH,0,left 449px share 1.00 reach 61 [gap],,,,,,,,,,,,,,,,,,,,,,,,,,,,,,,,,,,,,,,
475,Fig. 1,ID475__fig1.png,GRID,140,PIECE_RELATION,,,,,,,,,,,,,,,,,,,,"192,211,696,720",,,,,,NO_SELECTED_PANEL_DESCENDANT,0,0,,,CONTAINMENT,,,,,,,,,,,,,,,,,,,,,,,,,,,,,,,,,
475,Fig. 1,ID475__fig1.png,GRID,140,ORPHAN,,,,,,,,,,,,,,,,,,,,"130,469,949,975",339,26,NO_PANEL_IN_REACH,0,left 191px share 0.00 reach 61 [gap] [share],,,,,,,,,,,,,,,,,,,,,,,,,,,,,,,,,,,,,,,
475,Fig. 1,ID475__fig1.png,GRID,140,PIECE_RELATION,,,,,,,,,,,,,,,,,,,,"130,469,949,975",,,,,,NO_SELECTED_PANEL_DESCENDANT,0,0,,,CONTAINMENT,,,,,,,,,,,,,,,,,,,,,,,,,,,,,,,,,
475,Fig. 1,ID475__fig1.png,GRID,140,ORPHAN,,,,,,,,,,,,,,,,,,,,"572,590,116,254",18,138,NO_PANEL_IN_REACH,0,left 54px share 0.85 reach 34 [gap],,,,,,,,,,,,,,,,,,,,,,,,,,,,,,,,,,,,,,,
475,Fig. 1,ID475__fig1.png,GRID,140,PIECE_RELATION,,,,,,,,,,,,,,,,,,,,"572,590,116,254",,,,,,NO_SELECTED_PANEL_DESCENDANT,0,0,,,CONTAINMENT,,,,,,,,,,,,,,,,,,,,,,,,,,,,,,,,,
475,Fig. 1,ID475__fig1.png,GRID,140,ORPHAN,,,,,,,,,,,,,,,,,,,,"573,587,262,273",14,11,NO_PANEL_IN_REACH,0,left 57px share 1.00 reach 34 [gap],,,,,,,,,,,,,,,,,,,,,,,,,,,,,,,,,,,,,,,
475,Fig. 1,ID475__fig1.png,GRID,140,PIECE_RELATION,,,,,,,,,,,,,,,,,,,,"573,587,262,273",,,,,,NO_SELECTED_PANEL_DESCENDANT,0,0,,,CONTAINMENT,,,,,,,,,,,,,,,,,,,,,,,,,,,,,,,,,
475,Fig. 1,ID475__fig1.png,GRID,140,ORPHAN,,,,,,,,,,,,,,,,,,,,"604,944,640,669",340,29,NO_PANEL_IN_REACH,0,overlap 0px share 1.00 reach 61,,,,,,,,,,,,,,,,,,,,,,,,,,,,,,,,,,,,,,,
475,Fig. 1,ID475__fig1.png,GRID,140,PIECE_RELATION,,,,,,,,,,,,,,,,,,,,"604,944,640,669",,,,,,NO_SELECTED_PANEL_DESCENDANT,0,0,,,CONTAINMENT,,,,,,,,,,,,,,,,,,,,,,,,,,,,,,,,,
475,Fig. 1,ID475__fig1.png,GRID,140,ORPHAN,,,,,,,,,,,,,,,,,,,,"553,743,695,981",190,286,NO_PANEL_IN_REACH,0,overlap 0px share 0.51 reach 61,,,,,,,,,,,,,,,,,,,,,,,,,,,,,,,,,,,,,,,
475,Fig. 1,ID475__fig1.png,GRID,140,PIECE_RELATION,,,,,,,,,,,,,,,,,,,,"553,743,695,981",,,,,,NO_SELECTED_PANEL_DESCENDANT,0,0,,,CONTAINMENT,,,,,,,,,,,,,,,,,,,,,,,,,,,,,,,,,
475,Fig. 1,ID475__fig1.png,GRID,140,ORPHAN,,,,,,,,,,,,,,,,,,,,"792,969,738,981",177,243,NO_PANEL_IN_REACH,0,overlap 0px share 0.42 reach 61 [share],,,,,,,,,,,,,,,,,,,,,,,,,,,,,,,,,,,,,,,
475,Fig. 1,ID475__fig1.png,GRID,140,PIECE_RELATION,,,,,,,,,,,,,,,,,,,,"792,969,738,981",,,,,,NO_SELECTED_PANEL_DESCENDANT,0,0,,,CONTAINMENT,,,,,,,,,,,,,,,,,,,,,,,,,,,,,,,,,
475,Fig. 1,ID475__fig1.png,GRID,140,AXIS_CANDIDATES,,,,,,,,"191,490,27,145",,,,,no run long enough,,0,0,,370,35.4,,,,,,,,,,,,,,,,,,,,,,,,,,,,,,,,,,,,,,,,,,,,,
475,Fig. 1,ID475__fig1.png,GRID,140,AXIS_FALLBACK,,,,,,,,"191,490,27,145",482,66,66,0.95,leftmost column whose run is >= 0.95 of the longest (66 px),483:66px;482:66px;204:18px;198:18px;431:17px;430:17px,,,,,,,,,,,,,,,,,,,,,,,,,,,,,,,,,,,,,,,,,,,,,,,,,,
475,Fig. 1,ID475__fig1.png,GRID,140,AXIS_FALLBACK,,,,,,,,"191,490,27,145",482,66,66,0.95,leftmost column whose run is >= 0.95 of the longest (66 px),483:66px;482:66px;204:18px;198:18px;431:17px;430:17px,,,,,,,,,,,,,,,,,,,,,,,,,,,,,,,,,,,,,,,,,,,,,,,,,,
475,Fig. 1,ID475__fig1.png,GRID,140,AXIS_CANDIDATES,,,,,,,,"191,501,145,225",216,,,,no free run; leftmost of 7 clipped,216:171-226:clipped;217:171-226:clipped;236:176-225:clipped;237:174-226:clipped;269:174-226:clipped;270:175-225:clipped;352:172-226:clipped,0,7,171-226,377,24.0,,,,,,,,,,,,,,,,,,,,,,,,,,,,,,,,,,,,,,,,,,,,,
475,Fig. 1,ID475__fig1.png,GRID,140,AXIS_FALLBACK,,,,,,,,"191,501,145,225",466,80,80,0.95,leftmost column whose run is >= 0.95 of the longest (80 px),499:80px;467:80px;466:80px;500:79px;217:54px;216:54px,,,,,,,,,,,,,,,,,,,,,,,,,,,,,,,,,,,,,,,,,,,,,,,,,,
475,Fig. 1,ID475__fig1.png,GRID,140,AXIS_CANDIDATES,,,,,,,,"197,500,225,341",331,,,,no free run; leftmost of 2 clipped,331:224-277:clipped;332:224-277:clipped,0,2,224-277,378,34.8,,,,,,,,,,,,,,,,,,,,,,,,,,,,,,,,,,,,,,,,,,,,,
475,Fig. 1,ID475__fig1.png,GRID,140,AXIS_FALLBACK,,,,,,,,"197,500,225,341",446,68,68,0.95,leftmost column whose run is >= 0.95 of the longest (68 px),447:68px;446:68px;332:52px;331:52px;463:19px;462:19px,,,,,,,,,,,,,,,,,,,,,,,,,,,,,,,,,,,,,,,,,,,,,,,,,,
475,Fig. 1,ID475__fig1.png,GRID,140,AXIS_CANDIDATES,,,,,,,,"191,500,375,511",328,,,,no free run; leftmost of 2 clipped,328:448-512:clipped;329:448-512:clipped,0,2,448-512,376,40.8,,,,,,,,,,,,,,,,,,,,,,,,,,,,,,,,,,,,,,,,,,,,,
475,Fig. 1,ID475__fig1.png,GRID,140,AXIS_FALLBACK,,,,,,,,"191,500,375,511",328,63,63,0.95,leftmost column whose run is >= 0.95 of the longest (63 px),329:63px;328:63px;196:21px;195:20px;194:18px;193:15px,,,,,,,,,,,,,,,,,,,,,,,,,,,,,,,,,,,,,,,,,,,,,,,,,,
475,Fig. 1,ID475__fig1.png,GRID,140,AXIS_CANDIDATES,,,,,,,,"192,500,511,720",249,,,,leftmost of 2 free runs,249:559-627:free;250:559-627:free;212:510-575:clipped;213:510-575:clipped;349:510-576:clipped;350:510-576:clipped,2,4,559-627,376,62.7,,,,,,,,,,,,,,,,,,,,,,,,,,,,,,,,,,,,,,,,,,,,,
475,Fig. 1,ID475__fig1.png,GRID,140,AXIS_FALLBACK,,,,,,,,"192,500,511,720",445,119,119,0.95,leftmost column whose run is >= 0.95 of the longest (119 px),446:119px;445:119px;250:68px;249:68px;383:65px;382:65px,,,,,,,,,,,,,,,,,,,,,,,,,,,,,,,,,,,,,,,,,,,,,,,,,,
475,Fig. 1,ID475__fig1.png,GRID,140,AXIS_CANDIDATES,,,,,,,,"194,500,834,975",247,,,,leftmost of 5 free runs,247:852-916:free;248:852-916:free;249:852-916:free;364:865-921:free;365:865-921:free;327:834-879:clipped;328:834-879:clipped,5,2,852-916,377,42.3,,,,,,,,,,,,,,,,,,,,,,,,,,,,,,,,,,,,,,,,,,,,,
475,Fig. 1,ID475__fig1.png,GRID,140,AXIS_FALLBACK,,,,,,,,"194,500,834,975",444,117,117,0.95,leftmost column whose run is >= 0.95 of the longest (117 px),445:117px;444:117px;249:64px;248:64px;247:64px;482:63px,,,,,,,,,,,,,,,,,,,,,,,,,,,,,,,,,,,,,,,,,,,,,,,,,,
475,Fig. 1,ID475__fig1.png,GRID,140,AXIS_CANDIDATES,,,,,,,,"703,967,179,227",703,,,,no free run; leftmost of 5 clipped,703:170-228:clipped;736:170-228:clipped;818:178-228:clipped;850:178-228:clipped;851:178-228:clipped,0,5,170-228,861,14.4,,,,,,,,,,,,,,,,,,,,,,,,,,,,,,,,,,,,,,,,,,,,,
475,Fig. 1,ID475__fig1.png,GRID,140,AXIS_FALLBACK,,,,,,,,"703,967,179,227",703,48,48,0.95,leftmost column whose run is >= 0.95 of the longest (48 px),851:48px;850:48px;818:48px;736:48px;703:48px;966:40px,,,,,,,,,,,,,,,,,,,,,,,,,,,,,,,,,,,,,,,,,,,,,,,,,,
475,Fig. 1,ID475__fig1.png,GRID,140,AXIS_CANDIDATES,,,,,,,,"660,969,227,341",683,,,,no free run; leftmost of 4 clipped,683:227-291:clipped;684:227-291:clipped;797:227-301:clipped;798:227-301:clipped,0,4,227-291,845,34.2,,,,,,,,,,,,,,,,,,,,,,,,,,,,,,,,,,,,,,,,,,,,,
475,Fig. 1,ID475__fig1.png,GRID,140,AXIS_FALLBACK,,,,,,,,"660,969,227,341",797,74,74,0.95,leftmost column whose run is >= 0.95 of the longest (74 px),798:74px;797:74px;913:65px;912:65px;684:64px;683:64px,,,,,,,,,,,,,,,,,,,,,,,,,,,,,,,,,,,,,,,,,,,,,,,,,,
475,Fig. 1,ID475__fig1.png,GRID,140,AXIS_CANDIDATES,,,,,,,,"663,930,375,513",795,,,,no free run; leftmost of 2 clipped,795:406-514:clipped;796:406-514:clipped,0,2,406-514,823,41.4,,,,,,,,,,,,,,,,,,,,,,,,,,,,,,,,,,,,,,,,,,,,,
475,Fig. 1,ID475__fig1.png,GRID,140,AXIS_FALLBACK,,,,,,,,"663,930,375,513",795,107,110,0.95,leftmost column whose run is >= 0.95 of the longest (110 px),912:110px;911:110px;796:107px;795:107px;667:24px;666:24px,,,,,,,,,,,,,,,,,,,,,,,,,,,,,,,,,,,,,,,,,,,,,,,,,,
475,Fig. 1,ID475__fig1.png,GRID,140,AXIS_CANDIDATES,,,,,,,,"660,969,513,669",678,,,,no free run; leftmost of 2 clipped,678:513-619:clipped;679:513-618:clipped,0,2,513-619,845,46.8,,,,,,,,,,,,,,,,,,,,,,,,,,,,,,,,,,,,,,,,,,,,,
475,Fig. 1,ID475__fig1.png,GRID,140,AXIS_FALLBACK,,,,,,,,"660,969,513,669",678,106,106,0.95,leftmost column whose run is >= 0.95 of the longest (106 px),678:106px;679:105px;949:46px;948:46px;716:46px;715:46px,,,,,,,,,,,,,,,,,,,,,,,,,,,,,,,,,,,,,,,,,,,,,,,,,,
475,Fig. 1,ID475__fig1.png,GRID,140,AXIS_CANDIDATES,,,,,,,,"660,969,696,836",,,,,no run long enough,,0,0,,845,42.0,,,,,,,,,,,,,,,,,,,,,,,,,,,,,,,,,,,,,,,,,,,,,
475,Fig. 1,ID475__fig1.png,GRID,140,AXIS_FALLBACK,,,,,,,,"660,969,696,836",913,98,98,0.95,leftmost column whose run is >= 0.95 of the longest (98 px),914:98px;913:98px;717:34px;716:34px;663:24px;662:24px,,,,,,,,,,,,,,,,,,,,,,,,,,,,,,,,,,,,,,,,,,,,,,,,,,
475,Fig. 1,ID475__fig1.png,GRID,140,AXIS_FALLBACK,,,,,,,,"660,969,696,836",913,98,98,0.95,leftmost column whose run is >= 0.95 of the longest (98 px),914:98px;913:98px;717:34px;716:34px;663:24px;662:24px,,,,,,,,,,,,,,,,,,,,,,,,,,,,,,,,,,,,,,,,,,,,,,,,,,
475,Fig. 1,ID475__fig1.png,GRID,140,AXIS_CANDIDATES,,,,,,,,"663,969,836,981",679,,,,no free run; leftmost of 4 clipped,679:835-937:clipped;680:835-937:clipped;796:835-938:clipped;797:835-938:clipped,0,4,835-937,846,43.5,,,,,,,,,,,,,,,,,,,,,,,,,,,,,,,,,,,,,,,,,,,,,
475,Fig. 1,ID475__fig1.png,GRID,140,AXIS_FALLBACK,,,,,,,,"663,969,836,981",679,101,102,0.95,leftmost column whose run is >= 0.95 of the longest (102 px),797:102px;796:102px;680:101px;679:101px;834:42px;833:42px,,,,,,,,,,,,,,,,,,,,,,,,,,,,,,,,,,,,,,,,,,,,,,,,,,
475,Fig. 1,ID475__fig1.png,GRID,140,ORPHAN,,,,,,,,,,,,,,,,,,,,"106,501,27,297",395,270,NO_PANEL_IN_REACH,0,left 202px share 1.00 reach 34 [gap] | overlap 0px share 1.00 reach 34,,,,,,,,,,,,,,,,,,,,,,,,,,,,,,,,,,,,,,,
475,Fig. 1,ID475__fig1.png,GRID,140,PIECE_RELATION,,,,,,,,,,,,,,,,,,,,"106,501,27,297",,,,,,SAME_HALF_NESTED_PANEL,0,2,,"191,490,27,145;191,501,145,225",CONTAINMENT,,,,,,,,,,,,,,,,,,,,,,,,,,,,,,,,,
475,Fig. 1,ID475__fig1.png,GRID,140,ORPHAN,,,,,,,,,,,,,,,,,,,,"142,487,317,341",345,24,NO_PANEL_IN_REACH,0,left 173px share 1.00 reach 34 [gap] | overlap 0px share 1.00 reach 34,,,,,,,,,,,,,,,,,,,,,,,,,,,,,,,,,,,,,,,
475,Fig. 1,ID475__fig1.png,GRID,140,PIECE_RELATION,,,,,,,,,,,,,,,,,,,,"142,487,317,341",,,,,,OPPOSITE_HALF_MULTIPLE_PANELS,2,0,"191,490,27,145;191,501,145,225",,CONTAINMENT,,,,,,,,,,,,,,,,,,,,,,,,,,,,,,,,,
475,Fig. 1,ID475__fig1.png,GRID,140,ORPHAN,,,,,,,,,,,,,,,,,,,,"99,384,370,664",285,294,NO_PANEL_IN_REACH,0,left 279px share 1.00 reach 34 [gap] | overlap 0px share 1.00 reach 44,,,,,,,,,,,,,,,,,,,,,,,,,,,,,,,,,,,,,,,
475,Fig. 1,ID475__fig1.png,GRID,140,PIECE_RELATION,,,,,,,,,,,,,,,,,,,,"99,384,370,664",,,,,,NO_SELECTED_PANEL_DESCENDANT,0,0,,,CONTAINMENT,,,,,,,,,,,,,,,,,,,,,,,,,,,,,,,,,
475,Fig. 1,ID475__fig1.png,GRID,140,AXIS_FALLBACK,,,,,,,,"192,500,511,720",445,119,119,0.95,leftmost column whose run is >= 0.95 of the longest (119 px),446:119px;445:119px;250:68px;249:68px;383:65px;382:65px,,,,,,,,,,,,,,,,,,,,,,,,,,,,,,,,,,,,,,,,,,,,,,,,,,
475,Fig. 1,ID475__fig1.png,GRID,140,AXIS_FALLBACK,,,,,,,,"192,500,511,720",445,119,119,0.95,leftmost column whose run is >= 0.95 of the longest (119 px),446:119px;445:119px;250:68px;249:68px;383:65px;382:65px,,,,,,,,,,,,,,,,,,,,,,,,,,,,,,,,,,,,,,,,,,,,,,,,,,
475,Fig. 1,ID475__fig1.png,GRID,140,AXIS_FALLBACK,,,,,,,,"192,500,511,720",445,119,119,0.95,leftmost column whose run is >= 0.95 of the longest (119 px),446:119px;445:119px;250:68px;249:68px;383:65px;382:65px,,,,,,,,,,,,,,,,,,,,,,,,,,,,,,,,,,,,,,,,,,,,,,,,,,
475,Fig. 1,ID475__fig1.png,GRID,140,ORPHAN,,,,20,,,,,,,,,,,,,,,,"138,172,695,708",34,13,OFFERED,,,,,,,,,"192,500,511,720",,left,,,,,,,,,,,,,,98,,,,,,,,,,,,,,,,
475,Fig. 1,ID475__fig1.png,GRID,140,GATE,,,,20,,,,,,,,,,,,,,,,"138,172,695,708",,,,,,,,,,,,"192,500,511,720",,left,True,O,O,-,O,O,-,,,,,,,,,,,,,,,,,,,,,,,
475,Fig. 1,ID475__fig1.png,GRID,140,GATE_WHY,,,,,,,,,,,,,,,,,,,,"138,172,695,708",,,,,,,,,,,,"192,500,511,720",,,,,,,,,,"축 없음, 잉크 0.186","행 겹침 1.00, 패널 행 511-720, 조각 695-708",이 클립에서 캡션을 읽지 못했다,"건너는 간격 87 px, 패널 내부의 가장 큰 간격 98 px","밑변에 선 열 0.00, 축 범위 안 잉크 2.05 (교집합 0.00)",막대·눈금이 0→0개뿐이라 규칙성을 잴 수 없다,,,,,,,,,,,,,,,,,
475,Fig. 1,ID475__fig1.png,GRID,140,POST,,,,,,,,,,,,,,,,,,,,"138,172,695,708",,,ADOPTED,,,,,,,,,"192,500,511,720",,,,,,,,,,,,,,,,,"138,500,511,720",,,,,,,,,,,,,,,
475,Fig. 1,ID475__fig1.png,GRID,140,ORPHAN,,,,,,,,,,,,,,,,,,,,"192,211,696,720",19,24,NO_PANEL_IN_REACH,0,left 449px share 1.00 reach 34 [gap] | overlap 0px share 1.00 reach 98,,,,,,,,,,,,,,,,,,,,,,,,,,,,,,,,,,,,,,,
475,Fig. 1,ID475__fig1.png,GRID,140,PIECE_RELATION,,,,,,,,,,,,,,,,,,,,"192,211,696,720",,,,,,NO_SELECTED_PANEL_DESCENDANT,0,0,,,CONTAINMENT,,,,,,,,,,,,,,,,,,,,,,,,,,,,,,,,,
475,Fig. 1,ID475__fig1.png,GRID,140,ORPHAN,,,,,,,,,,,,,,,,,,,,"130,469,949,975",339,26,NO_PANEL_IN_REACH,0,left 194px share 1.00 reach 98 [gap] | overlap 0px share 1.00 reach 34,,,,,,,,,,,,,,,,,,,,,,,,,,,,,,,,,,,,,,,
475,Fig. 1,ID475__fig1.png,GRID,140,PIECE_RELATION,,,,,,,,,,,,,,,,,,,,"130,469,949,975",,,,,,NO_SELECTED_PANEL_DESCENDANT,0,0,,,CONTAINMENT,,,,,,,,,,,,,,,,,,,,,,,,,,,,,,,,,
475,Fig. 1,ID475__fig1.png,GRID,140,ORPHAN,,,,,,,,,,,,,,,,,,,,"572,590,116,254",18,138,NO_PANEL_IN_REACH,0,left 113px share 1.00 reach 34 [gap] | right 71px share 1.00 reach 34 [gap],,,,,,,,,,,,,,,,,,,,,,,,,,,,,,,,,,,,,,,
475,Fig. 1,ID475__fig1.png,GRID,140,PIECE_RELATION,,,,,,,,,,,,,,,,,,,,"572,590,116,254",,,,,,NO_SELECTED_PANEL_DESCENDANT,0,0,,,CONTAINMENT,,,,,,,,,,,,,,,,,,,,,,,,,,,,,,,,,
475,Fig. 1,ID475__fig1.png,GRID,140,ORPHAN,,,,,,,,,,,,,,,,,,,,"573,587,262,273",14,11,NO_PANEL_IN_REACH,0,left 73px share 1.00 reach 34 [gap] | right 73px share 1.00 reach 34 [gap],,,,,,,,,,,,,,,,,,,,,,,,,,,,,,,,,,,,,,,
475,Fig. 1,ID475__fig1.png,GRID,140,PIECE_RELATION,,,,,,,,,,,,,,,,,,,,"573,587,262,273",,,,,,NO_SELECTED_PANEL_DESCENDANT,0,0,,,CONTAINMENT,,,,,,,,,,,,,,,,,,,,,,,,,,,,,,,,,
475,Fig. 1,ID475__fig1.png,GRID,140,ORPHAN,,,,,,,,,,,,,,,,,,,,"604,944,640,669",340,29,NO_PANEL_IN_REACH,0,overlap 0px share 1.00 reach 34 | right 104px share 1.00 reach 98 [gap],,,,,,,,,,,,,,,,,,,,,,,,,,,,,,,,,,,,,,,
475,Fig. 1,ID475__fig1.png,GRID,140,PIECE_RELATION,,,,,,,,,,,,,,,,,,,,"604,944,640,669",,,,,,OPPOSITE_HALF_UNIQUE_PANEL,1,0,"663,930,375,513",,CONTAINMENT,,,,,,,,,,,,,,,,,,,,,,,,,,,,,,,,,
475,Fig. 1,ID475__fig1.png,GRID,140,AXIS_FALLBACK,,,,,,,,"663,930,375,513",795,107,110,0.95,leftmost column whose run is >= 0.95 of the longest (110 px),912:110px;911:110px;796:107px;795:107px;667:24px;666:24px,,,,,,,,,,,,,,,,,,,,,,,,,,,,,,,,,,,,,,,,,,,,,,,,,,
475,Fig. 1,ID475__fig1.png,GRID,140,AXIS_FALLBACK,,,,,,,,"663,930,375,513",795,107,110,0.95,leftmost column whose run is >= 0.95 of the longest (110 px),912:110px;911:110px;796:107px;795:107px;667:24px;666:24px,,,,,,,,,,,,,,,,,,,,,,,,,,,,,,,,,,,,,,,,,,,,,,,,,,
475,Fig. 1,ID475__fig1.png,GRID,140,AXIS_FALLBACK,,,,,,,,"663,930,375,513",795,107,110,0.95,leftmost column whose run is >= 0.95 of the longest (110 px),912:110px;911:110px;796:107px;795:107px;667:24px;666:24px,,,,,,,,,,,,,,,,,,,,,,,,,,,,,,,,,,,,,,,,,,,,,,,,,,
475,Fig. 1,ID475__fig1.png,GRID,140,GATE_SHADOW,13,,,,21,,,,,,,,,,,,,,,"604,944,640,669",,,,,,,,,,,,"663,930,375,513",row,below,False,O,X,-,O,O,-,,,,,,,,,,,,,,,,,,,,,,,
475,Fig. 1,ID475__fig1.png,GRID,140,GATE_SHADOW_WHY,,,,,,,,,,,,,,,,,,,,"604,944,640,669",,,,,,,,,,,,"663,930,375,513",,,,,,,,,,"축 없음, 잉크 0.100","행 겹침 -4.34, 패널 행 375-514, 조각 640-669",이 클립에서 캡션을 읽지 못했다,"건너는 간격 0 px, 패널 내부의 가장 큰 간격 0 px","밑변에 선 열 0.00, 축 범위 안 잉크 1.89 (교집합 0.00)",막대·눈금이 1→1개뿐이라 규칙성을 잴 수 없다,,,,,,,,,,,,,,,,,
475,Fig. 1,ID475__fig1.png,GRID,140,ORPHAN,,,,,,,,,,,,,,,,,,,,"553,743,695,981",190,286,NO_PANEL_IN_REACH,0,overlap 0px share 1.00 reach 34 | right 53px share 1.00 reach 34 [gap],,,,,,,,,,,,,,,,,,,,,,,,,,,,,,,,,,,,,,,
475,Fig. 1,ID475__fig1.png,GRID,140,PIECE_RELATION,,,,,,,,,,,,,,,,,,,,"553,743,695,981",,,,,,NO_SELECTED_PANEL_DESCENDANT,0,0,,,CONTAINMENT,,,,,,,,,,,,,,,,,,,,,,,,,,,,,,,,,
475,Fig. 1,ID475__fig1.png,GRID,140,ORPHAN,,,,,,,,,,,,,,,,,,,,"792,969,738,981",177,243,NO_PANEL_IN_REACH,0,overlap 0px share 1.00 reach 98 | right 292px share 1.00 reach 34 [gap],,,,,,,,,,,,,,,,,,,,,,,,,,,,,,,,,,,,,,,
475,Fig. 1,ID475__fig1.png,GRID,140,PIECE_RELATION,,,,,,,,,,,,,,,,,,,,"792,969,738,981",,,,,,NO_SELECTED_PANEL_DESCENDANT,0,0,,,CONTAINMENT,,,,,,,,,,,,,,,,,,,,,,,,,,,,,,,,,
475,Fig. 1,ID475__fig1.png,GRID,140,AXIS_FALLBACK,,,,,,,,"660,969,517,841",678,102,102,0.95,leftmost column whose run is >= 0.95 of the longest (102 px),678:102px;679:101px;914:99px;913:99px;949:46px;948:46px,,,,,,,,,,,,,,,,,,,,,,,,,,,,,,,,,,,,,,,,,,,,,,,,,,
475,Fig. 1,ID475__fig1.png,GRID,140,AXIS_FALLBACK,,,,,,,,"644,966,231,519",795,108,111,0.95,leftmost column whose run is >= 0.95 of the longest (111 px),912:111px;911:111px;796:108px;795:108px;645:96px;798:70px,,,,,,,,,,,,,,,,,,,,,,,,,,,,,,,,,,,,,,,,,,,,,,,,,,
475,Fig. 1,ID475__fig1.png,GRID,140,AXIS_FALLBACK,,,,,,,,"644,1023,31,233",645,170,170,0.95,leftmost column whose run is >= 0.95 of the longest (170 px),645:170px;950:61px;949:61px;948:61px;736:58px;703:58px,,,,,,,,,,,,,,,,,,,,,,,,,,,,,,,,,,,,,,,,,,,,,,,,,,
475,Fig. 1,ID475__fig1.png,GRID,140,AXIS_FALLBACK,,,,,,,,"191,490,27,145",482,66,66,0.95,leftmost column whose run is >= 0.95 of the longest (66 px),483:66px;482:66px;204:18px;198:18px;431:17px;430:17px,,,,,,,,,,,,,,,,,,,,,,,,,,,,,,,,,,,,,,,,,,,,,,,,,,
475,Fig. 1,ID475__fig1.png,GRID,140,AXIS_FALLBACK,,,,,,,,"191,501,145,225",466,80,80,0.95,leftmost column whose run is >= 0.95 of the longest (80 px),499:80px;467:80px;466:80px;500:79px;217:54px;216:54px,,,,,,,,,,,,,,,,,,,,,,,,,,,,,,,,,,,,,,,,,,,,,,,,,,
475,Fig. 1,ID475__fig1.png,GRID,140,AXIS_FALLBACK,,,,,,,,"197,500,225,341",446,68,68,0.95,leftmost column whose run is >= 0.95 of the longest (68 px),447:68px;446:68px;332:52px;331:52px;463:19px;462:19px,,,,,,,,,,,,,,,,,,,,,,,,,,,,,,,,,,,,,,,,,,,,,,,,,,
475,Fig. 1,ID475__fig1.png,GRID,140,AXIS_FALLBACK,,,,,,,,"191,500,375,511",328,63,63,0.95,leftmost column whose run is >= 0.95 of the longest (63 px),329:63px;328:63px;196:21px;195:20px;194:18px;193:15px,,,,,,,,,,,,,,,,,,,,,,,,,,,,,,,,,,,,,,,,,,,,,,,,,,
475,Fig. 1,ID475__fig1.png,GRID,140,AXIS_FALLBACK,,,,,,,,"192,500,511,720",445,119,119,0.95,leftmost column whose run is >= 0.95 of the longest (119 px),446:119px;445:119px;250:68px;249:68px;383:65px;382:65px,,,,,,,,,,,,,,,,,,,,,,,,,,,,,,,,,,,,,,,,,,,,,,,,,,
475,Fig. 1,ID475__fig1.png,GRID,140,AXIS_FALLBACK,,,,,,,,"194,500,834,975",444,117,117,0.95,leftmost column whose run is >= 0.95 of the longest (117 px),445:117px;444:117px;249:64px;248:64px;247:64px;482:63px,,,,,,,,,,,,,,,,,,,,,,,,,,,,,,,,,,,,,,,,,,,,,,,,,,
475,Fig. 1,ID475__fig1.png,GRID,140,AXIS_FALLBACK,,,,,,,,"703,967,179,227",703,48,48,0.95,leftmost column whose run is >= 0.95 of the longest (48 px),851:48px;850:48px;818:48px;736:48px;703:48px;966:40px,,,,,,,,,,,,,,,,,,,,,,,,,,,,,,,,,,,,,,,,,,,,,,,,,,
475,Fig. 1,ID475__fig1.png,GRID,140,AXIS_FALLBACK,,,,,,,,"660,969,227,341",797,74,74,0.95,leftmost column whose run is >= 0.95 of the longest (74 px),798:74px;797:74px;913:65px;912:65px;684:64px;683:64px,,,,,,,,,,,,,,,,,,,,,,,,,,,,,,,,,,,,,,,,,,,,,,,,,,
475,Fig. 1,ID475__fig1.png,GRID,140,AXIS_FALLBACK,,,,,,,,"663,930,375,513",795,107,110,0.95,leftmost column whose run is >= 0.95 of the longest (110 px),912:110px;911:110px;796:107px;795:107px;667:24px;666:24px,,,,,,,,,,,,,,,,,,,,,,,,,,,,,,,,,,,,,,,,,,,,,,,,,,
475,Fig. 1,ID475__fig1.png,GRID,140,AXIS_FALLBACK,,,,,,,,"660,969,513,669",678,106,106,0.95,leftmost column whose run is >= 0.95 of the longest (106 px),678:106px;679:105px;949:46px;948:46px;716:46px;715:46px,,,,,,,,,,,,,,,,,,,,,,,,,,,,,,,,,,,,,,,,,,,,,,,,,,
475,Fig. 1,ID475__fig1.png,GRID,140,AXIS_FALLBACK,,,,,,,,"660,969,696,836",913,98,98,0.95,leftmost column whose run is >= 0.95 of the longest (98 px),914:98px;913:98px;717:34px;716:34px;663:24px;662:24px,,,,,,,,,,,,,,,,,,,,,,,,,,,,,,,,,,,,,,,,,,,,,,,,,,
475,Fig. 1,ID475__fig1.png,GRID,140,AXIS_FALLBACK,,,,,,,,"663,969,836,981",679,101,102,0.95,leftmost column whose run is >= 0.95 of the longest (102 px),797:102px;796:102px;680:101px;679:101px;834:42px;833:42px,,,,,,,,,,,,,,,,,,,,,,,,,,,,,,,,,,,,,,,,,,,,,,,,,,
475,Fig. 1,ID475__fig1.png,GRID,140,AXIS_FALLBACK,,,,,,,,"138,500,511,720",445,119,119,0.95,leftmost column whose run is >= 0.95 of the longest (119 px),446:119px;445:119px;250:68px;249:68px;383:65px;382:65px,,,,,,,,,,,,,,,,,,,,,,,,,,,,,,,,,,,,,,,,,,,,,,,,,,
475,Fig. 1,ID475__fig1.png,GRID,140,AXIS_FALLBACK,,,,,,,,"644,1023,31,329",645,264,264,0.95,leftmost column whose run is >= 0.95 of the longest (264 px),645:264px;798:74px;797:74px;913:65px;912:65px;684:64px,,,,,,,,,,,,,,,,,,,,,,,,,,,,,,,,,,,,,,,,,,,,,,,,,,
475,Fig. 1,ID475__fig1.png,GRID,140,AXIS_CANDIDATES,,,,,,,,"644,1023,31,329",645,,,,leftmost of 1 free runs,645:63-327:free,1,0,63-327,871,89.4,,,,,,,,,,,,,,,,,,,,,,,,,,,,,,,,,,,,,,,,,,,,,
475,Fig. 1,ID475__fig1.png,GRID,140,AXIS_FALLBACK,,,,,,,,"644,1023,31,233",645,170,170,0.95,leftmost column whose run is >= 0.95 of the longest (170 px),645:170px;950:61px;949:61px;948:61px;736:58px;703:58px,,,,,,,,,,,,,,,,,,,,,,,,,,,,,,,,,,,,,,,,,,,,,,,,,,
475,Fig. 1,ID475__fig1.png,GRID,140,AXIS_CANDIDATES,,,,,,,,"644,1023,31,233",645,,,,no free run; leftmost of 1 clipped,645:63-327:clipped,0,1,63-327,871,60.6,,,,,,,,,,,,,,,,,,,,,,,,,,,,,,,,,,,,,,,,,,,,,
475,Fig. 1,ID475__fig1.png,GRID,140,AXIS_FALLBACK,,,,,,,,"660,969,513,669",678,106,106,0.95,leftmost column whose run is >= 0.95 of the longest (106 px),678:106px;679:105px;949:46px;948:46px;716:46px;715:46px,,,,,,,,,,,,,,,,,,,,,,,,,,,,,,,,,,,,,,,,,,,,,,,,,,
475,Fig. 1,ID475__fig1.png,GRID,140,AXIS_CANDIDATES,,,,,,,,"660,969,513,669",678,,,,no free run; leftmost of 2 clipped,678:513-619:clipped;679:513-618:clipped,0,2,513-619,845,46.8,,,,,,,,,,,,,,,,,,,,,,,,,,,,,,,,,,,,,,,,,,,,,
475,Fig. 1,ID475__fig1.png,GRID,140,AXIS_FALLBACK,,,,,,,,"660,969,227,341",797,74,74,0.95,leftmost column whose run is >= 0.95 of the longest (74 px),798:74px;797:74px;913:65px;912:65px;684:64px;683:64px,,,,,,,,,,,,,,,,,,,,,,,,,,,,,,,,,,,,,,,,,,,,,,,,,,
475,Fig. 1,ID475__fig1.png,GRID,140,AXIS_CANDIDATES,,,,,,,,"660,969,227,341",683,,,,no free run; leftmost of 4 clipped,683:227-291:clipped;684:227-291:clipped;797:227-301:clipped;798:227-301:clipped,0,4,227-291,845,34.2,,,,,,,,,,,,,,,,,,,,,,,,,,,,,,,,,,,,,,,,,,,,,
475,Fig. 1,ID475__fig1.png,GRID,140,AXIS_FALLBACK,,,,,,,,"703,967,168,230",703,58,58,0.95,leftmost column whose run is >= 0.95 of the longest (58 px),736:58px;703:58px;851:50px;850:50px;818:50px;966:41px,,,,,,,,,,,,,,,,,,,,,,,,,,,,,,,,,,,,,,,,,,,,,,,,,,
475,Fig. 1,ID475__fig1.png,GRID,140,AXIS_CANDIDATES,,,,,,,,"703,967,168,230",703,,,,leftmost of 5 free runs,703:170-228:free;736:170-228:free;818:178-228:free;850:178-228:free;851:178-228:free,5,0,170-228,861,18.6,,,,,,,,,,,,,,,,,,,,,,,,,,,,,,,,,,,,,,,,,,,,,
475,Fig. 1,ID475__fig1.png,GRID,140,AXIS_FALLBACK,,,,,,,,"663,969,836,981",679,101,102,0.95,leftmost column whose run is >= 0.95 of the longest (102 px),797:102px;796:102px;680:101px;679:101px;834:42px;833:42px,,,,,,,,,,,,,,,,,,,,,,,,,,,,,,,,,,,,,,,,,,,,,,,,,,
475,Fig. 1,ID475__fig1.png,GRID,140,AXIS_CANDIDATES,,,,,,,,"663,969,836,981",679,,,,no free run; leftmost of 4 clipped,679:835-937:clipped;680:835-937:clipped;796:835-938:clipped;797:835-938:clipped,0,4,835-937,846,43.5,,,,,,,,,,,,,,,,,,,,,,,,,,,,,,,,,,,,,,,,,,,,,
475,Fig. 1,ID475__fig1.png,GRID,140,AXIS_FALLBACK,,,,,,,,"660,969,696,836",913,98,98,0.95,leftmost column whose run is >= 0.95 of the longest (98 px),914:98px;913:98px;717:34px;716:34px;663:24px;662:24px,,,,,,,,,,,,,,,,,,,,,,,,,,,,,,,,,,,,,,,,,,,,,,,,,,
475,Fig. 1,ID475__fig1.png,GRID,140,AXIS_CANDIDATES,,,,,,,,"660,969,696,836",,,,,no run long enough,,0,0,,845,42.0,,,,,,,,,,,,,,,,,,,,,,,,,,,,,,,,,,,,,,,,,,,,,
475,Fig. 1,ID475__fig1.png,GRID,140,AXIS_FALLBACK,,,,,,,,"663,930,375,513",795,107,110,0.95,leftmost column whose run is >= 0.95 of the longest (110 px),912:110px;911:110px;796:107px;795:107px;667:24px;666:24px,,,,,,,,,,,,,,,,,,,,,,,,,,,,,,,,,,,,,,,,,,,,,,,,,,
475,Fig. 1,ID475__fig1.png,GRID,140,AXIS_CANDIDATES,,,,,,,,"663,930,375,513",795,,,,no free run; leftmost of 2 clipped,795:406-514:clipped;796:406-514:clipped,0,2,406-514,823,41.4,,,,,,,,,,,,,,,,,,,,,,,,,,,,,,,,,,,,,,,,,,,,,
475,Fig. 1,ID475__fig1.png,GRID,140,AXIS_FALLBACK,,,,,,,,"703,967,179,227",703,48,48,0.95,leftmost column whose run is >= 0.95 of the longest (48 px),851:48px;850:48px;818:48px;736:48px;703:48px;966:40px,,,,,,,,,,,,,,,,,,,,,,,,,,,,,,,,,,,,,,,,,,,,,,,,,,
475,Fig. 1,ID475__fig1.png,GRID,140,AXIS_CANDIDATES,,,,,,,,"703,967,179,227",703,,,,no free run; leftmost of 5 clipped,703:170-228:clipped;736:170-228:clipped;818:178-228:clipped;850:178-228:clipped;851:178-228:clipped,0,5,170-228,861,14.4,,,,,,,,,,,,,,,,,,,,,,,,,,,,,,,,,,,,,,,,,,,,,
475,Fig. 1,ID475__fig1.png,OFF,151,CUT,1,col,0,501-554,53,"0,527,0,1020","527,1054,0,1020",,,,,,,,,,,,,,,,,,,,,,,,,,,,,,,,,,,,,,,,,,,,,,,,,,,,,,,,,
475,Fig. 1,ID475__fig1.png,OFF,151,CUT,2,row,1,664-695,31,"0,527,0,679","0,527,679,1020",,,,,,,,,,,,,,,,,,,,,,,,,,,,,,,,,,,,,,,,,,,,,,,,,,,,,,,,,
475,Fig. 1,ID475__fig1.png,OFF,151,CUT,3,row,2,341-370,29,"0,527,0,355","0,527,355,679",,,,,,,,,,,,,,,,,,,,,,,,,,,,,,,,,,,,,,,,,,,,,,,,,,,,,,,,,
475,Fig. 1,ID475__fig1.png,OFF,151,CUT,4,row,3,297-317,20,"0,527,0,307","0,527,307,355",,,,,,,,,,,,,,,,,,,,,,,,,,,,,,,,,,,,,,,,,,,,,,,,,,,,,,,,,
475,Fig. 1,ID475__fig1.png,OFF,151,CUT,5,col,3,384-428,44,"0,406,355,679","406,527,355,679",,,,,,,,,,,,,,,,,,,,,,,,,,,,,,,,,,,,,,,,,,,,,,,,,,,,,,,,,
475,Fig. 1,ID475__fig1.png,OFF,151,CUT,6,col,2,383-428,45,"0,405,679,1020","405,527,679,1020",,,,,,,,,,,,,,,,,,,,,,,,,,,,,,,,,,,,,,,,,,,,,,,,,,,,,,,,,
475,Fig. 1,ID475__fig1.png,OFF,151,CUT,7,col,3,273-311,38,"0,292,679,1020","292,405,679,1020",,,,,,,,,,,,,,,,,,,,,,,,,,,,,,,,,,,,,,,,,,,,,,,,,,,,,,,,,
475,Fig. 1,ID475__fig1.png,OFF,151,CUT,8,row,3,951-961,10,"405,527,679,956","405,527,956,1020",,,,,,,,,,,,,,,,,,,,,,,,,,,,,,,,,,,,,,,,,,,,,,,,,,,,,,,,,
475,Fig. 1,ID475__fig1.png,OFF,151,CUT,9,row,1,341-373,32,"527,1054,0,357","527,1054,357,1020",,,,,,,,,,,,,,,,,,,,,,,,,,,,,,,,,,,,,,,,,,,,,,,,,,,,,,,,,
475,Fig. 1,ID475__fig1.png,OFF,151,CUT,10,row,2,301-320,19,"527,1054,0,310","527,1054,310,357",,,,,,,,,,,,,,,,,,,,,,,,,,,,,,,,,,,,,,,,,,,,,,,,,,,,,,,,,
475,Fig. 1,ID475__fig1.png,OFF,151,CUT,11,col,3,590-609,19,"527,599,0,310","599,1054,0,310",,,,,,,,,,,,,,,,,,,,,,,,,,,,,,,,,,,,,,,,,,,,,,,,,,,,,,,,,
475,Fig. 1,ID475__fig1.png,OFF,151,CUT,12,col,3,831-924,93,"527,877,310,357","877,1054,310,357",,,,,,,,,,,,,,,,,,,,,,,,,,,,,,,,,,,,,,,,,,,,,,,,,,,,,,,,,
475,Fig. 1,ID475__fig1.png,OFF,151,CUT,13,col,2,852-895,43,"527,873,357,1020","873,1054,357,1020",,,,,,,,,,,,,,,,,,,,,,,,,,,,,,,,,,,,,,,,,,,,,,,,,,,,,,,,,
475,Fig. 1,ID475__fig1.png,OFF,151,CUT,14,row,3,669-695,26,"527,873,357,682","527,873,682,1020",,,,,,,,,,,,,,,,,,,,,,,,,,,,,,,,,,,,,,,,,,,,,,,,,,,,,,,,,
475,Fig. 1,ID475__fig1.png,OFF,151,CUT,15,row,3,880-966,86,"873,1054,357,923","873,1054,923,1020",,,,,,,,,,,,,,,,,,,,,,,,,,,,,,,,,,,,,,,,,,,,,,,,,,,,,,,,,
475,Fig. 1,ID475__fig1.png,OFF,151,AXIS_FALLBACK,,,,,,,,"106,501,27,297",179,237,237,0.95,leftmost column whose run is >= 0.95 of the longest (237 px),179:237px;499:81px;467:81px;500:80px;466:80px;447:69px,,,,,,,,,,,,,,,,,,,,,,,,,,,,,,,,,,,,,,,,,,,,,,,,,,
475,Fig. 1,ID475__fig1.png,OFF,151,AXIS_FALLBACK,,,,,,,,"92,273,695,975",173,220,220,0.95,leftmost column whose run is >= 0.95 of the longest (220 px),173:220px;249:65px;248:65px;247:65px;211:40px;210:40px,,,,,,,,,,,,,,,,,,,,,,,,,,,,,,,,,,,,,,,,,,,,,,,,,,
475,Fig. 1,ID475__fig1.png,OFF,151,AXIS_FALLBACK,,,,,,,,"428,500,834,951",444,117,117,0.95,leftmost column whose run is >= 0.95 of the longest (117 px),445:117px;444:117px;482:63px;481:63px;461:27px;460:27px,,,,,,,,,,,,,,,,,,,,,,,,,,,,,,,,,,,,,,,,,,,,,,,,,,
475,Fig. 1,ID475__fig1.png,OFF,151,AXIS_FALLBACK,,,,,,,,"609,967,31,301",645,238,238,0.95,leftmost column whose run is >= 0.95 of the longest (238 px),645:238px;798:74px;797:74px;913:65px;912:65px;684:64px,,,,,,,,,,,,,,,,,,,,,,,,,,,,,,,,,,,,,,,,,,,,,,,,,,
475,Fig. 1,ID475__fig1.png,OFF,151,AXIS_FALLBACK,,,,,,,,"428,500,510,664",445,120,120,0.95,leftmost column whose run is >= 0.95 of the longest (120 px),446:120px;445:120px;499:63px;483:63px;482:63px;481:63px,,,,,,,,,,,,,,,,,,,,,,,,,,,,,,,,,,,,,,,,,,,,,,,,,,
475,Fig. 1,ID475__fig1.png,OFF,151,AXIS_FALLBACK,,,,,,,,"106,501,27,297",179,237,237,0.95,leftmost column whose run is >= 0.95 of the longest (237 px),179:237px;499:81px;467:81px;500:80px;466:80px;447:69px,,,,,,,,,,,,,,,,,,,,,,,,,,,,,,,,,,,,,,,,,,,,,,,,,,
475,Fig. 1,ID475__fig1.png,OFF,151,AXIS_FALLBACK,,,,,,,,"428,500,510,664",445,120,120,0.95,leftmost column whose run is >= 0.95 of the longest (120 px),446:120px;445:120px;499:63px;483:63px;482:63px;481:63px,,,,,,,,,,,,,,,,,,,,,,,,,,,,,,,,,,,,,,,,,,,,,,,,,,
475,Fig. 1,ID475__fig1.png,OFF,151,AXIS_FALLBACK,,,,,,,,"92,273,695,975",173,220,220,0.95,leftmost column whose run is >= 0.95 of the longest (220 px),173:220px;249:65px;248:65px;247:65px;211:40px;210:40px,,,,,,,,,,,,,,,,,,,,,,,,,,,,,,,,,,,,,,,,,,,,,,,,,,
475,Fig. 1,ID475__fig1.png,OFF,151,AXIS_FALLBACK,,,,,,,,"428,500,834,951",444,117,117,0.95,leftmost column whose run is >= 0.95 of the longest (117 px),445:117px;444:117px;482:63px;481:63px;461:27px;460:27px,,,,,,,,,,,,,,,,,,,,,,,,,,,,,,,,,,,,,,,,,,,,,,,,,,
475,Fig. 1,ID475__fig1.png,OFF,151,AXIS_FALLBACK,,,,,,,,"609,967,31,301",645,238,238,0.95,leftmost column whose run is >= 0.95 of the longest (238 px),645:238px;798:74px;797:74px;913:65px;912:65px;684:64px,,,,,,,,,,,,,,,,,,,,,,,,,,,,,,,,,,,,,,,,,,,,,,,,,,
475,Fig. 1,ID475__fig1.png,OFF,151,AXIS_FALLBACK,,,,,,,,"609,967,403,619",795,109,112,0.95,leftmost column whose run is >= 0.95 of the longest (112 px),912:112px;911:112px;796:109px;795:109px;679:106px;678:106px,,,,,,,,,,,,,,,,,,,,,,,,,,,,,,,,,,,,,,,,,,,,,,,,,,
475,Fig. 1,ID475__fig1.png,OFF,151,AXIS_FALLBACK,,,,,,,,"609,967,738,938",679,102,103,0.95,leftmost column whose run is >= 0.95 of the longest (103 px),797:103px;796:103px;680:102px;679:102px;914:99px;913:99px,,,,,,,,,,,,,,,,,,,,,,,,,,,,,,,,,,,,,,,,,,,,,,,,,,
475,Fig. 1,ID475__fig1.png,OFF,151,AXIS_FALLBACK,,,,,,,,"101,268,499,627",212,65,68,0.95,leftmost column whose run is >= 0.95 of the longest (68 px),250:68px;249:68px;213:65px;212:65px;266:51px;267:50px,,,,,,,,,,,,,,,,,,,,,,,,,,,,,,,,,,,,,,,,,,,,,,,,,,
475,Fig. 1,ID475__fig1.png,OFF,151,AXIS_CANDIDATES,,,,,,,,"106,501,27,297",179,,,,no free run; leftmost of 1 clipped,179:60-324:clipped,0,1,60-324,343,81.0,,,,,,,,,,,,,,,,,,,,,,,,,,,,,,,,,,,,,,,,,,,,,
475,Fig. 1,ID475__fig1.png,OFF,151,AXIS_FALLBACK,,,,,,,,"106,501,27,297",179,237,237,0.95,leftmost column whose run is >= 0.95 of the longest (237 px),179:237px;499:81px;467:81px;500:80px;466:80px;447:69px,,,,,,,,,,,,,,,,,,,,,,,,,,,,,,,,,,,,,,,,,,,,,,,,,,
475,Fig. 1,ID475__fig1.png,OFF,151,AXIS_CANDIDATES,,,,,,,,"609,967,31,301",645,,,,no free run; leftmost of 1 clipped,645:63-328:clipped,0,1,63-328,823,81.0,,,,,,,,,,,,,,,,,,,,,,,,,,,,,,,,,,,,,,,,,,,,,
475,Fig. 1,ID475__fig1.png,OFF,151,AXIS_FALLBACK,,,,,,,,"609,967,31,301",645,238,238,0.95,leftmost column whose run is >= 0.95 of the longest (238 px),645:238px;798:74px;797:74px;913:65px;912:65px;684:64px,,,,,,,,,,,,,,,,,,,,,,,,,,,,,,,,,,,,,,,,,,,,,,,,,,
475,Fig. 1,ID475__fig1.png,OFF,151,AXIS_CANDIDATES,,,,,,,,"92,273,695,975",173,,,,leftmost of 1 free runs,173:748-968:free,1,0,748-968,200,84.0,,,,,,,,,,,,,,,,,,,,,,,,,,,,,,,,,,,,,,,,,,,,,
475,Fig. 1,ID475__fig1.png,OFF,151,AXIS_FALLBACK,,,,,,,,"92,273,695,975",173,220,220,0.95,leftmost column whose run is >= 0.95 of the longest (220 px),173:220px;249:65px;248:65px;247:65px;211:40px;210:40px,,,,,,,,,,,,,,,,,,,,,,,,,,,,,,,,,,,,,,,,,,,,,,,,,,
475,Fig. 1,ID475__fig1.png,OFF,151,AXIS_CANDIDATES,,,,,,,,"428,500,834,951",444,,,,no free run; leftmost of 2 clipped,444:834-951:clipped;445:834-951:clipped,0,2,834-951,471,35.1,,,,,,,,,,,,,,,,,,,,,,,,,,,,,,,,,,,,,,,,,,,,,
475,Fig. 1,ID475__fig1.png,OFF,151,AXIS_FALLBACK,,,,,,,,"428,500,834,951",444,117,117,0.95,leftmost column whose run is >= 0.95 of the longest (117 px),445:117px;444:117px;482:63px;481:63px;461:27px;460:27px,,,,,,,,,,,,,,,,,,,,,,,,,,,,,,,,,,,,,,,,,,,,,,,,,,
475,Fig. 1,ID475__fig1.png,OFF,151,AXIS_CANDIDATES,,,,,,,,"428,500,510,664",445,,,,no free run; leftmost of 4 clipped,445:510-630:clipped;446:510-630:clipped;465:510-573:clipped;466:510-573:clipped,0,4,510-630,471,46.2,,,,,,,,,,,,,,,,,,,,,,,,,,,,,,,,,,,,,,,,,,,,,
475,Fig. 1,ID475__fig1.png,OFF,151,AXIS_FALLBACK,,,,,,,,"428,500,510,664",445,120,120,0.95,leftmost column whose run is >= 0.95 of the longest (120 px),446:120px;445:120px;499:63px;483:63px;482:63px;481:63px,,,,,,,,,,,,,,,,,,,,,,,,,,,,,,,,,,,,,,,,,,,,,,,,,,
475,Fig. 1,ID475__fig1.png,OFF,151,AXIS_CANDIDATES,,,,,,,,"609,967,403,619",795,,,,leftmost of 2 free runs,795:406-515:free;796:406-515:free;678:513-619:clipped;679:513-619:clipped,2,2,406-515,823,64.8,,,,,,,,,,,,,,,,,,,,,,,,,,,,,,,,,,,,,,,,,,,,,
475,Fig. 1,ID475__fig1.png,OFF,151,AXIS_FALLBACK,,,,,,,,"609,967,403,619",795,109,112,0.95,leftmost column whose run is >= 0.95 of the longest (112 px),912:112px;911:112px;796:109px;795:109px;679:106px;678:106px,,,,,,,,,,,,,,,,,,,,,,,,,,,,,,,,,,,,,,,,,,,,,,,,,,
475,Fig. 1,ID475__fig1.png,OFF,151,AXIS_CANDIDATES,,,,,,,,"609,967,738,938",679,,,,leftmost of 2 free runs,679:835-937:free;680:835-937:free;796:835-938:clipped;797:835-938:clipped,2,2,835-937,823,60.0,,,,,,,,,,,,,,,,,,,,,,,,,,,,,,,,,,,,,,,,,,,,,
475,Fig. 1,ID475__fig1.png,OFF,151,AXIS_FALLBACK,,,,,,,,"609,967,738,938",679,102,103,0.95,leftmost column whose run is >= 0.95 of the longest (103 px),797:103px;796:103px;680:102px;679:102px;914:99px;913:99px,,,,,,,,,,,,,,,,,,,,,,,,,,,,,,,,,,,,,,,,,,,,,,,,,,
475,Fig. 1,ID475__fig1.png,OFF,151,AXIS_CANDIDATES,,,,,,,,"101,268,499,627",,,,,no run long enough,,0,0,,201,38.4,,,,,,,,,,,,,,,,,,,,,,,,,,,,,,,,,,,,,,,,,,,,,
475,Fig. 1,ID475__fig1.png,OFF,151,AXIS_FALLBACK,,,,,,,,"101,268,499,627",212,65,68,0.95,leftmost column whose run is >= 0.95 of the longest (68 px),250:68px;249:68px;213:65px;212:65px;266:51px;267:50px,,,,,,,,,,,,,,,,,,,,,,,,,,,,,,,,,,,,,,,,,,,,,,,,,,
475,Fig. 1,ID475__fig1.png,OFF,151,AXIS_FALLBACK,,,,,,,,"101,268,499,627",212,65,68,0.95,leftmost column whose run is >= 0.95 of the longest (68 px),250:68px;249:68px;213:65px;212:65px;266:51px;267:50px,,,,,,,,,,,,,,,,,,,,,,,,,,,,,,,,,,,,,,,,,,,,,,,,,,
475,Fig. 1,ID475__fig1.png,OFF,151,ORPHAN,,,,,,,,,,,,,,,,,,,,"142,487,317,341",345,24,NO_PANEL_IN_REACH,0,left 122px share 0.00 reach 34 [gap] [share] | overlap 0px share 0.00 reach 34 [share],,,,,,,,,,,,,,,,,,,,,,,,,,,,,,,,,,,,,,,
475,Fig. 1,ID475__fig1.png,OFF,151,PIECE_RELATION,,,,,,,,,,,,,,,,,,,,"142,487,317,341",,,,,,OPPOSITE_HALF_UNIQUE_PANEL,1,0,"106,501,27,297",,CONTAINMENT,,,,,,,,,,,,,,,,,,,,,,,,,,,,,,,,,
475,Fig. 1,ID475__fig1.png,OFF,151,AXIS_FALLBACK,,,,,,,,"106,501,27,297",179,237,237,0.95,leftmost column whose run is >= 0.95 of the longest (237 px),179:237px;499:81px;467:81px;500:80px;466:80px;447:69px,,,,,,,,,,,,,,,,,,,,,,,,,,,,,,,,,,,,,,,,,,,,,,,,,,
475,Fig. 1,ID475__fig1.png,OFF,151,AXIS_FALLBACK,,,,,,,,"106,501,27,297",179,237,237,0.95,leftmost column whose run is >= 0.95 of the longest (237 px),179:237px;499:81px;467:81px;500:80px;466:80px;447:69px,,,,,,,,,,,,,,,,,,,,,,,,,,,,,,,,,,,,,,,,,,,,,,,,,,
475,Fig. 1,ID475__fig1.png,OFF,151,AXIS_FALLBACK,,,,,,,,"106,501,27,297",179,237,237,0.95,leftmost column whose run is >= 0.95 of the longest (237 px),179:237px;499:81px;467:81px;500:80px;466:80px;447:69px,,,,,,,,,,,,,,,,,,,,,,,,,,,,,,,,,,,,,,,,,,,,,,,,,,
475,Fig. 1,ID475__fig1.png,OFF,151,GATE_SHADOW,4,,,,20,,,,,,,,,,,,,,,"142,487,317,341",,,,,,,,,,,,"106,501,27,297",row,below,False,O,X,-,O,O,-,,,,,,,,,,,,,,,,,,,,,,,
475,Fig. 1,ID475__fig1.png,OFF,151,GATE_SHADOW_WHY,,,,,,,,,,,,,,,,,,,,"142,487,317,341",,,,,,,,,,,,"106,501,27,297",,,,,,,,,,"축 없음, 잉크 0.158","행 겹침 0.29, 패널 행 27-324, 조각 317-341",이 클립에서 캡션을 읽지 못했다,"건너는 간격 0 px, 패널 내부의 가장 큰 간격 0 px","밑변에 선 열 0.00, 축 범위 안 잉크 3.00 (교집합 0.05)",막대·눈금이 0→0개뿐이라 규칙성을 잴 수 없다,,,,,,,,,,,,,,,,,
475,Fig. 1,ID475__fig1.png,OFF,151,ORPHAN,,,,,,,,,,,,,,,,,,,,"99,384,370,664",285,294,NO_PANEL_IN_REACH,0,left 44px share 1.00 reach 34 [gap] | overlap 0px share 1.00 reach 34,,,,,,,,,,,,,,,,,,,,,,,,,,,,,,,,,,,,,,,
475,Fig. 1,ID475__fig1.png,OFF,151,PIECE_RELATION,,,,,,,,,,,,,,,,,,,,"99,384,370,664",,,,,,OPPOSITE_AND_NESTED,1,1,"428,500,510,664","101,268,499,627",CONTAINMENT,,,,,,,,,,,,,,,,,,,,,,,,,,,,,,,,,
475,Fig. 1,ID475__fig1.png,OFF,151,ORPHAN,,,,,,,,,,,,,,,,,,,,"311,383,834,975",72,141,NO_PANEL_IN_REACH,0,left 45px share 1.00 reach 34 [gap] | overlap 0px share 0.00 reach 34 [share] | right 38px share 1.00 reach 34 [gap],,,,,,,,,,,,,,,,,,,,,,,,,,,,,,,,,,,,,,,
475,Fig. 1,ID475__fig1.png,OFF,151,PIECE_RELATION,,,,,,,,,,,,,,,,,,,,"311,383,834,975",,,,,,OPPOSITE_HALF_UNIQUE_PANEL,1,0,"92,273,695,975",,CONTAINMENT,,,,,,,,,,,,,,,,,,,,,,,,,,,,,,,,,
475,Fig. 1,ID475__fig1.png,OFF,151,AXIS_FALLBACK,,,,,,,,"92,273,695,975",173,220,220,0.95,leftmost column whose run is >= 0.95 of the longest (220 px),173:220px;249:65px;248:65px;247:65px;211:40px;210:40px,,,,,,,,,,,,,,,,,,,,,,,,,,,,,,,,,,,,,,,,,,,,,,,,,,
475,Fig. 1,ID475__fig1.png,OFF,151,AXIS_FALLBACK,,,,,,,,"92,273,695,975",173,220,220,0.95,leftmost column whose run is >= 0.95 of the longest (220 px),173:220px;249:65px;248:65px;247:65px;211:40px;210:40px,,,,,,,,,,,,,,,,,,,,,,,,,,,,,,,,,,,,,,,,,,,,,,,,,,
475,Fig. 1,ID475__fig1.png,OFF,151,AXIS_FALLBACK,,,,,,,,"92,273,695,975",173,220,220,0.95,leftmost column whose run is >= 0.95 of the longest (220 px),173:220px;249:65px;248:65px;247:65px;211:40px;210:40px,,,,,,,,,,,,,,,,,,,,,,,,,,,,,,,,,,,,,,,,,,,,,,,,,,
475,Fig. 1,ID475__fig1.png,OFF,151,GATE_SHADOW,7,,,,38,,,,,,,,,,,,,,,"311,383,834,975",,,,,,,,,,,,"92,273,695,975",col,right,True,O,O,-,X,O,-,,,,,,,,,,,,,,,,,,,,,,,
475,Fig. 1,ID475__fig1.png,OFF,151,GATE_SHADOW_WHY,,,,,,,,,,,,,,,,,,,,"311,383,834,975",,,,,,,,,,,,"92,273,695,975",,,,,,,,,,"축 없음, 잉크 0.099","행 겹침 1.00, 패널 행 695-975, 조각 834-975",이 클립에서 캡션을 읽지 못했다,"건너는 간격 38 px, 패널 내부의 가장 큰 간격 0 px","밑변에 선 열 1.00, 축 범위 안 잉크 0.86 (교집합 0.86)",막대·눈금이 0→0개뿐이라 규칙성을 잴 수 없다,,,,,,,,,,,,,,,,,
475,Fig. 1,ID475__fig1.png,OFF,151,ORPHAN,,,,,,,,,,,,,,,,,,,,"435,469,961,975",34,14,NO_PANEL_IN_REACH,0,left 140px share 0.00 reach 34 [gap] [share] | overlap 0px share 0.00 reach 34 [share] | right 162px share 1.00 reach 34 [gap],,,,,,,,,,,,,,,,,,,,,,,,,,,,,,,,,,,,,,,
475,Fig. 1,ID475__fig1.png,OFF,151,PIECE_RELATION,,,,,,,,,,,,,,,,,,,,"435,469,961,975",,,,,,OPPOSITE_HALF_UNIQUE_PANEL,1,0,"428,500,834,951",,CONTAINMENT,,,,,,,,,,,,,,,,,,,,,,,,,,,,,,,,,
475,Fig. 1,ID475__fig1.png,OFF,151,AXIS_FALLBACK,,,,,,,,"428,500,834,951",444,117,117,0.95,leftmost column whose run is >= 0.95 of the longest (117 px),445:117px;444:117px;482:63px;481:63px;461:27px;460:27px,,,,,,,,,,,,,,,,,,,,,,,,,,,,,,,,,,,,,,,,,,,,,,,,,,
475,Fig. 1,ID475__fig1.png,OFF,151,AXIS_FALLBACK,,,,,,,,"428,500,834,951",444,117,117,0.95,leftmost column whose run is >= 0.95 of the longest (117 px),445:117px;444:117px;482:63px;481:63px;461:27px;460:27px,,,,,,,,,,,,,,,,,,,,,,,,,,,,,,,,,,,,,,,,,,,,,,,,,,
475,Fig. 1,ID475__fig1.png,OFF,151,AXIS_FALLBACK,,,,,,,,"428,500,834,951",444,117,117,0.95,leftmost column whose run is >= 0.95 of the longest (117 px),445:117px;444:117px;482:63px;481:63px;461:27px;460:27px,,,,,,,,,,,,,,,,,,,,,,,,,,,,,,,,,,,,,,,,,,,,,,,,,,
475,Fig. 1,ID475__fig1.png,OFF,151,GATE_SHADOW,8,,,,10,,,,,,,,,,,,,,,"435,469,961,975",,,,,,,,,,,,"428,500,834,951",row,below,False,O,X,-,O,O,-,,,,,,,,,,,,,,,,,,,,,,,
475,Fig. 1,ID475__fig1.png,OFF,151,GATE_SHADOW_WHY,,,,,,,,,,,,,,,,,,,,"435,469,961,975",,,,,,,,,,,,"428,500,834,951",,,,,,,,,,"축 없음, 잉크 0.502","행 겹침 -0.71, 패널 행 834-951, 조각 961-975",이 클립에서 캡션을 읽지 못했다,"건너는 간격 0 px, 패널 내부의 가장 큰 간격 0 px","밑변에 선 열 0.00, 축 범위 안 잉크 4.15 (교집합 0.00)",막대·눈금이 0→0개뿐이라 규칙성을 잴 수 없다,,,,,,,,,,,,,,,,,
475,Fig. 1,ID475__fig1.png,OFF,151,AXIS_FALLBACK,,,,,,,,"609,967,31,301",645,238,238,0.95,leftmost column whose run is >= 0.95 of the longest (238 px),645:238px;798:74px;797:74px;913:65px;912:65px;684:64px,,,,,,,,,,,,,,,,,,,,,,,,,,,,,,,,,,,,,,,,,,,,,,,,,,
475,Fig. 1,ID475__fig1.png,OFF,151,AXIS_FALLBACK,,,,,,,,"609,967,31,301",645,238,238,0.95,leftmost column whose run is >= 0.95 of the longest (238 px),645:238px;798:74px;797:74px;913:65px;912:65px;684:64px,,,,,,,,,,,,,,,,,,,,,,,,,,,,,,,,,,,,,,,,,,,,,,,,,,
475,Fig. 1,ID475__fig1.png,OFF,151,AXIS_FALLBACK,,,,,,,,"609,967,31,301",645,238,238,0.95,leftmost column whose run is >= 0.95 of the longest (238 px),645:238px;798:74px;797:74px;913:65px;912:65px;684:64px,,,,,,,,,,,,,,,,,,,,,,,,,,,,,,,,,,,,,,,,,,,,,,,,,,
475,Fig. 1,ID475__fig1.png,OFF,151,ORPHAN,,,,19,,,,,,,,,,,,,,,,"572,590,116,273",18,157,OFFERED,,,,,,,,,"609,967,31,301",,left,,,,,,,,,,,,,,34,,,,,,,,,,,,,,,,
475,Fig. 1,ID475__fig1.png,OFF,151,GATE,,,,19,,,,,,,,,,,,,,,,"572,590,116,273",,,,,,,,,,,,"609,967,31,301",,left,True,O,O,-,X,O,-,,,,,,,,,,,,,,,,,,,,,,,
475,Fig. 1,ID475__fig1.png,OFF,151,GATE_WHY,,,,,,,,,,,,,,,,,,,,"572,590,116,273",,,,,,,,,,,,"609,967,31,301",,,,,,,,,,"축 없음, 잉크 0.352","행 겹침 1.00, 패널 행 31-328, 조각 116-273",이 클립에서 캡션을 읽지 못했다,"건너는 간격 59 px, 패널 내부의 가장 큰 간격 0 px","밑변에 선 열 0.00, 축 범위 안 잉크 1.00 (교집합 1.00)",막대·눈금이 0→0개뿐이라 규칙성을 잴 수 없다,,,,,,,,,,,,,,,,,
475,Fig. 1,ID475__fig1.png,OFF,151,POST,,,,,,,,,,,,,,,,,,,,"572,590,116,273",,,ADOPTED,,,,,,,,,"609,967,31,301",,,,,,,,,,,,,,,,,"572,967,31,301",,,,,,,,,,,,,,,
475,Fig. 1,ID475__fig1.png,OFF,151,ORPHAN,,,,,,,,,,,,,,,,,,,,"609,831,320,341",222,21,NO_PANEL_IN_REACH,0,overlap 0px share 0.00 reach 34 [share] | right 108px share 0.00 reach 34 [gap] [share],,,,,,,,,,,,,,,,,,,,,,,,,,,,,,,,,,,,,,,
475,Fig. 1,ID475__fig1.png,OFF,151,PIECE_RELATION,,,,,,,,,,,,,,,,,,,,"609,831,320,341",,,,,,NO_SELECTED_PANEL_DESCENDANT,0,0,,,CONTAINMENT,,,,,,,,,,,,,,,,,,,,,,,,,,,,,,,,,
475,Fig. 1,ID475__fig1.png,OFF,151,ORPHAN,,,,,,,,,,,,,,,,,,,,"924,944,326,341",20,15,NO_PANEL_IN_REACH,0,overlap 0px share 0.00 reach 34 [share] | right 423px share 0.00 reach 34 [gap] [share],,,,,,,,,,,,,,,,,,,,,,,,,,,,,,,,,,,,,,,
475,Fig. 1,ID475__fig1.png,OFF,151,PIECE_RELATION,,,,,,,,,,,,,,,,,,,,"924,944,326,341",,,,,,NO_SELECTED_PANEL_DESCENDANT,0,0,,,CONTAINMENT,,,,,,,,,,,,,,,,,,,,,,,,,,,,,,,,,
475,Fig. 1,ID475__fig1.png,OFF,151,ORPHAN,,,,,,,,,,,,,,,,,,,,"565,850,373,669",285,296,NO_PANEL_IN_REACH,0,overlap 0px share 1.00 reach 34 | right 65px share 1.00 reach 34 [gap],,,,,,,,,,,,,,,,,,,,,,,,,,,,,,,,,,,,,,,
475,Fig. 1,ID475__fig1.png,OFF,151,PIECE_RELATION,,,,,,,,,,,,,,,,,,,,"565,850,373,669",,,,,,NO_SELECTED_PANEL_DESCENDANT,0,0,,,CONTAINMENT,,,,,,,,,,,,,,,,,,,,,,,,,,,,,,,,,
475,Fig. 1,ID475__fig1.png,OFF,151,ORPHAN,,,,,,,,,,,,,,,,,,,,"553,852,695,981",299,286,NO_PANEL_IN_REACH,0,overlap 0px share 1.00 reach 34 | right 280px share 1.00 reach 34 [gap],,,,,,,,,,,,,,,,,,,,,,,,,,,,,,,,,,,,,,,
475,Fig. 1,ID475__fig1.png,OFF,151,PIECE_RELATION,,,,,,,,,,,,,,,,,,,,"553,852,695,981",,,,,,NO_SELECTED_PANEL_DESCENDANT,0,0,,,CONTAINMENT,,,,,,,,,,,,,,,,,,,,,,,,,,,,,,,,,
475,Fig. 1,ID475__fig1.png,OFF,151,ORPHAN,,,,,,,,,,,,,,,,,,,,"895,969,403,880",74,477,NO_PANEL_IN_REACH,0,overlap 0px share 1.00 reach 34 | right 395px share 1.00 reach 34 [gap],,,,,,,,,,,,,,,,,,,,,,,,,,,,,,,,,,,,,,,
475,Fig. 1,ID475__fig1.png,OFF,151,PIECE_RELATION,,,,,,,,,,,,,,,,,,,,"895,969,403,880",,,,,,NO_SELECTED_PANEL_DESCENDANT,0,0,,,CONTAINMENT,,,,,,,,,,,,,,,,,,,,,,,,,,,,,,,,,
475,Fig. 1,ID475__fig1.png,OFF,151,ORPHAN,,,,,,,,,,,,,,,,,,,,"924,944,966,981",20,15,NO_PANEL_IN_REACH,0,overlap 0px share 0.00 reach 34 [share] | right 651px share 0.60 reach 34 [gap],,,,,,,,,,,,,,,,,,,,,,,,,,,,,,,,,,,,,,,
475,Fig. 1,ID475__fig1.png,OFF,151,PIECE_RELATION,,,,,,,,,,,,,,,,,,,,"924,944,966,981",,,,,,NO_SELECTED_PANEL_DESCENDANT,0,0,,,CONTAINMENT,,,,,,,,,,,,,,,,,,,,,,,,,,,,,,,,,
475,Fig. 1,ID475__fig1.png,OFF,151,AXIS_FALLBACK,,,,,,,,"106,501,27,297",179,237,237,0.95,leftmost column whose run is >= 0.95 of the longest (237 px),179:237px;499:81px;467:81px;500:80px;466:80px;447:69px,,,,,,,,,,,,,,,,,,,,,,,,,,,,,,,,,,,,,,,,,,,,,,,,,,
475,Fig. 1,ID475__fig1.png,OFF,151,AXIS_FALLBACK,,,,,,,,"609,967,31,301",645,238,238,0.95,leftmost column whose run is >= 0.95 of the longest (238 px),645:238px;798:74px;797:74px;913:65px;912:65px;684:64px,,,,,,,,,,,,,,,,,,,,,,,,,,,,,,,,,,,,,,,,,,,,,,,,,,
475,Fig. 1,ID475__fig1.png,OFF,151,AXIS_FALLBACK,,,,,,,,"92,273,695,975",173,220,220,0.95,leftmost column whose run is >= 0.95 of the longest (220 px),173:220px;249:65px;248:65px;247:65px;211:40px;210:40px,,,,,,,,,,,,,,,,,,,,,,,,,,,,,,,,,,,,,,,,,,,,,,,,,,
475,Fig. 1,ID475__fig1.png,OFF,151,AXIS_FALLBACK,,,,,,,,"428,500,834,951",444,117,117,0.95,leftmost column whose run is >= 0.95 of the longest (117 px),445:117px;444:117px;482:63px;481:63px;461:27px;460:27px,,,,,,,,,,,,,,,,,,,,,,,,,,,,,,,,,,,,,,,,,,,,,,,,,,
475,Fig. 1,ID475__fig1.png,OFF,151,AXIS_FALLBACK,,,,,,,,"428,500,510,664",445,120,120,0.95,leftmost column whose run is >= 0.95 of the longest (120 px),446:120px;445:120px;499:63px;483:63px;482:63px;481:63px,,,,,,,,,,,,,,,,,,,,,,,,,,,,,,,,,,,,,,,,,,,,,,,,,,
475,Fig. 1,ID475__fig1.png,OFF,151,AXIS_FALLBACK,,,,,,,,"609,967,403,619",795,109,112,0.95,leftmost column whose run is >= 0.95 of the longest (112 px),912:112px;911:112px;796:109px;795:109px;679:106px;678:106px,,,,,,,,,,,,,,,,,,,,,,,,,,,,,,,,,,,,,,,,,,,,,,,,,,
475,Fig. 1,ID475__fig1.png,OFF,151,AXIS_FALLBACK,,,,,,,,"609,967,738,938",679,102,103,0.95,leftmost column whose run is >= 0.95 of the longest (103 px),797:103px;796:103px;680:102px;679:102px;914:99px;913:99px,,,,,,,,,,,,,,,,,,,,,,,,,,,,,,,,,,,,,,,,,,,,,,,,,,
475,Fig. 1,ID475__fig1.png,OFF,151,AXIS_FALLBACK,,,,,,,,"101,268,499,627",212,65,68,0.95,leftmost column whose run is >= 0.95 of the longest (68 px),250:68px;249:68px;213:65px;212:65px;266:51px;267:50px,,,,,,,,,,,,,,,,,,,,,,,,,,,,,,,,,,,,,,,,,,,,,,,,,,
475,Fig. 1,ID475__fig1.png,OFF,151,AXIS_FALLBACK,,,,,,,,"572,967,31,301",645,238,238,0.95,leftmost column whose run is >= 0.95 of the longest (238 px),645:238px;798:74px;797:74px;913:65px;912:65px;684:64px,,,,,,,,,,,,,,,,,,,,,,,,,,,,,,,,,,,,,,,,,,,,,,,,,,
475,Fig. 1,ID475__fig1.png,OFF,151,AXIS_FALLBACK,,,,,,,,"106,501,27,326",179,264,264,0.95,leftmost column whose run is >= 0.95 of the longest (264 px),179:264px;499:81px;467:81px;500:80px;466:80px;447:69px,,,,,,,,,,,,,,,,,,,,,,,,,,,,,,,,,,,,,,,,,,,,,,,,,,
475,Fig. 1,ID475__fig1.png,OFF,151,AXIS_CANDIDATES,,,,,,,,"106,501,27,326",179,,,,leftmost of 1 free runs,179:60-324:free,1,0,60-324,343,89.7,,,,,,,,,,,,,,,,,,,,,,,,,,,,,,,,,,,,,,,,,,,,,
475,Fig. 1,ID475__fig1.png,OFF,151,AXIS_FALLBACK,,,,,,,,"572,967,31,330",645,265,265,0.95,leftmost column whose run is >= 0.95 of the longest (265 px),645:265px;798:74px;797:74px;913:65px;912:65px;684:64px,,,,,,,,,,,,,,,,,,,,,,,,,,,,,,,,,,,,,,,,,,,,,,,,,,
475,Fig. 1,ID475__fig1.png,OFF,151,AXIS_CANDIDATES,,,,,,,,"572,967,31,330",645,,,,leftmost of 1 free runs,645:63-328:free,1,0,63-328,809,89.7,,,,,,,,,,,,,,,,,,,,,,,,,,,,,,,,,,,,,,,,,,,,,
475,Fig. 1,ID475__fig1.png,OFF,151,AXIS_FALLBACK,,,,,,,,"609,967,31,330",645,265,265,0.95,leftmost column whose run is >= 0.95 of the longest (265 px),645:265px;798:74px;797:74px;913:65px;912:65px;684:64px,,,,,,,,,,,,,,,,,,,,,,,,,,,,,,,,,,,,,,,,,,,,,,,,,,
475,Fig. 1,ID475__fig1.png,OFF,151,AXIS_CANDIDATES,,,,,,,,"609,967,31,330",645,,,,leftmost of 1 free runs,645:63-328:free,1,0,63-328,823,89.7,,,,,,,,,,,,,,,,,,,,,,,,,,,,,,,,,,,,,,,,,,,,,
475,Fig. 1,ID475__fig1.png,OFF,151,AXIS_FALLBACK,,,,,,,,"106,501,27,297",179,237,237,0.95,leftmost column whose run is >= 0.95 of the longest (237 px),179:237px;499:81px;467:81px;500:80px;466:80px;447:69px,,,,,,,,,,,,,,,,,,,,,,,,,,,,,,,,,,,,,,,,,,,,,,,,,,
475,Fig. 1,ID475__fig1.png,OFF,151,AXIS_CANDIDATES,,,,,,,,"106,501,27,297",179,,,,no free run; leftmost of 1 clipped,179:60-324:clipped,0,1,60-324,343,81.0,,,,,,,,,,,,,,,,,,,,,,,,,,,,,,,,,,,,,,,,,,,,,
475,Fig. 1,ID475__fig1.png,OFF,151,AXIS_FALLBACK,,,,,,,,"572,967,31,301",645,238,238,0.95,leftmost column whose run is >= 0.95 of the longest (238 px),645:238px;798:74px;797:74px;913:65px;912:65px;684:64px,,,,,,,,,,,,,,,,,,,,,,,,,,,,,,,,,,,,,,,,,,,,,,,,,,
475,Fig. 1,ID475__fig1.png,OFF,151,AXIS_CANDIDATES,,,,,,,,"572,967,31,301",645,,,,no free run; leftmost of 1 clipped,645:63-328:clipped,0,1,63-328,809,81.0,,,,,,,,,,,,,,,,,,,,,,,,,,,,,,,,,,,,,,,,,,,,,
475,Fig. 1,ID475__fig1.png,OFF,151,AXIS_FALLBACK,,,,,,,,"609,967,31,301",645,238,238,0.95,leftmost column whose run is >= 0.95 of the longest (238 px),645:238px;798:74px;797:74px;913:65px;912:65px;684:64px,,,,,,,,,,,,,,,,,,,,,,,,,,,,,,,,,,,,,,,,,,,,,,,,,,
475,Fig. 1,ID475__fig1.png,OFF,151,AXIS_CANDIDATES,,,,,,,,"609,967,31,301",645,,,,no free run; leftmost of 1 clipped,645:63-328:clipped,0,1,63-328,823,81.0,,,,,,,,,,,,,,,,,,,,,,,,,,,,,,,,,,,,,,,,,,,,,
475,Fig. 1,ID475__fig1.png,OFF,151,AXIS_FALLBACK,,,,,,,,"609,967,403,619",795,109,112,0.95,leftmost column whose run is >= 0.95 of the longest (112 px),912:112px;911:112px;796:109px;795:109px;679:106px;678:106px,,,,,,,,,,,,,,,,,,,,,,,,,,,,,,,,,,,,,,,,,,,,,,,,,,
475,Fig. 1,ID475__fig1.png,OFF,151,AXIS_CANDIDATES,,,,,,,,"609,967,403,619",795,,,,leftmost of 2 free runs,795:406-515:free;796:406-515:free;678:513-619:clipped;679:513-619:clipped,2,2,406-515,823,64.8,,,,,,,,,,,,,,,,,,,,,,,,,,,,,,,,,,,,,,,,,,,,,
475,Fig. 1,ID475__fig1.png,OFF,151,AXIS_FALLBACK,,,,,,,,"92,273,695,975",173,220,220,0.95,leftmost column whose run is >= 0.95 of the longest (220 px),173:220px;249:65px;248:65px;247:65px;211:40px;210:40px,,,,,,,,,,,,,,,,,,,,,,,,,,,,,,,,,,,,,,,,,,,,,,,,,,
475,Fig. 1,ID475__fig1.png,OFF,151,AXIS_CANDIDATES,,,,,,,,"92,273,695,975",173,,,,leftmost of 1 free runs,173:748-968:free,1,0,748-968,200,84.0,,,,,,,,,,,,,,,,,,,,,,,,,,,,,,,,,,,,,,,,,,,,,
475,Fig. 1,ID475__fig1.png,OFF,151,AXIS_FALLBACK,,,,,,,,"428,500,834,951",444,117,117,0.95,leftmost column whose run is >= 0.95 of the longest (117 px),445:117px;444:117px;482:63px;481:63px;461:27px;460:27px,,,,,,,,,,,,,,,,,,,,,,,,,,,,,,,,,,,,,,,,,,,,,,,,,,
475,Fig. 1,ID475__fig1.png,OFF,151,AXIS_CANDIDATES,,,,,,,,"428,500,834,951",444,,,,no free run; leftmost of 2 clipped,444:834-951:clipped;445:834-951:clipped,0,2,834-951,471,35.1,,,,,,,,,,,,,,,,,,,,,,,,,,,,,,,,,,,,,,,,,,,,,
475,Fig. 1,ID475__fig1.png,OFF,151,AXIS_FALLBACK,,,,,,,,"609,967,738,938",679,102,103,0.95,leftmost column whose run is >= 0.95 of the longest (103 px),797:103px;796:103px;680:102px;679:102px;914:99px;913:99px,,,,,,,,,,,,,,,,,,,,,,,,,,,,,,,,,,,,,,,,,,,,,,,,,,
475,Fig. 1,ID475__fig1.png,OFF,151,AXIS_CANDIDATES,,,,,,,,"609,967,738,938",679,,,,leftmost of 2 free runs,679:835-937:free;680:835-937:free;796:835-938:clipped;797:835-938:clipped,2,2,835-937,823,60.0,,,,,,,,,,,,,,,,,,,,,,,,,,,,,,,,,,,,,,,,,,,,,
475,Fig. 1,ID475__fig1.png,OFF,151,AXIS_FALLBACK,,,,,,,,"101,268,499,627",212,65,68,0.95,leftmost column whose run is >= 0.95 of the longest (68 px),250:68px;249:68px;213:65px;212:65px;266:51px;267:50px,,,,,,,,,,,,,,,,,,,,,,,,,,,,,,,,,,,,,,,,,,,,,,,,,,
475,Fig. 1,ID475__fig1.png,OFF,151,AXIS_CANDIDATES,,,,,,,,"101,268,499,627",,,,,no run long enough,,0,0,,201,38.4,,,,,,,,,,,,,,,,,,,,,,,,,,,,,,,,,,,,,,,,,,,,,
475,Fig. 1,ID475__fig1.png,OFF,151,AXIS_FALLBACK,,,,,,,,"428,500,510,664",445,120,120,0.95,leftmost column whose run is >= 0.95 of the longest (120 px),446:120px;445:120px;499:63px;483:63px;482:63px;481:63px,,,,,,,,,,,,,,,,,,,,,,,,,,,,,,,,,,,,,,,,,,,,,,,,,,
475,Fig. 1,ID475__fig1.png,OFF,151,AXIS_CANDIDATES,,,,,,,,"428,500,510,664",445,,,,no free run; leftmost of 4 clipped,445:510-630:clipped;446:510-630:clipped;465:510-573:clipped;466:510-573:clipped,0,4,510-630,471,46.2,,,,,,,,,,,,,,,,,,,,,,,,,,,,,,,,,,,,,,,,,,,,,
475,Fig. 1,ID475__fig1.png,PLAIN,151,CUT,1,col,0,501-554,53,"0,527,0,1020","527,1054,0,1020",,,,,,,,,,,,,,,,,,,,,,,,,,,,,,,,,,,,,,,,,,,,,,,,,,,,,,,,,
475,Fig. 1,ID475__fig1.png,PLAIN,151,CUT,2,row,1,664-695,31,"0,527,0,679","0,527,679,1020",,,,,,,,,,,,,,,,,,,,,,,,,,,,,,,,,,,,,,,,,,,,,,,,,,,,,,,,,
475,Fig. 1,ID475__fig1.png,PLAIN,151,CUT,3,row,2,341-370,29,"0,527,0,355","0,527,355,679",,,,,,,,,,,,,,,,,,,,,,,,,,,,,,,,,,,,,,,,,,,,,,,,,,,,,,,,,
475,Fig. 1,ID475__fig1.png,PLAIN,151,CUT,4,col,3,124-142,18,"0,133,0,355","133,527,0,355",,,,,,,,,,,,,,,,,,,,,,,,,,,,,,,,,,,,,,,,,,,,,,,,,,,,,,,,,
475,Fig. 1,ID475__fig1.png,PLAIN,151,CUT,5,col,3,384-428,44,"0,406,355,679","406,527,355,679",,,,,,,,,,,,,,,,,,,,,,,,,,,,,,,,,,,,,,,,,,,,,,,,,,,,,,,,,
475,Fig. 1,ID475__fig1.png,PLAIN,151,CUT,6,row,2,720-739,19,"0,527,679,729","0,527,729,1020",,,,,,,,,,,,,,,,,,,,,,,,,,,,,,,,,,,,,,,,,,,,,,,,,,,,,,,,,
475,Fig. 1,ID475__fig1.png,PLAIN,151,CUT,7,col,3,174-192,18,"0,183,679,729","183,527,679,729",,,,,,,,,,,,,,,,,,,,,,,,,,,,,,,,,,,,,,,,,,,,,,,,,,,,,,,,,
475,Fig. 1,ID475__fig1.png,PLAIN,151,CUT,8,row,1,341-373,32,"527,1054,0,357","527,1054,357,1020",,,,,,,,,,,,,,,,,,,,,,,,,,,,,,,,,,,,,,,,,,,,,,,,,,,,,,,,,
475,Fig. 1,ID475__fig1.png,PLAIN,151,CUT,9,col,2,590-609,19,"527,599,0,357","599,1054,0,357",,,,,,,,,,,,,,,,,,,,,,,,,,,,,,,,,,,,,,,,,,,,,,,,,,,,,,,,,
475,Fig. 1,ID475__fig1.png,PLAIN,151,CUT,10,row,3,254-262,8,"527,599,0,258","527,599,258,357",,,,,,,,,,,,,,,,,,,,,,,,,,,,,,,,,,,,,,,,,,,,,,,,,,,,,,,,,
475,Fig. 1,ID475__fig1.png,PLAIN,151,CUT,11,row,2,669-695,26,"527,1054,357,682","527,1054,682,1020",,,,,,,,,,,,,,,,,,,,,,,,,,,,,,,,,,,,,,,,,,,,,,,,,,,,,,,,,
475,Fig. 1,ID475__fig1.png,PLAIN,151,CUT,12,row,3,619-640,21,"527,1054,357,629","527,1054,629,682",,,,,,,,,,,,,,,,,,,,,,,,,,,,,,,,,,,,,,,,,,,,,,,,,,,,,,,,,
475,Fig. 1,ID475__fig1.png,PLAIN,151,CUT,13,col,3,743-791,48,"527,767,682,1020","767,1054,682,1020",,,,,,,,,,,,,,,,,,,,,,,,,,,,,,,,,,,,,,,,,,,,,,,,,,,,,,,,,
475,Fig. 1,ID475__fig1.png,PLAIN,151,AXIS_FALLBACK,,,,,,,,"142,501,27,341",179,264,264,0.95,leftmost column whose run is >= 0.95 of the longest (264 px),179:264px;499:81px;467:81px;500:80px;466:80px;447:69px,,,,,,,,,,,,,,,,,,,,,,,,,,,,,,,,,,,,,,,,,,,,,,,,,,
475,Fig. 1,ID475__fig1.png,PLAIN,151,AXIS_FALLBACK,,,,,,,,"92,500,739,975",173,220,220,0.95,leftmost column whose run is >= 0.95 of the longest (220 px),173:220px;445:117px;444:117px;249:65px;248:65px;247:65px,,,,,,,,,,,,,,,,,,,,,,,,,,,,,,,,,,,,,,,,,,,,,,,,,,
475,Fig. 1,ID475__fig1.png,PLAIN,151,AXIS_FALLBACK,,,,,,,,"609,967,31,341",645,265,265,0.95,leftmost column whose run is >= 0.95 of the longest (265 px),645:265px;798:74px;797:74px;913:65px;912:65px;684:64px,,,,,,,,,,,,,,,,,,,,,,,,,,,,,,,,,,,,,,,,,,,,,,,,,,
475,Fig. 1,ID475__fig1.png,PLAIN,151,AXIS_FALLBACK,,,,,,,,"565,966,373,619",795,109,112,0.95,leftmost column whose run is >= 0.95 of the longest (112 px),912:112px;911:112px;796:109px;795:109px;679:106px;678:106px,,,,,,,,,,,,,,,,,,,,,,,,,,,,,,,,,,,,,,,,,,,,,,,,,,
475,Fig. 1,ID475__fig1.png,PLAIN,151,AXIS_FALLBACK,,,,,,,,"428,500,510,664",445,120,120,0.95,leftmost column whose run is >= 0.95 of the longest (120 px),446:120px;445:120px;499:63px;483:63px;482:63px;481:63px,,,,,,,,,,,,,,,,,,,,,,,,,,,,,,,,,,,,,,,,,,,,,,,,,,
475,Fig. 1,ID475__fig1.png,PLAIN,151,AXIS_FALLBACK,,,,,,,,"142,501,27,341",179,264,264,0.95,leftmost column whose run is >= 0.95 of the longest (264 px),179:264px;499:81px;467:81px;500:80px;466:80px;447:69px,,,,,,,,,,,,,,,,,,,,,,,,,,,,,,,,,,,,,,,,,,,,,,,,,,
475,Fig. 1,ID475__fig1.png,PLAIN,151,AXIS_FALLBACK,,,,,,,,"428,500,510,664",445,120,120,0.95,leftmost column whose run is >= 0.95 of the longest (120 px),446:120px;445:120px;499:63px;483:63px;482:63px;481:63px,,,,,,,,,,,,,,,,,,,,,,,,,,,,,,,,,,,,,,,,,,,,,,,,,,
475,Fig. 1,ID475__fig1.png,PLAIN,151,AXIS_FALLBACK,,,,,,,,"92,500,739,975",173,220,220,0.95,leftmost column whose run is >= 0.95 of the longest (220 px),173:220px;445:117px;444:117px;249:65px;248:65px;247:65px,,,,,,,,,,,,,,,,,,,,,,,,,,,,,,,,,,,,,,,,,,,,,,,,,,
475,Fig. 1,ID475__fig1.png,PLAIN,151,AXIS_FALLBACK,,,,,,,,"609,967,31,341",645,265,265,0.95,leftmost column whose run is >= 0.95 of the longest (265 px),645:265px;798:74px;797:74px;913:65px;912:65px;684:64px,,,,,,,,,,,,,,,,,,,,,,,,,,,,,,,,,,,,,,,,,,,,,,,,,,
475,Fig. 1,ID475__fig1.png,PLAIN,151,AXIS_FALLBACK,,,,,,,,"565,966,373,619",795,109,112,0.95,leftmost column whose run is >= 0.95 of the longest (112 px),912:112px;911:112px;796:109px;795:109px;679:106px;678:106px,,,,,,,,,,,,,,,,,,,,,,,,,,,,,,,,,,,,,,,,,,,,,,,,,,
475,Fig. 1,ID475__fig1.png,PLAIN,151,AXIS_FALLBACK,,,,,,,,"609,967,738,938",679,102,103,0.95,leftmost column whose run is >= 0.95 of the longest (103 px),797:103px;796:103px;680:102px;679:102px;914:99px;913:99px,,,,,,,,,,,,,,,,,,,,,,,,,,,,,,,,,,,,,,,,,,,,,,,,,,
475,Fig. 1,ID475__fig1.png,PLAIN,151,AXIS_FALLBACK,,,,,,,,"565,966,738,938",679,102,103,0.95,leftmost column whose run is >= 0.95 of the longest (103 px),797:103px;796:103px;680:102px;679:102px;914:99px;913:99px,,,,,,,,,,,,,,,,,,,,,,,,,,,,,,,,,,,,,,,,,,,,,,,,,,
475,Fig. 1,ID475__fig1.png,PLAIN,151,AXIS_CANDIDATES,,,,,,,,"142,501,27,341",179,,,,leftmost of 1 free runs,179:60-324:free,1,0,60-324,357,94.2,,,,,,,,,,,,,,,,,,,,,,,,,,,,,,,,,,,,,,,,,,,,,
475,Fig. 1,ID475__fig1.png,PLAIN,151,AXIS_FALLBACK,,,,,,,,"142,501,27,341",179,264,264,0.95,leftmost column whose run is >= 0.95 of the longest (264 px),179:264px;499:81px;467:81px;500:80px;466:80px;447:69px,,,,,,,,,,,,,,,,,,,,,,,,,,,,,,,,,,,,,,,,,,,,,,,,,,
475,Fig. 1,ID475__fig1.png,PLAIN,151,AXIS_CANDIDATES,,,,,,,,"609,967,31,341",645,,,,leftmost of 1 free runs,645:63-328:free,1,0,63-328,823,93.0,,,,,,,,,,,,,,,,,,,,,,,,,,,,,,,,,,,,,,,,,,,,,
475,Fig. 1,ID475__fig1.png,PLAIN,151,AXIS_FALLBACK,,,,,,,,"609,967,31,341",645,265,265,0.95,leftmost column whose run is >= 0.95 of the longest (265 px),645:265px;798:74px;797:74px;913:65px;912:65px;684:64px,,,,,,,,,,,,,,,,,,,,,,,,,,,,,,,,,,,,,,,,,,,,,,,,,,
475,Fig. 1,ID475__fig1.png,PLAIN,151,AXIS_CANDIDATES,,,,,,,,"565,966,373,619",795,,,,leftmost of 2 free runs,795:406-515:free;796:406-515:free;678:513-619:clipped;679:513-619:clipped,2,2,406-515,805,73.8,,,,,,,,,,,,,,,,,,,,,,,,,,,,,,,,,,,,,,,,,,,,,
475,Fig. 1,ID475__fig1.png,PLAIN,151,AXIS_FALLBACK,,,,,,,,"565,966,373,619",795,109,112,0.95,leftmost column whose run is >= 0.95 of the longest (112 px),912:112px;911:112px;796:109px;795:109px;679:106px;678:106px,,,,,,,,,,,,,,,,,,,,,,,,,,,,,,,,,,,,,,,,,,,,,,,,,,
475,Fig. 1,ID475__fig1.png,PLAIN,151,AXIS_CANDIDATES,,,,,,,,"92,500,739,975",173,,,,leftmost of 1 free runs,173:748-968:free,1,0,748-968,336,70.8,,,,,,,,,,,,,,,,,,,,,,,,,,,,,,,,,,,,,,,,,,,,,
475,Fig. 1,ID475__fig1.png,PLAIN,151,AXIS_FALLBACK,,,,,,,,"92,500,739,975",173,220,220,0.95,leftmost column whose run is >= 0.95 of the longest (220 px),173:220px;445:117px;444:117px;249:65px;248:65px;247:65px,,,,,,,,,,,,,,,,,,,,,,,,,,,,,,,,,,,,,,,,,,,,,,,,,,
475,Fig. 1,ID475__fig1.png,PLAIN,151,AXIS_CANDIDATES,,,,,,,,"428,500,510,664",445,,,,no free run; leftmost of 4 clipped,445:510-630:clipped;446:510-630:clipped;465:510-573:clipped;466:510-573:clipped,0,4,510-630,471,46.2,,,,,,,,,,,,,,,,,,,,,,,,,,,,,,,,,,,,,,,,,,,,,
475,Fig. 1,ID475__fig1.png,PLAIN,151,AXIS_FALLBACK,,,,,,,,"428,500,510,664",445,120,120,0.95,leftmost column whose run is >= 0.95 of the longest (120 px),446:120px;445:120px;499:63px;483:63px;482:63px;481:63px,,,,,,,,,,,,,,,,,,,,,,,,,,,,,,,,,,,,,,,,,,,,,,,,,,
475,Fig. 1,ID475__fig1.png,PLAIN,151,AXIS_CANDIDATES,,,,,,,,"609,967,738,938",679,,,,leftmost of 2 free runs,679:835-937:free;680:835-937:free;796:835-938:clipped;797:835-938:clipped,2,2,835-937,823,60.0,,,,,,,,,,,,,,,,,,,,,,,,,,,,,,,,,,,,,,,,,,,,,
475,Fig. 1,ID475__fig1.png,PLAIN,151,AXIS_FALLBACK,,,,,,,,"609,967,738,938",679,102,103,0.95,leftmost column whose run is >= 0.95 of the longest (103 px),797:103px;796:103px;680:102px;679:102px;914:99px;913:99px,,,,,,,,,,,,,,,,,,,,,,,,,,,,,,,,,,,,,,,,,,,,,,,,,,
475,Fig. 1,ID475__fig1.png,PLAIN,151,AXIS_CANDIDATES,,,,,,,,"565,966,738,938",679,,,,leftmost of 2 free runs,679:835-937:free;680:835-937:free;796:835-938:clipped;797:835-938:clipped,2,2,835-937,805,60.0,,,,,,,,,,,,,,,,,,,,,,,,,,,,,,,,,,,,,,,,,,,,,
475,Fig. 1,ID475__fig1.png,PLAIN,151,AXIS_FALLBACK,,,,,,,,"565,966,738,938",679,102,103,0.95,leftmost column whose run is >= 0.95 of the longest (103 px),797:103px;796:103px;680:102px;679:102px;914:99px;913:99px,,,,,,,,,,,,,,,,,,,,,,,,,,,,,,,,,,,,,,,,,,,,,,,,,,
475,Fig. 1,ID475__fig1.png,PLAIN,151,AXIS_FALLBACK,,,,,,,,"142,501,27,341",179,264,264,0.95,leftmost column whose run is >= 0.95 of the longest (264 px),179:264px;499:81px;467:81px;500:80px;466:80px;447:69px,,,,,,,,,,,,,,,,,,,,,,,,,,,,,,,,,,,,,,,,,,,,,,,,,,
475,Fig. 1,ID475__fig1.png,PLAIN,151,AXIS_FALLBACK,,,,,,,,"142,501,27,341",179,264,264,0.95,leftmost column whose run is >= 0.95 of the longest (264 px),179:264px;499:81px;467:81px;500:80px;466:80px;447:69px,,,,,,,,,,,,,,,,,,,,,,,,,,,,,,,,,,,,,,,,,,,,,,,,,,
475,Fig. 1,ID475__fig1.png,PLAIN,151,AXIS_FALLBACK,,,,,,,,"142,501,27,341",179,264,264,0.95,leftmost column whose run is >= 0.95 of the longest (264 px),179:264px;499:81px;467:81px;500:80px;466:80px;447:69px,,,,,,,,,,,,,,,,,,,,,,,,,,,,,,,,,,,,,,,,,,,,,,,,,,
475,Fig. 1,ID475__fig1.png,PLAIN,151,ORPHAN,,,,18,,,,,,,,,,,,,,,,"106,124,112,270",18,158,OFFERED,,,,,,,,,"142,501,27,341",,left,,,,,,,,,,,,,,34,,,,,,,,,,,,,,,,
475,Fig. 1,ID475__fig1.png,PLAIN,151,GATE,,,,18,,,,,,,,,,,,,,,,"106,124,112,270",,,,,,,,,,,,"142,501,27,341",,left,True,O,O,-,X,O,-,,,,,,,,,,,,,,,,,,,,,,,
475,Fig. 1,ID475__fig1.png,PLAIN,151,GATE_WHY,,,,,,,,,,,,,,,,,,,,"106,124,112,270",,,,,,,,,,,,"142,501,27,341",,,,,,,,,,"축 없음, 잉크 0.354","행 겹침 1.00, 패널 행 27-341, 조각 112-270",이 클립에서 캡션을 읽지 못했다,"건너는 간격 59 px, 패널 내부의 가장 큰 간격 0 px","밑변에 선 열 0.00, 축 범위 안 잉크 1.00 (교집합 1.00)",막대·눈금이 0→0개뿐이라 규칙성을 잴 수 없다,,,,,,,,,,,,,,,,,
475,Fig. 1,ID475__fig1.png,PLAIN,151,POST,,,,,,,,,,,,,,,,,,,,"106,124,112,270",,,ADOPTED,,,,,,,,,"142,501,27,341",,,,,,,,,,,,,,,,,"106,501,27,341",,,,,,,,,,,,,,,
475,Fig. 1,ID475__fig1.png,PLAIN,151,ORPHAN,,,,,,,,,,,,,,,,,,,,"99,384,370,664",285,294,NO_PANEL_IN_REACH,0,left 181px share 1.00 reach 34 [gap] | overlap 0px share 0.00 reach 34 [share],,,,,,,,,,,,,,,,,,,,,,,,,,,,,,,,,,,,,,,
475,Fig. 1,ID475__fig1.png,PLAIN,151,PIECE_RELATION,,,,,,,,,,,,,,,,,,,,"99,384,370,664",,,,,,OPPOSITE_HALF_UNIQUE_PANEL,1,0,"428,500,510,664",,CONTAINMENT,,,,,,,,,,,,,,,,,,,,,,,,,,,,,,,,,
475,Fig. 1,ID475__fig1.png,PLAIN,151,AXIS_FALLBACK,,,,,,,,"428,500,510,664",445,120,120,0.95,leftmost column whose run is >= 0.95 of the longest (120 px),446:120px;445:120px;499:63px;483:63px;482:63px;481:63px,,,,,,,,,,,,,,,,,,,,,,,,,,,,,,,,,,,,,,,,,,,,,,,,,,
475,Fig. 1,ID475__fig1.png,PLAIN,151,AXIS_FALLBACK,,,,,,,,"428,500,510,664",445,120,120,0.95,leftmost column whose run is >= 0.95 of the longest (120 px),446:120px;445:120px;499:63px;483:63px;482:63px;481:63px,,,,,,,,,,,,,,,,,,,,,,,,,,,,,,,,,,,,,,,,,,,,,,,,,,
475,Fig. 1,ID475__fig1.png,PLAIN,151,AXIS_FALLBACK,,,,,,,,"428,500,510,664",445,120,120,0.95,leftmost column whose run is >= 0.95 of the longest (120 px),446:120px;445:120px;499:63px;483:63px;482:63px;481:63px,,,,,,,,,,,,,,,,,,,,,,,,,,,,,,,,,,,,,,,,,,,,,,,,,,
475,Fig. 1,ID475__fig1.png,PLAIN,151,GATE_SHADOW,5,,,,44,,,,,,,,,,,,,,,"99,384,370,664",,,,,,,,,,,,"428,500,510,664",col,left,False,O,X,-,X,X,-,,,,,,,,,,,,,,,,,,,,,,,
475,Fig. 1,ID475__fig1.png,PLAIN,151,GATE_SHADOW_WHY,,,,,,,,,,,,,,,,,,,,"99,384,370,664",,,,,,,,,,,,"428,500,510,664",,,,,,,,,,"축 없음, 잉크 0.050","행 겹침 1.00, 패널 행 510-664, 조각 370-664",이 클립에서 캡션을 읽지 못했다,"건너는 간격 61 px, 패널 내부의 가장 큰 간격 18 px","밑변에 선 열 0.07, 축 범위 안 잉크 0.46 (교집합 0.46)",막대·눈금이 0→0개뿐이라 규칙성을 잴 수 없다,,,,,,,,,,,,,,,,,
475,Fig. 1,ID475__fig1.png,PLAIN,151,ORPHAN,,,,,,,,,,,,,,,,,,,,"138,174,695,729",36,34,NO_PANEL_IN_REACH,0,left 435px share 0.00 reach 34 [gap] [share] | overlap 0px share 0.00 reach 34 [share],,,,,,,,,,,,,,,,,,,,,,,,,,,,,,,,,,,,,,,
475,Fig. 1,ID475__fig1.png,PLAIN,151,PIECE_RELATION,,,,,,,,,,,,,,,,,,,,"138,174,695,729",,,,,,NO_SELECTED_PANEL_DESCENDANT,0,0,,,CONTAINMENT,,,,,,,,,,,,,,,,,,,,,,,,,,,,,,,,,
475,Fig. 1,ID475__fig1.png,PLAIN,151,ORPHAN,,,,,,,,,,,,,,,,,,,,"192,211,696,720",19,24,NO_PANEL_IN_REACH,0,left 398px share 0.00 reach 34 [gap] [share] | overlap 0px share 0.00 reach 34 [share],,,,,,,,,,,,,,,,,,,,,,,,,,,,,,,,,,,,,,,
475,Fig. 1,ID475__fig1.png,PLAIN,151,PIECE_RELATION,,,,,,,,,,,,,,,,,,,,"192,211,696,720",,,,,,NO_SELECTED_PANEL_DESCENDANT,0,0,,,CONTAINMENT,,,,,,,,,,,,,,,,,,,,,,,,,,,,,,,,,
475,Fig. 1,ID475__fig1.png,PLAIN,151,AXIS_FALLBACK,,,,,,,,"609,967,31,341",645,265,265,0.95,leftmost column whose run is >= 0.95 of the longest (265 px),645:265px;798:74px;797:74px;913:65px;912:65px;684:64px,,,,,,,,,,,,,,,,,,,,,,,,,,,,,,,,,,,,,,,,,,,,,,,,,,
475,Fig. 1,ID475__fig1.png,PLAIN,151,AXIS_FALLBACK,,,,,,,,"609,967,31,341",645,265,265,0.95,leftmost column whose run is >= 0.95 of the longest (265 px),645:265px;798:74px;797:74px;913:65px;912:65px;684:64px,,,,,,,,,,,,,,,,,,,,,,,,,,,,,,,,,,,,,,,,,,,,,,,,,,
475,Fig. 1,ID475__fig1.png,PLAIN,151,AXIS_FALLBACK,,,,,,,,"609,967,31,341",645,265,265,0.95,leftmost column whose run is >= 0.95 of the longest (265 px),645:265px;798:74px;797:74px;913:65px;912:65px;684:64px,,,,,,,,,,,,,,,,,,,,,,,,,,,,,,,,,,,,,,,,,,,,,,,,,,
475,Fig. 1,ID475__fig1.png,PLAIN,151,ORPHAN,,,,19,,,,,,,,,,,,,,,,"572,590,116,254",18,138,OFFERED,,,,,,,,,"609,967,31,341",,left,,,,,,,,,,,,,,34,,,,,,,,,,,,,,,,
475,Fig. 1,ID475__fig1.png,PLAIN,151,GATE,,,,19,,,,,,,,,,,,,,,,"572,590,116,254",,,,,,,,,,,,"609,967,31,341",,left,True,O,O,-,X,O,-,,,,,,,,,,,,,,,,,,,,,,,
475,Fig. 1,ID475__fig1.png,PLAIN,151,GATE_WHY,,,,,,,,,,,,,,,,,,,,"572,590,116,254",,,,,,,,,,,,"609,967,31,341",,,,,,,,,,"축 없음, 잉크 0.375","행 겹침 1.00, 패널 행 31-341, 조각 116-254",이 클립에서 캡션을 읽지 못했다,"건너는 간격 59 px, 패널 내부의 가장 큰 간격 0 px","밑변에 선 열 0.00, 축 범위 안 잉크 1.07 (교집합 1.00)",막대·눈금이 0→0개뿐이라 규칙성을 잴 수 없다,,,,,,,,,,,,,,,,,
475,Fig. 1,ID475__fig1.png,PLAIN,151,POST,,,,,,,,,,,,,,,,,,,,"572,590,116,254",,,ADOPTED,,,,,,,,,"609,967,31,341",,,,,,,,,,,,,,,,,"572,967,31,341",,,,,,,,,,,,,,,
475,Fig. 1,ID475__fig1.png,PLAIN,151,ORPHAN,,,,,,,,,,,,,,,,,,,,"604,944,640,669",340,29,NO_PANEL_IN_REACH,0,overlap 0px share 0.00 reach 34 [share] | right 104px share 0.83 reach 34 [gap],,,,,,,,,,,,,,,,,,,,,,,,,,,,,,,,,,,,,,,
475,Fig. 1,ID475__fig1.png,PLAIN,151,PIECE_RELATION,,,,,,,,,,,,,,,,,,,,"604,944,640,669",,,,,,OPPOSITE_HALF_UNIQUE_PANEL,1,0,"565,966,373,619",,CONTAINMENT,,,,,,,,,,,,,,,,,,,,,,,,,,,,,,,,,
475,Fig. 1,ID475__fig1.png,PLAIN,151,AXIS_FALLBACK,,,,,,,,"565,966,373,619",795,109,112,0.95,leftmost column whose run is >= 0.95 of the longest (112 px),912:112px;911:112px;796:109px;795:109px;679:106px;678:106px,,,,,,,,,,,,,,,,,,,,,,,,,,,,,,,,,,,,,,,,,,,,,,,,,,
475,Fig. 1,ID475__fig1.png,PLAIN,151,AXIS_FALLBACK,,,,,,,,"565,966,373,619",795,109,112,0.95,leftmost column whose run is >= 0.95 of the longest (112 px),912:112px;911:112px;796:109px;795:109px;679:106px;678:106px,,,,,,,,,,,,,,,,,,,,,,,,,,,,,,,,,,,,,,,,,,,,,,,,,,
475,Fig. 1,ID475__fig1.png,PLAIN,151,AXIS_FALLBACK,,,,,,,,"565,966,373,619",795,109,112,0.95,leftmost column whose run is >= 0.95 of the longest (112 px),912:112px;911:112px;796:109px;795:109px;679:106px;678:106px,,,,,,,,,,,,,,,,,,,,,,,,,,,,,,,,,,,,,,,,,,,,,,,,,,
475,Fig. 1,ID475__fig1.png,PLAIN,151,GATE_SHADOW,12,,,,21,,,,,,,,,,,,,,,"604,944,640,669",,,,,,,,,,,,"565,966,373,619",row,below,False,O,X,-,O,O,-,,,,,,,,,,,,,,,,,,,,,,,
475,Fig. 1,ID475__fig1.png,PLAIN,151,GATE_SHADOW_WHY,,,,,,,,,,,,,,,,,,,,"604,944,640,669",,,,,,,,,,,,"565,966,373,619",,,,,,,,,,"축 없음, 잉크 0.103","행 겹침 -0.72, 패널 행 373-619, 조각 640-669",이 클립에서 캡션을 읽지 못했다,"건너는 간격 0 px, 패널 내부의 가장 큰 간격 0 px","밑변에 선 열 0.00, 축 범위 안 잉크 2.02 (교집합 0.00)",막대·눈금이 1→1개뿐이라 규칙성을 잴 수 없다,,,,,,,,,,,,,,,,,
475,Fig. 1,ID475__fig1.png,PLAIN,151,ORPHAN,,,,,,,,,,,,,,,,,,,,"553,743,695,981",190,286,NO_PANEL_IN_REACH,0,overlap 0px share 1.00 reach 34 | right 53px share 1.00 reach 34 [gap],,,,,,,,,,,,,,,,,,,,,,,,,,,,,,,,,,,,,,,
475,Fig. 1,ID475__fig1.png,PLAIN,151,PIECE_RELATION,,,,,,,,,,,,,,,,,,,,"553,743,695,981",,,,,,NO_SELECTED_PANEL_DESCENDANT,0,0,,,CONTAINMENT,,,,,,,,,,,,,,,,,,,,,,,,,,,,,,,,,
475,Fig. 1,ID475__fig1.png,PLAIN,151,ORPHAN,,,,,,,,,,,,,,,,,,,,"791,969,738,981",178,243,NO_PANEL_IN_REACH,0,overlap 0px share 1.00 reach 34 | right 291px share 1.00 reach 34 [gap],,,,,,,,,,,,,,,,,,,,,,,,,,,,,,,,,,,,,,,
475,Fig. 1,ID475__fig1.png,PLAIN,151,PIECE_RELATION,,,,,,,,,,,,,,,,,,,,"791,969,738,981",,,,,,NO_SELECTED_PANEL_DESCENDANT,0,0,,,CONTAINMENT,,,,,,,,,,,,,,,,,,,,,,,,,,,,,,,,,
475,Fig. 1,ID475__fig1.png,PLAIN,151,AXIS_FALLBACK,,,,,,,,"142,501,27,341",179,264,264,0.95,leftmost column whose run is >= 0.95 of the longest (264 px),179:264px;499:81px;467:81px;500:80px;466:80px;447:69px,,,,,,,,,,,,,,,,,,,,,,,,,,,,,,,,,,,,,,,,,,,,,,,,,,
475,Fig. 1,ID475__fig1.png,PLAIN,151,AXIS_FALLBACK,,,,,,,,"609,967,31,341",645,265,265,0.95,leftmost column whose run is >= 0.95 of the longest (265 px),645:265px;798:74px;797:74px;913:65px;912:65px;684:64px,,,,,,,,,,,,,,,,,,,,,,,,,,,,,,,,,,,,,,,,,,,,,,,,,,
475,Fig. 1,ID475__fig1.png,PLAIN,151,AXIS_FALLBACK,,,,,,,,"565,966,373,619",795,109,112,0.95,leftmost column whose run is >= 0.95 of the longest (112 px),912:112px;911:112px;796:109px;795:109px;679:106px;678:106px,,,,,,,,,,,,,,,,,,,,,,,,,,,,,,,,,,,,,,,,,,,,,,,,,,
475,Fig. 1,ID475__fig1.png,PLAIN,151,AXIS_FALLBACK,,,,,,,,"92,500,739,975",173,220,220,0.95,leftmost column whose run is >= 0.95 of the longest (220 px),173:220px;445:117px;444:117px;249:65px;248:65px;247:65px,,,,,,,,,,,,,,,,,,,,,,,,,,,,,,,,,,,,,,,,,,,,,,,,,,
475,Fig. 1,ID475__fig1.png,PLAIN,151,AXIS_FALLBACK,,,,,,,,"428,500,510,664",445,120,120,0.95,leftmost column whose run is >= 0.95 of the longest (120 px),446:120px;445:120px;499:63px;483:63px;482:63px;481:63px,,,,,,,,,,,,,,,,,,,,,,,,,,,,,,,,,,,,,,,,,,,,,,,,,,
475,Fig. 1,ID475__fig1.png,PLAIN,151,AXIS_FALLBACK,,,,,,,,"609,967,738,938",679,102,103,0.95,leftmost column whose run is >= 0.95 of the longest (103 px),797:103px;796:103px;680:102px;679:102px;914:99px;913:99px,,,,,,,,,,,,,,,,,,,,,,,,,,,,,,,,,,,,,,,,,,,,,,,,,,
475,Fig. 1,ID475__fig1.png,PLAIN,151,AXIS_FALLBACK,,,,,,,,"565,966,738,938",679,102,103,0.95,leftmost column whose run is >= 0.95 of the longest (103 px),797:103px;796:103px;680:102px;679:102px;914:99px;913:99px,,,,,,,,,,,,,,,,,,,,,,,,,,,,,,,,,,,,,,,,,,,,,,,,,,
475,Fig. 1,ID475__fig1.png,PLAIN,151,AXIS_FALLBACK,,,,,,,,"106,501,27,341",179,264,264,0.95,leftmost column whose run is >= 0.95 of the longest (264 px),179:264px;499:81px;467:81px;500:80px;466:80px;447:69px,,,,,,,,,,,,,,,,,,,,,,,,,,,,,,,,,,,,,,,,,,,,,,,,,,
475,Fig. 1,ID475__fig1.png,PLAIN,151,AXIS_FALLBACK,,,,,,,,"572,967,31,341",645,265,265,0.95,leftmost column whose run is >= 0.95 of the longest (265 px),645:265px;798:74px;797:74px;913:65px;912:65px;684:64px,,,,,,,,,,,,,,,,,,,,,,,,,,,,,,,,,,,,,,,,,,,,,,,,,,
475,Fig. 1,ID475__fig1.png,PLAIN,151,AXIS_FALLBACK,,,,,,,,"106,501,27,341",179,264,264,0.95,leftmost column whose run is >= 0.95 of the longest (264 px),179:264px;499:81px;467:81px;500:80px;466:80px;447:69px,,,,,,,,,,,,,,,,,,,,,,,,,,,,,,,,,,,,,,,,,,,,,,,,,,
475,Fig. 1,ID475__fig1.png,PLAIN,151,AXIS_CANDIDATES,,,,,,,,"106,501,27,341",179,,,,leftmost of 1 free runs,179:60-324:free,1,0,60-324,343,94.2,,,,,,,,,,,,,,,,,,,,,,,,,,,,,,,,,,,,,,,,,,,,,
475,Fig. 1,ID475__fig1.png,PLAIN,151,AXIS_FALLBACK,,,,,,,,"572,967,31,341",645,265,265,0.95,leftmost column whose run is >= 0.95 of the longest (265 px),645:265px;798:74px;797:74px;913:65px;912:65px;684:64px,,,,,,,,,,,,,,,,,,,,,,,,,,,,,,,,,,,,,,,,,,,,,,,,,,
475,Fig. 1,ID475__fig1.png,PLAIN,151,AXIS_CANDIDATES,,,,,,,,"572,967,31,341",645,,,,leftmost of 1 free runs,645:63-328:free,1,0,63-328,809,93.0,,,,,,,,,,,,,,,,,,,,,,,,,,,,,,,,,,,,,,,,,,,,,
475,Fig. 1,ID475__fig1.png,PLAIN,151,AXIS_FALLBACK,,,,,,,,"142,501,27,341",179,264,264,0.95,leftmost column whose run is >= 0.95 of the longest (264 px),179:264px;499:81px;467:81px;500:80px;466:80px;447:69px,,,,,,,,,,,,,,,,,,,,,,,,,,,,,,,,,,,,,,,,,,,,,,,,,,
475,Fig. 1,ID475__fig1.png,PLAIN,151,AXIS_CANDIDATES,,,,,,,,"142,501,27,341",179,,,,leftmost of 1 free runs,179:60-324:free,1,0,60-324,357,94.2,,,,,,,,,,,,,,,,,,,,,,,,,,,,,,,,,,,,,,,,,,,,,
475,Fig. 1,ID475__fig1.png,PLAIN,151,AXIS_FALLBACK,,,,,,,,"609,967,31,341",645,265,265,0.95,leftmost column whose run is >= 0.95 of the longest (265 px),645:265px;798:74px;797:74px;913:65px;912:65px;684:64px,,,,,,,,,,,,,,,,,,,,,,,,,,,,,,,,,,,,,,,,,,,,,,,,,,
475,Fig. 1,ID475__fig1.png,PLAIN,151,AXIS_CANDIDATES,,,,,,,,"609,967,31,341",645,,,,leftmost of 1 free runs,645:63-328:free,1,0,63-328,823,93.0,,,,,,,,,,,,,,,,,,,,,,,,,,,,,,,,,,,,,,,,,,,,,
475,Fig. 1,ID475__fig1.png,PLAIN,151,AXIS_FALLBACK,,,,,,,,"565,966,373,619",795,109,112,0.95,leftmost column whose run is >= 0.95 of the longest (112 px),912:112px;911:112px;796:109px;795:109px;679:106px;678:106px,,,,,,,,,,,,,,,,,,,,,,,,,,,,,,,,,,,,,,,,,,,,,,,,,,
475,Fig. 1,ID475__fig1.png,PLAIN,151,AXIS_CANDIDATES,,,,,,,,"565,966,373,619",795,,,,leftmost of 2 free runs,795:406-515:free;796:406-515:free;678:513-619:clipped;679:513-619:clipped,2,2,406-515,805,73.8,,,,,,,,,,,,,,,,,,,,,,,,,,,,,,,,,,,,,,,,,,,,,
475,Fig. 1,ID475__fig1.png,PLAIN,151,AXIS_FALLBACK,,,,,,,,"92,500,739,975",173,220,220,0.95,leftmost column whose run is >= 0.95 of the longest (220 px),173:220px;445:117px;444:117px;249:65px;248:65px;247:65px,,,,,,,,,,,,,,,,,,,,,,,,,,,,,,,,,,,,,,,,,,,,,,,,,,
475,Fig. 1,ID475__fig1.png,PLAIN,151,AXIS_CANDIDATES,,,,,,,,"92,500,739,975",173,,,,leftmost of 1 free runs,173:748-968:free,1,0,748-968,336,70.8,,,,,,,,,,,,,,,,,,,,,,,,,,,,,,,,,,,,,,,,,,,,,
475,Fig. 1,ID475__fig1.png,PLAIN,151,AXIS_FALLBACK,,,,,,,,"565,966,738,938",679,102,103,0.95,leftmost column whose run is >= 0.95 of the longest (103 px),797:103px;796:103px;680:102px;679:102px;914:99px;913:99px,,,,,,,,,,,,,,,,,,,,,,,,,,,,,,,,,,,,,,,,,,,,,,,,,,
475,Fig. 1,ID475__fig1.png,PLAIN,151,AXIS_CANDIDATES,,,,,,,,"565,966,738,938",679,,,,leftmost of 2 free runs,679:835-937:free;680:835-937:free;796:835-938:clipped;797:835-938:clipped,2,2,835-937,805,60.0,,,,,,,,,,,,,,,,,,,,,,,,,,,,,,,,,,,,,,,,,,,,,
475,Fig. 1,ID475__fig1.png,CAP,151,CUT,1,col,0,501-554,53,"0,527,0,1020","527,1054,0,1020",,,,,,,,,,,,,,,,,,,,,,,,,,,,,,,,,,,,,,,,,,,,,,,,,,,,,,,,,
475,Fig. 1,ID475__fig1.png,CAP,151,CUT,2,row,1,664-695,31,"0,527,0,679","0,527,679,1020",,,,,,,,,,,,,,,,,,,,,,,,,,,,,,,,,,,,,,,,,,,,,,,,,,,,,,,,,
475,Fig. 1,ID475__fig1.png,CAP,151,CUT,3,row,2,341-370,29,"0,527,0,355","0,527,355,679",,,,,,,,,,,,,,,,,,,,,,,,,,,,,,,,,,,,,,,,,,,,,,,,,,,,,,,,,
475,Fig. 1,ID475__fig1.png,CAP,151,CUT,4,col,3,124-142,18,"0,133,0,355","133,527,0,355",,,,,,,,,,,,,,,,,,,,,,,,,,,,,,,,,,,,,,,,,,,,,,,,,,,,,,,,,
475,Fig. 1,ID475__fig1.png,CAP,151,CUT,5,col,3,384-428,44,"0,406,355,679","406,527,355,679",,,,,,,,,,,,,,,,,,,,,,,,,,,,,,,,,,,,,,,,,,,,,,,,,,,,,,,,,
475,Fig. 1,ID475__fig1.png,CAP,151,CUT,6,row,2,720-739,19,"0,527,679,729","0,527,729,1020",,,,,,,,,,,,,,,,,,,,,,,,,,,,,,,,,,,,,,,,,,,,,,,,,,,,,,,,,
475,Fig. 1,ID475__fig1.png,CAP,151,CUT,7,col,3,174-192,18,"0,183,679,729","183,527,679,729",,,,,,,,,,,,,,,,,,,,,,,,,,,,,,,,,,,,,,,,,,,,,,,,,,,,,,,,,
475,Fig. 1,ID475__fig1.png,CAP,151,CUT,8,row,1,341-373,32,"527,1054,0,357","527,1054,357,1020",,,,,,,,,,,,,,,,,,,,,,,,,,,,,,,,,,,,,,,,,,,,,,,,,,,,,,,,,
475,Fig. 1,ID475__fig1.png,CAP,151,CUT,9,col,2,590-609,19,"527,599,0,357","599,1054,0,357",,,,,,,,,,,,,,,,,,,,,,,,,,,,,,,,,,,,,,,,,,,,,,,,,,,,,,,,,
475,Fig. 1,ID475__fig1.png,CAP,151,CUT,10,row,3,254-262,8,"527,599,0,258","527,599,258,357",,,,,,,,,,,,,,,,,,,,,,,,,,,,,,,,,,,,,,,,,,,,,,,,,,,,,,,,,
475,Fig. 1,ID475__fig1.png,CAP,151,CUT,11,row,2,669-695,26,"527,1054,357,682","527,1054,682,1020",,,,,,,,,,,,,,,,,,,,,,,,,,,,,,,,,,,,,,,,,,,,,,,,,,,,,,,,,
475,Fig. 1,ID475__fig1.png,CAP,151,CUT,12,row,3,619-640,21,"527,1054,357,629","527,1054,629,682",,,,,,,,,,,,,,,,,,,,,,,,,,,,,,,,,,,,,,,,,,,,,,,,,,,,,,,,,
475,Fig. 1,ID475__fig1.png,CAP,151,CUT,13,col,3,743-791,48,"527,767,682,1020","767,1054,682,1020",,,,,,,,,,,,,,,,,,,,,,,,,,,,,,,,,,,,,,,,,,,,,,,,,,,,,,,,,
475,Fig. 1,ID475__fig1.png,CAP,151,AXIS_FALLBACK,,,,,,,,"142,501,27,341",179,264,264,0.95,leftmost column whose run is >= 0.95 of the longest (264 px),179:264px;499:81px;467:81px;500:80px;466:80px;447:69px,,,,,,,,,,,,,,,,,,,,,,,,,,,,,,,,,,,,,,,,,,,,,,,,,,
475,Fig. 1,ID475__fig1.png,CAP,151,AXIS_FALLBACK,,,,,,,,"92,500,739,975",173,220,220,0.95,leftmost column whose run is >= 0.95 of the longest (220 px),173:220px;445:117px;444:117px;249:65px;248:65px;247:65px,,,,,,,,,,,,,,,,,,,,,,,,,,,,,,,,,,,,,,,,,,,,,,,,,,
475,Fig. 1,ID475__fig1.png,CAP,151,AXIS_FALLBACK,,,,,,,,"609,967,31,341",645,265,265,0.95,leftmost column whose run is >= 0.95 of the longest (265 px),645:265px;798:74px;797:74px;913:65px;912:65px;684:64px,,,,,,,,,,,,,,,,,,,,,,,,,,,,,,,,,,,,,,,,,,,,,,,,,,
475,Fig. 1,ID475__fig1.png,CAP,151,AXIS_FALLBACK,,,,,,,,"565,966,373,619",795,109,112,0.95,leftmost column whose run is >= 0.95 of the longest (112 px),912:112px;911:112px;796:109px;795:109px;679:106px;678:106px,,,,,,,,,,,,,,,,,,,,,,,,,,,,,,,,,,,,,,,,,,,,,,,,,,
475,Fig. 1,ID475__fig1.png,CAP,151,AXIS_FALLBACK,,,,,,,,"428,500,510,664",445,120,120,0.95,leftmost column whose run is >= 0.95 of the longest (120 px),446:120px;445:120px;499:63px;483:63px;482:63px;481:63px,,,,,,,,,,,,,,,,,,,,,,,,,,,,,,,,,,,,,,,,,,,,,,,,,,
475,Fig. 1,ID475__fig1.png,CAP,151,AXIS_FALLBACK,,,,,,,,"142,501,27,341",179,264,264,0.95,leftmost column whose run is >= 0.95 of the longest (264 px),179:264px;499:81px;467:81px;500:80px;466:80px;447:69px,,,,,,,,,,,,,,,,,,,,,,,,,,,,,,,,,,,,,,,,,,,,,,,,,,
475,Fig. 1,ID475__fig1.png,CAP,151,AXIS_FALLBACK,,,,,,,,"428,500,510,664",445,120,120,0.95,leftmost column whose run is >= 0.95 of the longest (120 px),446:120px;445:120px;499:63px;483:63px;482:63px;481:63px,,,,,,,,,,,,,,,,,,,,,,,,,,,,,,,,,,,,,,,,,,,,,,,,,,
475,Fig. 1,ID475__fig1.png,CAP,151,AXIS_FALLBACK,,,,,,,,"92,500,739,975",173,220,220,0.95,leftmost column whose run is >= 0.95 of the longest (220 px),173:220px;445:117px;444:117px;249:65px;248:65px;247:65px,,,,,,,,,,,,,,,,,,,,,,,,,,,,,,,,,,,,,,,,,,,,,,,,,,
475,Fig. 1,ID475__fig1.png,CAP,151,AXIS_FALLBACK,,,,,,,,"609,967,31,341",645,265,265,0.95,leftmost column whose run is >= 0.95 of the longest (265 px),645:265px;798:74px;797:74px;913:65px;912:65px;684:64px,,,,,,,,,,,,,,,,,,,,,,,,,,,,,,,,,,,,,,,,,,,,,,,,,,
475,Fig. 1,ID475__fig1.png,CAP,151,AXIS_FALLBACK,,,,,,,,"565,966,373,619",795,109,112,0.95,leftmost column whose run is >= 0.95 of the longest (112 px),912:112px;911:112px;796:109px;795:109px;679:106px;678:106px,,,,,,,,,,,,,,,,,,,,,,,,,,,,,,,,,,,,,,,,,,,,,,,,,,
475,Fig. 1,ID475__fig1.png,CAP,151,AXIS_FALLBACK,,,,,,,,"609,967,738,938",679,102,103,0.95,leftmost column whose run is >= 0.95 of the longest (103 px),797:103px;796:103px;680:102px;679:102px;914:99px;913:99px,,,,,,,,,,,,,,,,,,,,,,,,,,,,,,,,,,,,,,,,,,,,,,,,,,
475,Fig. 1,ID475__fig1.png,CAP,151,AXIS_FALLBACK,,,,,,,,"565,966,738,938",679,102,103,0.95,leftmost column whose run is >= 0.95 of the longest (103 px),797:103px;796:103px;680:102px;679:102px;914:99px;913:99px,,,,,,,,,,,,,,,,,,,,,,,,,,,,,,,,,,,,,,,,,,,,,,,,,,
475,Fig. 1,ID475__fig1.png,CAP,151,AXIS_CANDIDATES,,,,,,,,"142,501,27,341",179,,,,leftmost of 1 free runs,179:60-324:free,1,0,60-324,357,94.2,,,,,,,,,,,,,,,,,,,,,,,,,,,,,,,,,,,,,,,,,,,,,
475,Fig. 1,ID475__fig1.png,CAP,151,AXIS_FALLBACK,,,,,,,,"142,501,27,341",179,264,264,0.95,leftmost column whose run is >= 0.95 of the longest (264 px),179:264px;499:81px;467:81px;500:80px;466:80px;447:69px,,,,,,,,,,,,,,,,,,,,,,,,,,,,,,,,,,,,,,,,,,,,,,,,,,
475,Fig. 1,ID475__fig1.png,CAP,151,AXIS_CANDIDATES,,,,,,,,"609,967,31,341",645,,,,leftmost of 1 free runs,645:63-328:free,1,0,63-328,823,93.0,,,,,,,,,,,,,,,,,,,,,,,,,,,,,,,,,,,,,,,,,,,,,
475,Fig. 1,ID475__fig1.png,CAP,151,AXIS_FALLBACK,,,,,,,,"609,967,31,341",645,265,265,0.95,leftmost column whose run is >= 0.95 of the longest (265 px),645:265px;798:74px;797:74px;913:65px;912:65px;684:64px,,,,,,,,,,,,,,,,,,,,,,,,,,,,,,,,,,,,,,,,,,,,,,,,,,
475,Fig. 1,ID475__fig1.png,CAP,151,AXIS_CANDIDATES,,,,,,,,"565,966,373,619",795,,,,leftmost of 2 free runs,795:406-515:free;796:406-515:free;678:513-619:clipped;679:513-619:clipped,2,2,406-515,805,73.8,,,,,,,,,,,,,,,,,,,,,,,,,,,,,,,,,,,,,,,,,,,,,
475,Fig. 1,ID475__fig1.png,CAP,151,AXIS_FALLBACK,,,,,,,,"565,966,373,619",795,109,112,0.95,leftmost column whose run is >= 0.95 of the longest (112 px),912:112px;911:112px;796:109px;795:109px;679:106px;678:106px,,,,,,,,,,,,,,,,,,,,,,,,,,,,,,,,,,,,,,,,,,,,,,,,,,
475,Fig. 1,ID475__fig1.png,CAP,151,AXIS_CANDIDATES,,,,,,,,"92,500,739,975",173,,,,leftmost of 1 free runs,173:748-968:free,1,0,748-968,336,70.8,,,,,,,,,,,,,,,,,,,,,,,,,,,,,,,,,,,,,,,,,,,,,
475,Fig. 1,ID475__fig1.png,CAP,151,AXIS_FALLBACK,,,,,,,,"92,500,739,975",173,220,220,0.95,leftmost column whose run is >= 0.95 of the longest (220 px),173:220px;445:117px;444:117px;249:65px;248:65px;247:65px,,,,,,,,,,,,,,,,,,,,,,,,,,,,,,,,,,,,,,,,,,,,,,,,,,
475,Fig. 1,ID475__fig1.png,CAP,151,AXIS_CANDIDATES,,,,,,,,"428,500,510,664",445,,,,no free run; leftmost of 4 clipped,445:510-630:clipped;446:510-630:clipped;465:510-573:clipped;466:510-573:clipped,0,4,510-630,471,46.2,,,,,,,,,,,,,,,,,,,,,,,,,,,,,,,,,,,,,,,,,,,,,
475,Fig. 1,ID475__fig1.png,CAP,151,AXIS_FALLBACK,,,,,,,,"428,500,510,664",445,120,120,0.95,leftmost column whose run is >= 0.95 of the longest (120 px),446:120px;445:120px;499:63px;483:63px;482:63px;481:63px,,,,,,,,,,,,,,,,,,,,,,,,,,,,,,,,,,,,,,,,,,,,,,,,,,
475,Fig. 1,ID475__fig1.png,CAP,151,AXIS_CANDIDATES,,,,,,,,"609,967,738,938",679,,,,leftmost of 2 free runs,679:835-937:free;680:835-937:free;796:835-938:clipped;797:835-938:clipped,2,2,835-937,823,60.0,,,,,,,,,,,,,,,,,,,,,,,,,,,,,,,,,,,,,,,,,,,,,
475,Fig. 1,ID475__fig1.png,CAP,151,AXIS_FALLBACK,,,,,,,,"609,967,738,938",679,102,103,0.95,leftmost column whose run is >= 0.95 of the longest (103 px),797:103px;796:103px;680:102px;679:102px;914:99px;913:99px,,,,,,,,,,,,,,,,,,,,,,,,,,,,,,,,,,,,,,,,,,,,,,,,,,
475,Fig. 1,ID475__fig1.png,CAP,151,AXIS_CANDIDATES,,,,,,,,"565,966,738,938",679,,,,leftmost of 2 free runs,679:835-937:free;680:835-937:free;796:835-938:clipped;797:835-938:clipped,2,2,835-937,805,60.0,,,,,,,,,,,,,,,,,,,,,,,,,,,,,,,,,,,,,,,,,,,,,
475,Fig. 1,ID475__fig1.png,CAP,151,AXIS_FALLBACK,,,,,,,,"565,966,738,938",679,102,103,0.95,leftmost column whose run is >= 0.95 of the longest (103 px),797:103px;796:103px;680:102px;679:102px;914:99px;913:99px,,,,,,,,,,,,,,,,,,,,,,,,,,,,,,,,,,,,,,,,,,,,,,,,,,
475,Fig. 1,ID475__fig1.png,CAP,151,AXIS_FALLBACK,,,,,,,,"142,501,27,341",179,264,264,0.95,leftmost column whose run is >= 0.95 of the longest (264 px),179:264px;499:81px;467:81px;500:80px;466:80px;447:69px,,,,,,,,,,,,,,,,,,,,,,,,,,,,,,,,,,,,,,,,,,,,,,,,,,
475,Fig. 1,ID475__fig1.png,CAP,151,AXIS_FALLBACK,,,,,,,,"142,501,27,341",179,264,264,0.95,leftmost column whose run is >= 0.95 of the longest (264 px),179:264px;499:81px;467:81px;500:80px;466:80px;447:69px,,,,,,,,,,,,,,,,,,,,,,,,,,,,,,,,,,,,,,,,,,,,,,,,,,
475,Fig. 1,ID475__fig1.png,CAP,151,AXIS_FALLBACK,,,,,,,,"142,501,27,341",179,264,264,0.95,leftmost column whose run is >= 0.95 of the longest (264 px),179:264px;499:81px;467:81px;500:80px;466:80px;447:69px,,,,,,,,,,,,,,,,,,,,,,,,,,,,,,,,,,,,,,,,,,,,,,,,,,
475,Fig. 1,ID475__fig1.png,CAP,151,ORPHAN,,,,18,,,,,,,,,,,,,,,,"106,124,112,270",18,158,OFFERED,,,,,,,,,"142,501,27,341",,left,,,,,,,,,,,,,,34,,,,,,,,,,,,,,,,
475,Fig. 1,ID475__fig1.png,CAP,151,GATE,,,,18,,,,,,,,,,,,,,,,"106,124,112,270",,,,,,,,,,,,"142,501,27,341",,left,True,O,O,-,X,O,-,,,,,,,,,,,,,,,,,,,,,,,
475,Fig. 1,ID475__fig1.png,CAP,151,GATE_WHY,,,,,,,,,,,,,,,,,,,,"106,124,112,270",,,,,,,,,,,,"142,501,27,341",,,,,,,,,,"축 없음, 잉크 0.354","행 겹침 1.00, 패널 행 27-341, 조각 112-270",이 클립에서 캡션을 읽지 못했다,"건너는 간격 59 px, 패널 내부의 가장 큰 간격 0 px","밑변에 선 열 0.00, 축 범위 안 잉크 1.00 (교집합 1.00)",막대·눈금이 0→0개뿐이라 규칙성을 잴 수 없다,,,,,,,,,,,,,,,,,
475,Fig. 1,ID475__fig1.png,CAP,151,POST,,,,,,,,,,,,,,,,,,,,"106,124,112,270",,,ADOPTED,,,,,,,,,"142,501,27,341",,,,,,,,,,,,,,,,,"106,501,27,341",,,,,,,,,,,,,,,
475,Fig. 1,ID475__fig1.png,CAP,151,ORPHAN,,,,,,,,,,,,,,,,,,,,"99,384,370,664",285,294,NO_PANEL_IN_REACH,0,left 181px share 1.00 reach 34 [gap] | overlap 0px share 0.00 reach 34 [share],,,,,,,,,,,,,,,,,,,,,,,,,,,,,,,,,,,,,,,
475,Fig. 1,ID475__fig1.png,CAP,151,PIECE_RELATION,,,,,,,,,,,,,,,,,,,,"99,384,370,664",,,,,,OPPOSITE_HALF_UNIQUE_PANEL,1,0,"428,500,510,664",,CONTAINMENT,,,,,,,,,,,,,,,,,,,,,,,,,,,,,,,,,
475,Fig. 1,ID475__fig1.png,CAP,151,AXIS_FALLBACK,,,,,,,,"428,500,510,664",445,120,120,0.95,leftmost column whose run is >= 0.95 of the longest (120 px),446:120px;445:120px;499:63px;483:63px;482:63px;481:63px,,,,,,,,,,,,,,,,,,,,,,,,,,,,,,,,,,,,,,,,,,,,,,,,,,
475,Fig. 1,ID475__fig1.png,CAP,151,AXIS_FALLBACK,,,,,,,,"428,500,510,664",445,120,120,0.95,leftmost column whose run is >= 0.95 of the longest (120 px),446:120px;445:120px;499:63px;483:63px;482:63px;481:63px,,,,,,,,,,,,,,,,,,,,,,,,,,,,,,,,,,,,,,,,,,,,,,,,,,
475,Fig. 1,ID475__fig1.png,CAP,151,AXIS_FALLBACK,,,,,,,,"428,500,510,664",445,120,120,0.95,leftmost column whose run is >= 0.95 of the longest (120 px),446:120px;445:120px;499:63px;483:63px;482:63px;481:63px,,,,,,,,,,,,,,,,,,,,,,,,,,,,,,,,,,,,,,,,,,,,,,,,,,
475,Fig. 1,ID475__fig1.png,CAP,151,GATE_SHADOW,5,,,,44,,,,,,,,,,,,,,,"99,384,370,664",,,,,,,,,,,,"428,500,510,664",col,left,False,O,X,-,X,X,-,,,,,,,,,,,,,,,,,,,,,,,
475,Fig. 1,ID475__fig1.png,CAP,151,GATE_SHADOW_WHY,,,,,,,,,,,,,,,,,,,,"99,384,370,664",,,,,,,,,,,,"428,500,510,664",,,,,,,,,,"축 없음, 잉크 0.050","행 겹침 1.00, 패널 행 510-664, 조각 370-664",이 클립에서 캡션을 읽지 못했다,"건너는 간격 61 px, 패널 내부의 가장 큰 간격 18 px","밑변에 선 열 0.07, 축 범위 안 잉크 0.46 (교집합 0.46)",막대·눈금이 0→0개뿐이라 규칙성을 잴 수 없다,,,,,,,,,,,,,,,,,
475,Fig. 1,ID475__fig1.png,CAP,151,ORPHAN,,,,,,,,,,,,,,,,,,,,"138,174,695,729",36,34,NO_PANEL_IN_REACH,0,left 435px share 0.00 reach 34 [gap] [share] | overlap 0px share 0.00 reach 34 [share],,,,,,,,,,,,,,,,,,,,,,,,,,,,,,,,,,,,,,,
475,Fig. 1,ID475__fig1.png,CAP,151,PIECE_RELATION,,,,,,,,,,,,,,,,,,,,"138,174,695,729",,,,,,NO_SELECTED_PANEL_DESCENDANT,0,0,,,CONTAINMENT,,,,,,,,,,,,,,,,,,,,,,,,,,,,,,,,,
475,Fig. 1,ID475__fig1.png,CAP,151,ORPHAN,,,,,,,,,,,,,,,,,,,,"192,211,696,720",19,24,NO_PANEL_IN_REACH,0,left 398px share 0.00 reach 34 [gap] [share] | overlap 0px share 0.00 reach 34 [share],,,,,,,,,,,,,,,,,,,,,,,,,,,,,,,,,,,,,,,
475,Fig. 1,ID475__fig1.png,CAP,151,PIECE_RELATION,,,,,,,,,,,,,,,,,,,,"192,211,696,720",,,,,,NO_SELECTED_PANEL_DESCENDANT,0,0,,,CONTAINMENT,,,,,,,,,,,,,,,,,,,,,,,,,,,,,,,,,
475,Fig. 1,ID475__fig1.png,CAP,151,AXIS_FALLBACK,,,,,,,,"609,967,31,341",645,265,265,0.95,leftmost column whose run is >= 0.95 of the longest (265 px),645:265px;798:74px;797:74px;913:65px;912:65px;684:64px,,,,,,,,,,,,,,,,,,,,,,,,,,,,,,,,,,,,,,,,,,,,,,,,,,
475,Fig. 1,ID475__fig1.png,CAP,151,AXIS_FALLBACK,,,,,,,,"609,967,31,341",645,265,265,0.95,leftmost column whose run is >= 0.95 of the longest (265 px),645:265px;798:74px;797:74px;913:65px;912:65px;684:64px,,,,,,,,,,,,,,,,,,,,,,,,,,,,,,,,,,,,,,,,,,,,,,,,,,
475,Fig. 1,ID475__fig1.png,CAP,151,AXIS_FALLBACK,,,,,,,,"609,967,31,341",645,265,265,0.95,leftmost column whose run is >= 0.95 of the longest (265 px),645:265px;798:74px;797:74px;913:65px;912:65px;684:64px,,,,,,,,,,,,,,,,,,,,,,,,,,,,,,,,,,,,,,,,,,,,,,,,,,
475,Fig. 1,ID475__fig1.png,CAP,151,ORPHAN,,,,19,,,,,,,,,,,,,,,,"572,590,116,254",18,138,OFFERED,,,,,,,,,"609,967,31,341",,left,,,,,,,,,,,,,,34,,,,,,,,,,,,,,,,
475,Fig. 1,ID475__fig1.png,CAP,151,GATE,,,,19,,,,,,,,,,,,,,,,"572,590,116,254",,,,,,,,,,,,"609,967,31,341",,left,True,O,O,-,X,O,-,,,,,,,,,,,,,,,,,,,,,,,
475,Fig. 1,ID475__fig1.png,CAP,151,GATE_WHY,,,,,,,,,,,,,,,,,,,,"572,590,116,254",,,,,,,,,,,,"609,967,31,341",,,,,,,,,,"축 없음, 잉크 0.375","행 겹침 1.00, 패널 행 31-341, 조각 116-254",이 클립에서 캡션을 읽지 못했다,"건너는 간격 59 px, 패널 내부의 가장 큰 간격 0 px","밑변에 선 열 0.00, 축 범위 안 잉크 1.07 (교집합 1.00)",막대·눈금이 0→0개뿐이라 규칙성을 잴 수 없다,,,,,,,,,,,,,,,,,
475,Fig. 1,ID475__fig1.png,CAP,151,POST,,,,,,,,,,,,,,,,,,,,"572,590,116,254",,,ADOPTED,,,,,,,,,"609,967,31,341",,,,,,,,,,,,,,,,,"572,967,31,341",,,,,,,,,,,,,,,
475,Fig. 1,ID475__fig1.png,CAP,151,ORPHAN,,,,,,,,,,,,,,,,,,,,"604,944,640,669",340,29,NO_PANEL_IN_REACH,0,overlap 0px share 0.00 reach 34 [share] | right 104px share 0.83 reach 34 [gap],,,,,,,,,,,,,,,,,,,,,,,,,,,,,,,,,,,,,,,
475,Fig. 1,ID475__fig1.png,CAP,151,PIECE_RELATION,,,,,,,,,,,,,,,,,,,,"604,944,640,669",,,,,,OPPOSITE_HALF_UNIQUE_PANEL,1,0,"565,966,373,619",,CONTAINMENT,,,,,,,,,,,,,,,,,,,,,,,,,,,,,,,,,
475,Fig. 1,ID475__fig1.png,CAP,151,AXIS_FALLBACK,,,,,,,,"565,966,373,619",795,109,112,0.95,leftmost column whose run is >= 0.95 of the longest (112 px),912:112px;911:112px;796:109px;795:109px;679:106px;678:106px,,,,,,,,,,,,,,,,,,,,,,,,,,,,,,,,,,,,,,,,,,,,,,,,,,
475,Fig. 1,ID475__fig1.png,CAP,151,AXIS_FALLBACK,,,,,,,,"565,966,373,619",795,109,112,0.95,leftmost column whose run is >= 0.95 of the longest (112 px),912:112px;911:112px;796:109px;795:109px;679:106px;678:106px,,,,,,,,,,,,,,,,,,,,,,,,,,,,,,,,,,,,,,,,,,,,,,,,,,
475,Fig. 1,ID475__fig1.png,CAP,151,AXIS_FALLBACK,,,,,,,,"565,966,373,619",795,109,112,0.95,leftmost column whose run is >= 0.95 of the longest (112 px),912:112px;911:112px;796:109px;795:109px;679:106px;678:106px,,,,,,,,,,,,,,,,,,,,,,,,,,,,,,,,,,,,,,,,,,,,,,,,,,
475,Fig. 1,ID475__fig1.png,CAP,151,GATE_SHADOW,12,,,,21,,,,,,,,,,,,,,,"604,944,640,669",,,,,,,,,,,,"565,966,373,619",row,below,False,O,X,-,O,O,-,,,,,,,,,,,,,,,,,,,,,,,
475,Fig. 1,ID475__fig1.png,CAP,151,GATE_SHADOW_WHY,,,,,,,,,,,,,,,,,,,,"604,944,640,669",,,,,,,,,,,,"565,966,373,619",,,,,,,,,,"축 없음, 잉크 0.103","행 겹침 -0.72, 패널 행 373-619, 조각 640-669",이 클립에서 캡션을 읽지 못했다,"건너는 간격 0 px, 패널 내부의 가장 큰 간격 0 px","밑변에 선 열 0.00, 축 범위 안 잉크 2.02 (교집합 0.00)",막대·눈금이 1→1개뿐이라 규칙성을 잴 수 없다,,,,,,,,,,,,,,,,,
475,Fig. 1,ID475__fig1.png,CAP,151,ORPHAN,,,,,,,,,,,,,,,,,,,,"553,743,695,981",190,286,NO_PANEL_IN_REACH,0,overlap 0px share 1.00 reach 34 | right 53px share 1.00 reach 34 [gap],,,,,,,,,,,,,,,,,,,,,,,,,,,,,,,,,,,,,,,
475,Fig. 1,ID475__fig1.png,CAP,151,PIECE_RELATION,,,,,,,,,,,,,,,,,,,,"553,743,695,981",,,,,,NO_SELECTED_PANEL_DESCENDANT,0,0,,,CONTAINMENT,,,,,,,,,,,,,,,,,,,,,,,,,,,,,,,,,
475,Fig. 1,ID475__fig1.png,CAP,151,ORPHAN,,,,,,,,,,,,,,,,,,,,"791,969,738,981",178,243,NO_PANEL_IN_REACH,0,overlap 0px share 1.00 reach 34 | right 291px share 1.00 reach 34 [gap],,,,,,,,,,,,,,,,,,,,,,,,,,,,,,,,,,,,,,,
475,Fig. 1,ID475__fig1.png,CAP,151,PIECE_RELATION,,,,,,,,,,,,,,,,,,,,"791,969,738,981",,,,,,NO_SELECTED_PANEL_DESCENDANT,0,0,,,CONTAINMENT,,,,,,,,,,,,,,,,,,,,,,,,,,,,,,,,,
475,Fig. 1,ID475__fig1.png,CAP,151,AXIS_FALLBACK,,,,,,,,"142,501,27,341",179,264,264,0.95,leftmost column whose run is >= 0.95 of the longest (264 px),179:264px;499:81px;467:81px;500:80px;466:80px;447:69px,,,,,,,,,,,,,,,,,,,,,,,,,,,,,,,,,,,,,,,,,,,,,,,,,,
475,Fig. 1,ID475__fig1.png,CAP,151,AXIS_FALLBACK,,,,,,,,"609,967,31,341",645,265,265,0.95,leftmost column whose run is >= 0.95 of the longest (265 px),645:265px;798:74px;797:74px;913:65px;912:65px;684:64px,,,,,,,,,,,,,,,,,,,,,,,,,,,,,,,,,,,,,,,,,,,,,,,,,,
475,Fig. 1,ID475__fig1.png,CAP,151,AXIS_FALLBACK,,,,,,,,"565,966,373,619",795,109,112,0.95,leftmost column whose run is >= 0.95 of the longest (112 px),912:112px;911:112px;796:109px;795:109px;679:106px;678:106px,,,,,,,,,,,,,,,,,,,,,,,,,,,,,,,,,,,,,,,,,,,,,,,,,,
475,Fig. 1,ID475__fig1.png,CAP,151,AXIS_FALLBACK,,,,,,,,"92,500,739,975",173,220,220,0.95,leftmost column whose run is >= 0.95 of the longest (220 px),173:220px;445:117px;444:117px;249:65px;248:65px;247:65px,,,,,,,,,,,,,,,,,,,,,,,,,,,,,,,,,,,,,,,,,,,,,,,,,,
475,Fig. 1,ID475__fig1.png,CAP,151,AXIS_FALLBACK,,,,,,,,"428,500,510,664",445,120,120,0.95,leftmost column whose run is >= 0.95 of the longest (120 px),446:120px;445:120px;499:63px;483:63px;482:63px;481:63px,,,,,,,,,,,,,,,,,,,,,,,,,,,,,,,,,,,,,,,,,,,,,,,,,,
475,Fig. 1,ID475__fig1.png,CAP,151,AXIS_FALLBACK,,,,,,,,"609,967,738,938",679,102,103,0.95,leftmost column whose run is >= 0.95 of the longest (103 px),797:103px;796:103px;680:102px;679:102px;914:99px;913:99px,,,,,,,,,,,,,,,,,,,,,,,,,,,,,,,,,,,,,,,,,,,,,,,,,,
475,Fig. 1,ID475__fig1.png,CAP,151,AXIS_FALLBACK,,,,,,,,"565,966,738,938",679,102,103,0.95,leftmost column whose run is >= 0.95 of the longest (103 px),797:103px;796:103px;680:102px;679:102px;914:99px;913:99px,,,,,,,,,,,,,,,,,,,,,,,,,,,,,,,,,,,,,,,,,,,,,,,,,,
475,Fig. 1,ID475__fig1.png,CAP,151,AXIS_FALLBACK,,,,,,,,"106,501,27,341",179,264,264,0.95,leftmost column whose run is >= 0.95 of the longest (264 px),179:264px;499:81px;467:81px;500:80px;466:80px;447:69px,,,,,,,,,,,,,,,,,,,,,,,,,,,,,,,,,,,,,,,,,,,,,,,,,,
475,Fig. 1,ID475__fig1.png,CAP,151,AXIS_FALLBACK,,,,,,,,"572,967,31,341",645,265,265,0.95,leftmost column whose run is >= 0.95 of the longest (265 px),645:265px;798:74px;797:74px;913:65px;912:65px;684:64px,,,,,,,,,,,,,,,,,,,,,,,,,,,,,,,,,,,,,,,,,,,,,,,,,,
475,Fig. 1,ID475__fig1.png,GRID,151,CUT,1,col,0,501-554,53,"0,527,0,1020","527,1054,0,1020",,,,,,,,,,,,,,,,,,,,,,,,,,,,,,,,,,,,,,,,,,,,,,,,,,,,,,,,,
475,Fig. 1,ID475__fig1.png,GRID,151,CUT,2,row,1,664-695,31,"0,527,0,679","0,527,679,1020",,,,,,,,,,,,,,,,,,,,,,,,,,,,,,,,,,,,,,,,,,,,,,,,,,,,,,,,,
475,Fig. 1,ID475__fig1.png,GRID,151,CUT,3,row,2,341-370,29,"0,527,0,355","0,527,355,679",,,,,,,,,,,,,,,,,,,,,,,,,,,,,,,,,,,,,,,,,,,,,,,,,,,,,,,,,
475,Fig. 1,ID475__fig1.png,GRID,151,CUT,4,col,3,124-142,18,"0,133,0,355","133,527,0,355",,,,,,,,,,,,,,,,,,,,,,,,,,,,,,,,,,,,,,,,,,,,,,,,,,,,,,,,,
475,Fig. 1,ID475__fig1.png,GRID,151,CUT,5,col,3,384-428,44,"0,406,355,679","406,527,355,679",,,,,,,,,,,,,,,,,,,,,,,,,,,,,,,,,,,,,,,,,,,,,,,,,,,,,,,,,
475,Fig. 1,ID475__fig1.png,GRID,151,CUT,6,row,2,720-739,19,"0,527,679,729","0,527,729,1020",,,,,,,,,,,,,,,,,,,,,,,,,,,,,,,,,,,,,,,,,,,,,,,,,,,,,,,,,
475,Fig. 1,ID475__fig1.png,GRID,151,CUT,7,col,3,174-192,18,"0,183,679,729","183,527,679,729",,,,,,,,,,,,,,,,,,,,,,,,,,,,,,,,,,,,,,,,,,,,,,,,,,,,,,,,,
475,Fig. 1,ID475__fig1.png,GRID,151,CUT,8,row,1,341-373,32,"527,1054,0,357","527,1054,357,1020",,,,,,,,,,,,,,,,,,,,,,,,,,,,,,,,,,,,,,,,,,,,,,,,,,,,,,,,,
475,Fig. 1,ID475__fig1.png,GRID,151,CUT,9,col,2,590-609,19,"527,599,0,357","599,1054,0,357",,,,,,,,,,,,,,,,,,,,,,,,,,,,,,,,,,,,,,,,,,,,,,,,,,,,,,,,,
475,Fig. 1,ID475__fig1.png,GRID,151,CUT,10,row,3,254-262,8,"527,599,0,258","527,599,258,357",,,,,,,,,,,,,,,,,,,,,,,,,,,,,,,,,,,,,,,,,,,,,,,,,,,,,,,,,
475,Fig. 1,ID475__fig1.png,GRID,151,CUT,11,row,2,669-695,26,"527,1054,357,682","527,1054,682,1020",,,,,,,,,,,,,,,,,,,,,,,,,,,,,,,,,,,,,,,,,,,,,,,,,,,,,,,,,
475,Fig. 1,ID475__fig1.png,GRID,151,CUT,12,row,3,619-640,21,"527,1054,357,629","527,1054,629,682",,,,,,,,,,,,,,,,,,,,,,,,,,,,,,,,,,,,,,,,,,,,,,,,,,,,,,,,,
475,Fig. 1,ID475__fig1.png,GRID,151,CUT,13,col,3,743-791,48,"527,767,682,1020","767,1054,682,1020",,,,,,,,,,,,,,,,,,,,,,,,,,,,,,,,,,,,,,,,,,,,,,,,,,,,,,,,,
475,Fig. 1,ID475__fig1.png,GRID,151,AXIS_FALLBACK,,,,,,,,"142,501,27,341",179,264,264,0.95,leftmost column whose run is >= 0.95 of the longest (264 px),179:264px;499:81px;467:81px;500:80px;466:80px;447:69px,,,,,,,,,,,,,,,,,,,,,,,,,,,,,,,,,,,,,,,,,,,,,,,,,,
475,Fig. 1,ID475__fig1.png,GRID,151,AXIS_FALLBACK,,,,,,,,"92,500,739,975",173,220,220,0.95,leftmost column whose run is >= 0.95 of the longest (220 px),173:220px;445:117px;444:117px;249:65px;248:65px;247:65px,,,,,,,,,,,,,,,,,,,,,,,,,,,,,,,,,,,,,,,,,,,,,,,,,,
475,Fig. 1,ID475__fig1.png,GRID,151,AXIS_FALLBACK,,,,,,,,"609,967,31,341",645,265,265,0.95,leftmost column whose run is >= 0.95 of the longest (265 px),645:265px;798:74px;797:74px;913:65px;912:65px;684:64px,,,,,,,,,,,,,,,,,,,,,,,,,,,,,,,,,,,,,,,,,,,,,,,,,,
475,Fig. 1,ID475__fig1.png,GRID,151,AXIS_FALLBACK,,,,,,,,"565,966,373,619",795,109,112,0.95,leftmost column whose run is >= 0.95 of the longest (112 px),912:112px;911:112px;796:109px;795:109px;679:106px;678:106px,,,,,,,,,,,,,,,,,,,,,,,,,,,,,,,,,,,,,,,,,,,,,,,,,,
475,Fig. 1,ID475__fig1.png,GRID,151,AXIS_FALLBACK,,,,,,,,"171,629,517,841",445,113,113,0.95,leftmost column whose run is >= 0.95 of the longest (113 px),446:113px;445:113px;173:93px;250:68px;249:68px;483:63px,,,,,,,,,,,,,,,,,,,,,,,,,,,,,,,,,,,,,,,,,,,,,,,,,,
475,Fig. 1,ID475__fig1.png,GRID,151,AXIS_FALLBACK,,,,,,,,"173,587,231,519",179,93,93,0.95,leftmost column whose run is >= 0.95 of the longest (93 px),179:93px;329:64px;328:64px;447:62px;446:62px;332:46px,,,,,,,,,,,,,,,,,,,,,,,,,,,,,,,,,,,,,,,,,,,,,,,,,,
475,Fig. 1,ID475__fig1.png,GRID,151,AXIS_FALLBACK,,,,,,,,"660,969,517,841",678,102,102,0.95,leftmost column whose run is >= 0.95 of the longest (102 px),679:102px;678:102px;914:99px;913:99px;949:46px;948:46px,,,,,,,,,,,,,,,,,,,,,,,,,,,,,,,,,,,,,,,,,,,,,,,,,,
475,Fig. 1,ID475__fig1.png,GRID,151,AXIS_FALLBACK,,,,,,,,"178,634,27,233",179,173,173,0.95,leftmost column whose run is >= 0.95 of the longest (173 px),179:173px;499:81px;467:81px;500:80px;466:80px;484:67px,,,,,,,,,,,,,,,,,,,,,,,,,,,,,,,,,,,,,,,,,,,,,,,,,,
475,Fig. 1,ID475__fig1.png,GRID,151,AXIS_FALLBACK,,,,,,,,"643,966,231,519",795,109,112,0.95,leftmost column whose run is >= 0.95 of the longest (112 px),912:112px;911:112px;796:109px;795:109px;645:97px;798:70px,,,,,,,,,,,,,,,,,,,,,,,,,,,,,,,,,,,,,,,,,,,,,,,,,,
475,Fig. 1,ID475__fig1.png,GRID,151,AXIS_FALLBACK,,,,,,,,"644,1023,31,233",645,170,170,0.95,leftmost column whose run is >= 0.95 of the longest (170 px),645:170px;950:61px;949:61px;948:61px;736:58px;703:58px,,,,,,,,,,,,,,,,,,,,,,,,,,,,,,,,,,,,,,,,,,,,,,,,,,
475,Fig. 1,ID475__fig1.png,GRID,151,AXIS_FALLBACK,,,,,,,,"178,634,27,233",179,173,173,0.95,leftmost column whose run is >= 0.95 of the longest (173 px),179:173px;499:81px;467:81px;500:80px;466:80px;484:67px,,,,,,,,,,,,,,,,,,,,,,,,,,,,,,,,,,,,,,,,,,,,,,,,,,
475,Fig. 1,ID475__fig1.png,GRID,151,AXIS_FALLBACK,,,,,,,,"644,1023,31,233",645,170,170,0.95,leftmost column whose run is >= 0.95 of the longest (170 px),645:170px;950:61px;949:61px;948:61px;736:58px;703:58px,,,,,,,,,,,,,,,,,,,,,,,,,,,,,,,,,,,,,,,,,,,,,,,,,,
475,Fig. 1,ID475__fig1.png,GRID,151,AXIS_FALLBACK,,,,,,,,"142,501,27,341",179,264,264,0.95,leftmost column whose run is >= 0.95 of the longest (264 px),179:264px;499:81px;467:81px;500:80px;466:80px;447:69px,,,,,,,,,,,,,,,,,,,,,,,,,,,,,,,,,,,,,,,,,,,,,,,,,,
475,Fig. 1,ID475__fig1.png,GRID,151,AXIS_FALLBACK,,,,,,,,"428,500,510,664",445,120,120,0.95,leftmost column whose run is >= 0.95 of the longest (120 px),446:120px;445:120px;499:63px;483:63px;482:63px;481:63px,,,,,,,,,,,,,,,,,,,,,,,,,,,,,,,,,,,,,,,,,,,,,,,,,,
475,Fig. 1,ID475__fig1.png,GRID,151,AXIS_FALLBACK,,,,,,,,"92,500,739,975",173,220,220,0.95,leftmost column whose run is >= 0.95 of the longest (220 px),173:220px;445:117px;444:117px;249:65px;248:65px;247:65px,,,,,,,,,,,,,,,,,,,,,,,,,,,,,,,,,,,,,,,,,,,,,,,,,,
475,Fig. 1,ID475__fig1.png,GRID,151,AXIS_FALLBACK,,,,,,,,"609,967,31,341",645,265,265,0.95,leftmost column whose run is >= 0.95 of the longest (265 px),645:265px;798:74px;797:74px;913:65px;912:65px;684:64px,,,,,,,,,,,,,,,,,,,,,,,,,,,,,,,,,,,,,,,,,,,,,,,,,,
475,Fig. 1,ID475__fig1.png,GRID,151,AXIS_FALLBACK,,,,,,,,"565,966,373,619",795,109,112,0.95,leftmost column whose run is >= 0.95 of the longest (112 px),912:112px;911:112px;796:109px;795:109px;679:106px;678:106px,,,,,,,,,,,,,,,,,,,,,,,,,,,,,,,,,,,,,,,,,,,,,,,,,,
475,Fig. 1,ID475__fig1.png,GRID,151,AXIS_FALLBACK,,,,,,,,"178,634,27,233",179,173,173,0.95,leftmost column whose run is >= 0.95 of the longest (173 px),179:173px;499:81px;467:81px;500:80px;466:80px;484:67px,,,,,,,,,,,,,,,,,,,,,,,,,,,,,,,,,,,,,,,,,,,,,,,,,,
475,Fig. 1,ID475__fig1.png,GRID,151,AXIS_FALLBACK,,,,,,,,"644,1023,31,233",645,170,170,0.95,leftmost column whose run is >= 0.95 of the longest (170 px),645:170px;950:61px;949:61px;948:61px;736:58px;703:58px,,,,,,,,,,,,,,,,,,,,,,,,,,,,,,,,,,,,,,,,,,,,,,,,,,
475,Fig. 1,ID475__fig1.png,GRID,151,AXIS_FALLBACK,,,,,,,,"171,627,815,951",173,136,136,0.95,leftmost column whose run is >= 0.95 of the longest (136 px),173:136px;445:117px;444:117px;249:65px;248:65px;247:65px,,,,,,,,,,,,,,,,,,,,,,,,,,,,,,,,,,,,,,,,,,,,,,,,,,
475,Fig. 1,ID475__fig1.png,GRID,151,AXIS_FALLBACK,,,,,,,,"173,578,831,951",173,120,120,0.95,leftmost column whose run is >= 0.95 of the longest (120 px),173:120px;445:117px;444:117px;249:65px;248:65px;247:65px,,,,,,,,,,,,,,,,,,,,,,,,,,,,,,,,,,,,,,,,,,,,,,,,,,
475,Fig. 1,ID475__fig1.png,GRID,151,AXIS_FALLBACK,,,,,,,,"178,627,815,951",444,117,117,0.95,leftmost column whose run is >= 0.95 of the longest (117 px),445:117px;444:117px;249:65px;248:65px;247:65px;482:63px,,,,,,,,,,,,,,,,,,,,,,,,,,,,,,,,,,,,,,,,,,,,,,,,,,
475,Fig. 1,ID475__fig1.png,GRID,151,AXIS_CANDIDATES,,,,,,,,"171,629,517,841",,,,,no run long enough,,0,0,,445,97.2,,,,,,,,,,,,,,,,,,,,,,,,,,,,,,,,,,,,,,,,,,,,,
475,Fig. 1,ID475__fig1.png,GRID,151,AXIS_FALLBACK,,,,,,,,"171,629,517,841",445,113,113,0.95,leftmost column whose run is >= 0.95 of the longest (113 px),446:113px;445:113px;173:93px;250:68px;249:68px;483:63px,,,,,,,,,,,,,,,,,,,,,,,,,,,,,,,,,,,,,,,,,,,,,,,,,,
475,Fig. 1,ID475__fig1.png,GRID,151,AXIS_FALLBACK,,,,,,,,"171,629,517,841",445,113,113,0.95,leftmost column whose run is >= 0.95 of the longest (113 px),446:113px;445:113px;173:93px;250:68px;249:68px;483:63px,,,,,,,,,,,,,,,,,,,,,,,,,,,,,,,,,,,,,,,,,,,,,,,,,,
475,Fig. 1,ID475__fig1.png,GRID,151,AXIS_CANDIDATES,,,,,,,,"173,587,231,519",179,,,,no free run; leftmost of 1 clipped,179:60-324:clipped,0,1,60-324,421,86.4,,,,,,,,,,,,,,,,,,,,,,,,,,,,,,,,,,,,,,,,,,,,,
475,Fig. 1,ID475__fig1.png,GRID,151,AXIS_FALLBACK,,,,,,,,"173,587,231,519",179,93,93,0.95,leftmost column whose run is >= 0.95 of the longest (93 px),179:93px;329:64px;328:64px;447:62px;446:62px;332:46px,,,,,,,,,,,,,,,,,,,,,,,,,,,,,,,,,,,,,,,,,,,,,,,,,,
475,Fig. 1,ID475__fig1.png,GRID,151,AXIS_CANDIDATES,,,,,,,,"660,969,517,841",678,,,,no free run; leftmost of 2 clipped,678:513-619:clipped;679:513-619:clipped,0,2,513-619,845,97.2,,,,,,,,,,,,,,,,,,,,,,,,,,,,,,,,,,,,,,,,,,,,,
475,Fig. 1,ID475__fig1.png,GRID,151,AXIS_FALLBACK,,,,,,,,"660,969,517,841",678,102,102,0.95,leftmost column whose run is >= 0.95 of the longest (102 px),679:102px;678:102px;914:99px;913:99px;949:46px;948:46px,,,,,,,,,,,,,,,,,,,,,,,,,,,,,,,,,,,,,,,,,,,,,,,,,,
475,Fig. 1,ID475__fig1.png,GRID,151,AXIS_CANDIDATES,,,,,,,,"178,634,27,233",179,,,,no free run; leftmost of 1 clipped,179:60-324:clipped,0,1,60-324,451,61.8,,,,,,,,,,,,,,,,,,,,,,,,,,,,,,,,,,,,,,,,,,,,,
475,Fig. 1,ID475__fig1.png,GRID,151,AXIS_FALLBACK,,,,,,,,"178,634,27,233",179,173,173,0.95,leftmost column whose run is >= 0.95 of the longest (173 px),179:173px;499:81px;467:81px;500:80px;466:80px;484:67px,,,,,,,,,,,,,,,,,,,,,,,,,,,,,,,,,,,,,,,,,,,,,,,,,,
475,Fig. 1,ID475__fig1.png,GRID,151,AXIS_CANDIDATES,,,,,,,,"643,966,231,519",795,,,,leftmost of 2 free runs,795:406-515:free;796:406-515:free;645:63-328:clipped,2,1,406-515,836,86.4,,,,,,,,,,,,,,,,,,,,,,,,,,,,,,,,,,,,,,,,,,,,,
475,Fig. 1,ID475__fig1.png,GRID,151,AXIS_FALLBACK,,,,,,,,"643,966,231,519",795,109,112,0.95,leftmost column whose run is >= 0.95 of the longest (112 px),912:112px;911:112px;796:109px;795:109px;645:97px;798:70px,,,,,,,,,,,,,,,,,,,,,,,,,,,,,,,,,,,,,,,,,,,,,,,,,,
475,Fig. 1,ID475__fig1.png,GRID,151,AXIS_CANDIDATES,,,,,,,,"644,1023,31,233",645,,,,no free run; leftmost of 1 clipped,645:63-328:clipped,0,1,63-328,871,60.6,,,,,,,,,,,,,,,,,,,,,,,,,,,,,,,,,,,,,,,,,,,,,
475,Fig. 1,ID475__fig1.png,GRID,151,AXIS_FALLBACK,,,,,,,,"644,1023,31,233",645,170,170,0.95,leftmost column whose run is >= 0.95 of the longest (170 px),645:170px;950:61px;949:61px;948:61px;736:58px;703:58px,,,,,,,,,,,,,,,,,,,,,,,,,,,,,,,,,,,,,,,,,,,,,,,,,,
475,Fig. 1,ID475__fig1.png,GRID,151,AXIS_CANDIDATES,,,,,,,,"171,627,815,951",247,,,,leftmost of 7 free runs,247:851-916:free;248:851-916:free;249:851-916:free;327:834-879:free;328:834-879:free;364:865-921:free;365:865-921:free;173:748-968:clipped,7,1,851-916,444,40.8,,,,,,,,,,,,,,,,,,,,,,,,,,,,,,,,,,,,,,,,,,,,,
475,Fig. 1,ID475__fig1.png,GRID,151,AXIS_FALLBACK,,,,,,,,"171,627,815,951",173,136,136,0.95,leftmost column whose run is >= 0.95 of the longest (136 px),173:136px;445:117px;444:117px;249:65px;248:65px;247:65px,,,,,,,,,,,,,,,,,,,,,,,,,,,,,,,,,,,,,,,,,,,,,,,,,,
475,Fig. 1,ID475__fig1.png,GRID,151,AXIS_CANDIDATES,,,,,,,,"173,578,831,951",210,,,,leftmost of 9 free runs,210:834-874:free;211:834-874:free;247:851-916:free;248:851-916:free;249:851-916:free;327:834-879:free;328:834-879:free;364:865-921:free;365:865-921:free;173:748-968:clipped,9,1,834-874,416,36.0,,,,,,,,,,,,,,,,,,,,,,,,,,,,,,,,,,,,,,,,,,,,,
475,Fig. 1,ID475__fig1.png,GRID,151,AXIS_FALLBACK,,,,,,,,"173,578,831,951",173,120,120,0.95,leftmost column whose run is >= 0.95 of the longest (120 px),173:120px;445:117px;444:117px;249:65px;248:65px;247:65px,,,,,,,,,,,,,,,,,,,,,,,,,,,,,,,,,,,,,,,,,,,,,,,,,,
475,Fig. 1,ID475__fig1.png,GRID,151,AXIS_CANDIDATES,,,,,,,,"178,627,815,951",247,,,,leftmost of 7 free runs,247:851-916:free;248:851-916:free;249:851-916:free;327:834-879:free;328:834-879:free;364:865-921:free;365:865-921:free;444:834-951:clipped;445:834-951:clipped,7,2,851-916,447,40.8,,,,,,,,,,,,,,,,,,,,,,,,,,,,,,,,,,,,,,,,,,,,,
475,Fig. 1,ID475__fig1.png,GRID,151,AXIS_FALLBACK,,,,,,,,"178,627,815,951",444,117,117,0.95,leftmost column whose run is >= 0.95 of the longest (117 px),445:117px;444:117px;249:65px;248:65px;247:65px;482:63px,,,,,,,,,,,,,,,,,,,,,,,,,,,,,,,,,,,,,,,,,,,,,,,,,,
475,Fig. 1,ID475__fig1.png,GRID,151,AXIS_FALLBACK,,,,,,,,"178,634,27,233",179,173,173,0.95,leftmost column whose run is >= 0.95 of the longest (173 px),179:173px;499:81px;467:81px;500:80px;466:80px;484:67px,,,,,,,,,,,,,,,,,,,,,,,,,,,,,,,,,,,,,,,,,,,,,,,,,,
475,Fig. 1,ID475__fig1.png,GRID,151,AXIS_FALLBACK,,,,,,,,"178,634,27,233",179,173,173,0.95,leftmost column whose run is >= 0.95 of the longest (173 px),179:173px;499:81px;467:81px;500:80px;466:80px;484:67px,,,,,,,,,,,,,,,,,,,,,,,,,,,,,,,,,,,,,,,,,,,,,,,,,,
475,Fig. 1,ID475__fig1.png,GRID,151,AXIS_FALLBACK,,,,,,,,"178,634,27,233",179,173,173,0.95,leftmost column whose run is >= 0.95 of the longest (173 px),179:173px;499:81px;467:81px;500:80px;466:80px;484:67px,,,,,,,,,,,,,,,,,,,,,,,,,,,,,,,,,,,,,,,,,,,,,,,,,,
475,Fig. 1,ID475__fig1.png,GRID,151,ORPHAN,,,,54,,,,,,,,,,,,,,,,"106,124,112,270",18,158,OFFERED,,,,,,,,,"178,634,27,233",,left,,,,,,,,,,,,,,82,,,,,,,,,,,,,,,,
475,Fig. 1,ID475__fig1.png,GRID,151,GATE,,,,54,,,,,,,,,,,,,,,,"106,124,112,270",,,,,,,,,,,,"178,634,27,233",,left,True,O,O,-,O,O,-,,,,,,,,,,,,,,,,,,,,,,,
475,Fig. 1,ID475__fig1.png,GRID,151,GATE_WHY,,,,,,,,,,,,,,,,,,,,"106,124,112,270",,,,,,,,,,,,"178,634,27,233",,,,,,,,,,"축 없음, 잉크 0.354","행 겹침 1.00, 패널 행 27-324, 조각 112-270",이 클립에서 캡션을 읽지 못했다,"건너는 간격 59 px, 패널 내부의 가장 큰 간격 82 px","밑변에 선 열 0.00, 축 범위 안 잉크 1.00 (교집합 1.00)",막대·눈금이 0→0개뿐이라 규칙성을 잴 수 없다,,,,,,,,,,,,,,,,,
475,Fig. 1,ID475__fig1.png,GRID,151,POST,,,,,,,,,,,,,,,,,,,,"106,124,112,270",,,WOULD_CONTAIN_ANOTHER_PANEL,,,,,,,,,"178,634,27,233",,,,,,,,,,,,,,,,,"106,634,27,270",,,,,,,,,,,,,,,
475,Fig. 1,ID475__fig1.png,GRID,151,ORPHAN,,,,,,,,,,,,,,,,,,,,"99,384,370,664",285,294,NO_PANEL_IN_REACH,0,left 259px share 0.52 reach 34 [gap] | overlap 0px share 0.52 reach 71,,,,,,,,,,,,,,,,,,,,,,,,,,,,,,,,,,,,,,,
475,Fig. 1,ID475__fig1.png,GRID,151,PIECE_RELATION,,,,,,,,,,,,,,,,,,,,"99,384,370,664",,,,,,NO_SELECTED_PANEL_DESCENDANT,0,0,,,CONTAINMENT,,,,,,,,,,,,,,,,,,,,,,,,,,,,,,,,,
475,Fig. 1,ID475__fig1.png,GRID,151,ORPHAN,,,,,,,,,,,,,,,,,,,,"138,174,695,729",36,34,NO_PANEL_IN_REACH,0,left 486px share 1.00 reach 34 [gap] | overlap 0px share 1.00 reach 34,,,,,,,,,,,,,,,,,,,,,,,,,,,,,,,,,,,,,,,
475,Fig. 1,ID475__fig1.png,GRID,151,PIECE_RELATION,,,,,,,,,,,,,,,,,,,,"138,174,695,729",,,,,,NO_SELECTED_PANEL_DESCENDANT,0,0,,,CONTAINMENT,,,,,,,,,,,,,,,,,,,,,,,,,,,,,,,,,
475,Fig. 1,ID475__fig1.png,GRID,151,ORPHAN,,,,,,,,,,,,,,,,,,,,"192,211,696,720",19,24,NO_PANEL_IN_REACH,0,left 449px share 1.00 reach 34 [gap] | overlap 0px share 1.00 reach 34,,,,,,,,,,,,,,,,,,,,,,,,,,,,,,,,,,,,,,,
475,Fig. 1,ID475__fig1.png,GRID,151,PIECE_RELATION,,,,,,,,,,,,,,,,,,,,"192,211,696,720",,,,,,NO_SELECTED_PANEL_DESCENDANT,0,0,,,CONTAINMENT,,,,,,,,,,,,,,,,,,,,,,,,,,,,,,,,,
475,Fig. 1,ID475__fig1.png,GRID,151,ORPHAN,,,,,,,,,,,,,,,,,,,,"572,590,116,254",18,138,NO_PANEL_IN_REACH,0,left 54px share 0.85 reach 34 [gap] | overlap 0px share 0.85 reach 82,,,,,,,,,,,,,,,,,,,,,,,,,,,,,,,,,,,,,,,
475,Fig. 1,ID475__fig1.png,GRID,151,PIECE_RELATION,,,,,,,,,,,,,,,,,,,,"572,590,116,254",,,,,,NO_SELECTED_PANEL_DESCENDANT,0,0,,,CONTAINMENT,,,,,,,,,,,,,,,,,,,,,,,,,,,,,,,,,
475,Fig. 1,ID475__fig1.png,GRID,151,ORPHAN,,,,,,,,,,,,,,,,,,,,"573,587,262,273",14,11,NO_PANEL_IN_REACH,0,left 56px share 1.00 reach 34 [gap] | overlap 0px share 1.00 reach 71,,,,,,,,,,,,,,,,,,,,,,,,,,,,,,,,,,,,,,,
475,Fig. 1,ID475__fig1.png,GRID,151,PIECE_RELATION,,,,,,,,,,,,,,,,,,,,"573,587,262,273",,,,,,NO_SELECTED_PANEL_DESCENDANT,0,0,,,CONTAINMENT,,,,,,,,,,,,,,,,,,,,,,,,,,,,,,,,,
475,Fig. 1,ID475__fig1.png,GRID,151,ORPHAN,,,,,,,,,,,,,,,,,,,,"604,944,640,669",340,29,NO_PANEL_IN_REACH,0,overlap 0px share 1.00 reach 34 | right 17px share 0.00 reach 71 [share],,,,,,,,,,,,,,,,,,,,,,,,,,,,,,,,,,,,,,,
475,Fig. 1,ID475__fig1.png,GRID,151,PIECE_RELATION,,,,,,,,,,,,,,,,,,,,"604,944,640,669",,,,,,NO_SELECTED_PANEL_DESCENDANT,0,0,,,CONTAINMENT,,,,,,,,,,,,,,,,,,,,,,,,,,,,,,,,,
475,Fig. 1,ID475__fig1.png,GRID,151,ORPHAN,,,,,,,,,,,,,,,,,,,,"553,743,695,981",190,286,NO_PANEL_IN_REACH,0,overlap 0px share 1.00 reach 34,,,,,,,,,,,,,,,,,,,,,,,,,,,,,,,,,,,,,,,
475,Fig. 1,ID475__fig1.png,GRID,151,PIECE_RELATION,,,,,,,,,,,,,,,,,,,,"553,743,695,981",,,,,,NO_SELECTED_PANEL_DESCENDANT,0,0,,,CONTAINMENT,,,,,,,,,,,,,,,,,,,,,,,,,,,,,,,,,
475,Fig. 1,ID475__fig1.png,GRID,151,ORPHAN,,,,,,,,,,,,,,,,,,,,"791,969,738,981",178,243,NO_PANEL_IN_REACH,0,overlap 0px share 0.42 reach 34 [share] | right 164px share 1.00 reach 34 [gap],,,,,,,,,,,,,,,,,,,,,,,,,,,,,,,,,,,,,,,
475,Fig. 1,ID475__fig1.png,GRID,151,PIECE_RELATION,,,,,,,,,,,,,,,,,,,,"791,969,738,981",,,,,,NO_SELECTED_PANEL_DESCENDANT,0,0,,,CONTAINMENT,,,,,,,,,,,,,,,,,,,,,,,,,,,,,,,,,
475,Fig. 1,ID475__fig1.png,GRID,151,AXIS_CANDIDATES,,,,,,,,"133,174,747,974",,,,,no run long enough,,0,0,,157,68.1,,,,,,,,,,,,,,,,,,,,,,,,,,,,,,,,,,,,,,,,,,,,,
475,Fig. 1,ID475__fig1.png,GRID,151,AXIS_FALLBACK,,,,,,,,"133,174,747,974",173,220,220,0.95,leftmost column whose run is >= 0.95 of the longest (220 px),173:220px;142:13px;141:12px;159:11px;153:11px;138:11px,,,,,,,,,,,,,,,,,,,,,,,,,,,,,,,,,,,,,,,,,,,,,,,,,,
475,Fig. 1,ID475__fig1.png,GRID,151,AXIS_FALLBACK,,,,,,,,"133,174,747,974",173,220,220,0.95,leftmost column whose run is >= 0.95 of the longest (220 px),173:220px;142:13px;141:12px;159:11px;153:11px;138:11px,,,,,,,,,,,,,,,,,,,,,,,,,,,,,,,,,,,,,,,,,,,,,,,,,,
475,Fig. 1,ID475__fig1.png,GRID,151,AXIS_CANDIDATES,,,,,,,,"191,490,27,145",,,,,no run long enough,,0,0,,370,35.4,,,,,,,,,,,,,,,,,,,,,,,,,,,,,,,,,,,,,,,,,,,,,
475,Fig. 1,ID475__fig1.png,GRID,151,AXIS_FALLBACK,,,,,,,,"191,490,27,145",482,66,66,0.95,leftmost column whose run is >= 0.95 of the longest (66 px),484:66px;483:66px;482:66px;204:19px;198:18px;431:17px,,,,,,,,,,,,,,,,,,,,,,,,,,,,,,,,,,,,,,,,,,,,,,,,,,
475,Fig. 1,ID475__fig1.png,GRID,151,AXIS_FALLBACK,,,,,,,,"191,490,27,145",482,66,66,0.95,leftmost column whose run is >= 0.95 of the longest (66 px),484:66px;483:66px;482:66px;204:19px;198:18px;431:17px,,,,,,,,,,,,,,,,,,,,,,,,,,,,,,,,,,,,,,,,,,,,,,,,,,
475,Fig. 1,ID475__fig1.png,GRID,151,AXIS_CANDIDATES,,,,,,,,"191,501,145,225",216,,,,no free run; leftmost of 7 clipped,216:171-226:clipped;217:171-226:clipped;236:175-225:clipped;237:174-226:clipped;269:174-226:clipped;270:174-225:clipped;352:172-226:clipped,0,7,171-226,377,24.0,,,,,,,,,,,,,,,,,,,,,,,,,,,,,,,,,,,,,,,,,,,,,
475,Fig. 1,ID475__fig1.png,GRID,151,AXIS_FALLBACK,,,,,,,,"191,501,145,225",466,80,80,0.95,leftmost column whose run is >= 0.95 of the longest (80 px),500:80px;499:80px;467:80px;466:80px;217:54px;216:54px,,,,,,,,,,,,,,,,,,,,,,,,,,,,,,,,,,,,,,,,,,,,,,,,,,
475,Fig. 1,ID475__fig1.png,GRID,151,ORPHAN,,,,,,,,,,,,,,,,,,,,"106,124,112,270",18,158,NO_PANEL_IN_REACH,0,left 67px share 1.00 reach 34 [gap],,,,,,,,,,,,,,,,,,,,,,,,,,,,,,,,,,,,,,,
475,Fig. 1,ID475__fig1.png,GRID,151,PIECE_RELATION,,,,,,,,,,,,,,,,,,,,"106,124,112,270",,,,,,OPPOSITE_HALF_MULTIPLE_PANELS,2,0,"191,490,27,145;191,501,145,225",,CONTAINMENT,,,,,,,,,,,,,,,,,,,,,,,,,,,,,,,,,
475,Fig. 1,ID475__fig1.png,GRID,151,ORPHAN,,,,,,,,,,,,,,,,,,,,"99,384,370,664",285,294,NO_PANEL_IN_REACH,0,overlap 0px share 0.00 reach 34 [share],,,,,,,,,,,,,,,,,,,,,,,,,,,,,,,,,,,,,,,
475,Fig. 1,ID475__fig1.png,GRID,151,PIECE_RELATION,,,,,,,,,,,,,,,,,,,,"99,384,370,664",,,,,,NO_SELECTED_PANEL_DESCENDANT,0,0,,,CONTAINMENT,,,,,,,,,,,,,,,,,,,,,,,,,,,,,,,,,
475,Fig. 1,ID475__fig1.png,GRID,151,ORPHAN,,,,,,,,,,,,,,,,,,,,"138,174,695,729",36,34,NO_PANEL_IN_REACH,0,left 17px share 0.00 reach 34 [share] | overlap 0px share 0.00 reach 34 [share],,,,,,,,,,,,,,,,,,,,,,,,,,,,,,,,,,,,,,,
475,Fig. 1,ID475__fig1.png,GRID,151,PIECE_RELATION,,,,,,,,,,,,,,,,,,,,"138,174,695,729",,,,,,NO_SELECTED_PANEL_DESCENDANT,0,0,,,CONTAINMENT,,,,,,,,,,,,,,,,,,,,,,,,,,,,,,,,,
475,Fig. 1,ID475__fig1.png,GRID,151,ORPHAN,,,,,,,,,,,,,,,,,,,,"192,211,696,720",19,24,NO_PANEL_IN_REACH,0,overlap 0px share 0.00 reach 34 [share] | right 18px share 0.00 reach 34 [share],,,,,,,,,,,,,,,,,,,,,,,,,,,,,,,,,,,,,,,
475,Fig. 1,ID475__fig1.png,GRID,151,PIECE_RELATION,,,,,,,,,,,,,,,,,,,,"192,211,696,720",,,,,,NO_SELECTED_PANEL_DESCENDANT,0,0,,,CONTAINMENT,,,,,,,,,,,,,,,,,,,,,,,,,,,,,,,,,
475,Fig. 1,ID475__fig1.png,GRID,151,ORPHAN,,,,,,,,,,,,,,,,,,,,"572,590,116,254",18,138,NO_PANEL_IN_REACH,0,right 71px share 1.00 reach 34 [gap],,,,,,,,,,,,,,,,,,,,,,,,,,,,,,,,,,,,,,,
475,Fig. 1,ID475__fig1.png,GRID,151,PIECE_RELATION,,,,,,,,,,,,,,,,,,,,"572,590,116,254",,,,,,NO_SELECTED_PANEL_DESCENDANT,0,0,,,CONTAINMENT,,,,,,,,,,,,,,,,,,,,,,,,,,,,,,,,,
475,Fig. 1,ID475__fig1.png,GRID,151,ORPHAN,,,,,,,,,,,,,,,,,,,,"573,587,262,273",14,11,NO_PANEL_IN_REACH,0,right 399px share 0.00 reach 34 [gap] [share],,,,,,,,,,,,,,,,,,,,,,,,,,,,,,,,,,,,,,,
475,Fig. 1,ID475__fig1.png,GRID,151,PIECE_RELATION,,,,,,,,,,,,,,,,,,,,"573,587,262,273",,,,,,NO_SELECTED_PANEL_DESCENDANT,0,0,,,CONTAINMENT,,,,,,,,,,,,,,,,,,,,,,,,,,,,,,,,,
475,Fig. 1,ID475__fig1.png,GRID,151,ORPHAN,,,,,,,,,,,,,,,,,,,,"604,944,640,669",340,29,NO_PANEL_IN_REACH,0,right 430px share 0.00 reach 34 [gap] [share],,,,,,,,,,,,,,,,,,,,,,,,,,,,,,,,,,,,,,,
475,Fig. 1,ID475__fig1.png,GRID,151,PIECE_RELATION,,,,,,,,,,,,,,,,,,,,"604,944,640,669",,,,,,NO_SELECTED_PANEL_DESCENDANT,0,0,,,CONTAINMENT,,,,,,,,,,,,,,,,,,,,,,,,,,,,,,,,,
475,Fig. 1,ID475__fig1.png,GRID,151,ORPHAN,,,,,,,,,,,,,,,,,,,,"553,743,695,981",190,286,NO_PANEL_IN_REACH,0,right 379px share 1.00 reach 34 [gap],,,,,,,,,,,,,,,,,,,,,,,,,,,,,,,,,,,,,,,
475,Fig. 1,ID475__fig1.png,GRID,151,PIECE_RELATION,,,,,,,,,,,,,,,,,,,,"553,743,695,981",,,,,,NO_SELECTED_PANEL_DESCENDANT,0,0,,,CONTAINMENT,,,,,,,,,,,,,,,,,,,,,,,,,,,,,,,,,
475,Fig. 1,ID475__fig1.png,GRID,151,ORPHAN,,,,,,,,,,,,,,,,,,,,"791,969,738,981",178,243,NO_PANEL_IN_REACH,0,right 617px share 1.00 reach 34 [gap],,,,,,,,,,,,,,,,,,,,,,,,,,,,,,,,,,,,,,,
475,Fig. 1,ID475__fig1.png,GRID,151,PIECE_RELATION,,,,,,,,,,,,,,,,,,,,"791,969,738,981",,,,,,NO_SELECTED_PANEL_DESCENDANT,0,0,,,CONTAINMENT,,,,,,,,,,,,,,,,,,,,,,,,,,,,,,,,,
475,Fig. 1,ID475__fig1.png,GRID,151,AXIS_FALLBACK,,,,,,,,"171,629,517,841",445,113,113,0.95,leftmost column whose run is >= 0.95 of the longest (113 px),446:113px;445:113px;173:93px;250:68px;249:68px;483:63px,,,,,,,,,,,,,,,,,,,,,,,,,,,,,,,,,,,,,,,,,,,,,,,,,,
475,Fig. 1,ID475__fig1.png,GRID,151,AXIS_FALLBACK,,,,,,,,"173,587,231,519",179,93,93,0.95,leftmost column whose run is >= 0.95 of the longest (93 px),179:93px;329:64px;328:64px;447:62px;446:62px;332:46px,,,,,,,,,,,,,,,,,,,,,,,,,,,,,,,,,,,,,,,,,,,,,,,,,,
475,Fig. 1,ID475__fig1.png,GRID,151,AXIS_FALLBACK,,,,,,,,"660,969,517,841",678,102,102,0.95,leftmost column whose run is >= 0.95 of the longest (102 px),679:102px;678:102px;914:99px;913:99px;949:46px;948:46px,,,,,,,,,,,,,,,,,,,,,,,,,,,,,,,,,,,,,,,,,,,,,,,,,,
475,Fig. 1,ID475__fig1.png,GRID,151,AXIS_FALLBACK,,,,,,,,"178,634,27,233",179,173,173,0.95,leftmost column whose run is >= 0.95 of the longest (173 px),179:173px;499:81px;467:81px;500:80px;466:80px;484:67px,,,,,,,,,,,,,,,,,,,,,,,,,,,,,,,,,,,,,,,,,,,,,,,,,,
475,Fig. 1,ID475__fig1.png,GRID,151,AXIS_FALLBACK,,,,,,,,"643,966,231,519",795,109,112,0.95,leftmost column whose run is >= 0.95 of the longest (112 px),912:112px;911:112px;796:109px;795:109px;645:97px;798:70px,,,,,,,,,,,,,,,,,,,,,,,,,,,,,,,,,,,,,,,,,,,,,,,,,,
475,Fig. 1,ID475__fig1.png,GRID,151,AXIS_FALLBACK,,,,,,,,"644,1023,31,233",645,170,170,0.95,leftmost column whose run is >= 0.95 of the longest (170 px),645:170px;950:61px;949:61px;948:61px;736:58px;703:58px,,,,,,,,,,,,,,,,,,,,,,,,,,,,,,,,,,,,,,,,,,,,,,,,,,
475,Fig. 1,ID475__fig1.png,GRID,151,AXIS_FALLBACK,,,,,,,,"171,627,815,951",173,136,136,0.95,leftmost column whose run is >= 0.95 of the longest (136 px),173:136px;445:117px;444:117px;249:65px;248:65px;247:65px,,,,,,,,,,,,,,,,,,,,,,,,,,,,,,,,,,,,,,,,,,,,,,,,,,
475,Fig. 1,ID475__fig1.png,GRID,151,AXIS_FALLBACK,,,,,,,,"173,578,831,951",173,120,120,0.95,leftmost column whose run is >= 0.95 of the longest (120 px),173:120px;445:117px;444:117px;249:65px;248:65px;247:65px,,,,,,,,,,,,,,,,,,,,,,,,,,,,,,,,,,,,,,,,,,,,,,,,,,
475,Fig. 1,ID475__fig1.png,GRID,151,AXIS_FALLBACK,,,,,,,,"178,627,815,951",444,117,117,0.95,leftmost column whose run is >= 0.95 of the longest (117 px),445:117px;444:117px;249:65px;248:65px;247:65px;482:63px,,,,,,,,,,,,,,,,,,,,,,,,,,,,,,,,,,,,,,,,,,,,,,,,,,
475,Fig. 1,ID475__fig1.png,GRID,151,AXIS_FALLBACK,,,,,,,,"133,174,747,974",173,220,220,0.95,leftmost column whose run is >= 0.95 of the longest (220 px),173:220px;142:13px;141:12px;159:11px;153:11px;138:11px,,,,,,,,,,,,,,,,,,,,,,,,,,,,,,,,,,,,,,,,,,,,,,,,,,
475,Fig. 1,ID475__fig1.png,GRID,151,AXIS_FALLBACK,,,,,,,,"191,490,27,145",482,66,66,0.95,leftmost column whose run is >= 0.95 of the longest (66 px),484:66px;483:66px;482:66px;204:19px;198:18px;431:17px,,,,,,,,,,,,,,,,,,,,,,,,,,,,,,,,,,,,,,,,,,,,,,,,,,
475,Fig. 1,ID475__fig1.png,GRID,151,AXIS_FALLBACK,,,,,,,,"191,501,145,225",466,80,80,0.95,leftmost column whose run is >= 0.95 of the longest (80 px),500:80px;499:80px;467:80px;466:80px;217:54px;216:54px,,,,,,,,,,,,,,,,,,,,,,,,,,,,,,,,,,,,,,,,,,,,,,,,,,
475,Fig. 1,ID475__fig1.png,GRID,151,AXIS_FALLBACK,,,,,,,,"173,587,58,519",179,264,264,0.95,leftmost column whose run is >= 0.95 of the longest (264 px),179:264px;499:81px;467:81px;500:80px;466:80px;447:69px,,,,,,,,,,,,,,,,,,,,,,,,,,,,,,,,,,,,,,,,,,,,,,,,,,
475,Fig. 1,ID475__fig1.png,GRID,151,AXIS_CANDIDATES,,,,,,,,"173,587,58,519",179,,,,leftmost of 1 free runs,179:60-324:free,1,0,60-324,421,138.3,,,,,,,,,,,,,,,,,,,,,,,,,,,,,,,,,,,,,,,,,,,,,
475,Fig. 1,ID475__fig1.png,GRID,151,AXIS_FALLBACK,,,,,,,,"178,634,27,326",179,264,264,0.95,leftmost column whose run is >= 0.95 of the longest (264 px),179:264px;499:81px;467:81px;500:80px;466:80px;447:69px,,,,,,,,,,,,,,,,,,,,,,,,,,,,,,,,,,,,,,,,,,,,,,,,,,
475,Fig. 1,ID475__fig1.png,GRID,151,AXIS_CANDIDATES,,,,,,,,"178,634,27,326",179,,,,leftmost of 1 free runs,179:60-324:free,1,0,60-324,451,89.7,,,,,,,,,,,,,,,,,,,,,,,,,,,,,,,,,,,,,,,,,,,,,
475,Fig. 1,ID475__fig1.png,GRID,151,AXIS_FALLBACK,,,,,,,,"644,1023,31,330",645,265,265,0.95,leftmost column whose run is >= 0.95 of the longest (265 px),645:265px;798:74px;797:74px;913:65px;912:65px;684:64px,,,,,,,,,,,,,,,,,,,,,,,,,,,,,,,,,,,,,,,,,,,,,,,,,,
475,Fig. 1,ID475__fig1.png,GRID,151,AXIS_CANDIDATES,,,,,,,,"644,1023,31,330",645,,,,leftmost of 1 free runs,645:63-328:free,1,0,63-328,871,89.7,,,,,,,,,,,,,,,,,,,,,,,,,,,,,,,,,,,,,,,,,,,,,
475,Fig. 1,ID475__fig1.png,GRID,151,AXIS_FALLBACK,,,,,,,,"171,627,746,970",173,220,220,0.95,leftmost column whose run is >= 0.95 of the longest (220 px),173:220px;445:117px;444:117px;249:65px;248:65px;247:65px,,,,,,,,,,,,,,,,,,,,,,,,,,,,,,,,,,,,,,,,,,,,,,,,,,
475,Fig. 1,ID475__fig1.png,GRID,151,AXIS_CANDIDATES,,,,,,,,"171,627,746,970",173,,,,leftmost of 1 free runs,173:748-968:free,1,0,748-968,444,67.2,,,,,,,,,,,,,,,,,,,,,,,,,,,,,,,,,,,,,,,,,,,,,
475,Fig. 1,ID475__fig1.png,GRID,151,AXIS_FALLBACK,,,,,,,,"178,634,27,233",179,173,173,0.95,leftmost column whose run is >= 0.95 of the longest (173 px),179:173px;499:81px;467:81px;500:80px;466:80px;484:67px,,,,,,,,,,,,,,,,,,,,,,,,,,,,,,,,,,,,,,,,,,,,,,,,,,
475,Fig. 1,ID475__fig1.png,GRID,151,AXIS_CANDIDATES,,,,,,,,"178,634,27,233",179,,,,no free run; leftmost of 1 clipped,179:60-324:clipped,0,1,60-324,451,61.8,,,,,,,,,,,,,,,,,,,,,,,,,,,,,,,,,,,,,,,,,,,,,
475,Fig. 1,ID475__fig1.png,GRID,151,AXIS_FALLBACK,,,,,,,,"173,578,746,970",173,220,220,0.95,leftmost column whose run is >= 0.95 of the longest (220 px),173:220px;445:117px;444:117px;249:65px;248:65px;247:65px,,,,,,,,,,,,,,,,,,,,,,,,,,,,,,,,,,,,,,,,,,,,,,,,,,
475,Fig. 1,ID475__fig1.png,GRID,151,AXIS_CANDIDATES,,,,,,,,"173,578,746,970",173,,,,leftmost of 1 free runs,173:748-968:free,1,0,748-968,416,67.2,,,,,,,,,,,,,,,,,,,,,,,,,,,,,,,,,,,,,,,,,,,,,
475,Fig. 1,ID475__fig1.png,GRID,151,AXIS_FALLBACK,,,,,,,,"644,1023,31,233",645,170,170,0.95,leftmost column whose run is >= 0.95 of the longest (170 px),645:170px;950:61px;949:61px;948:61px;736:58px;703:58px,,,,,,,,,,,,,,,,,,,,,,,,,,,,,,,,,,,,,,,,,,,,,,,,,,
475,Fig. 1,ID475__fig1.png,GRID,151,AXIS_CANDIDATES,,,,,,,,"644,1023,31,233",645,,,,no free run; leftmost of 1 clipped,645:63-328:clipped,0,1,63-328,871,60.6,,,,,,,,,,,,,,,,,,,,,,,,,,,,,,,,,,,,,,,,,,,,,
475,Fig. 1,ID475__fig1.png,GRID,151,AXIS_FALLBACK,,,,,,,,"171,627,815,951",173,136,136,0.95,leftmost column whose run is >= 0.95 of the longest (136 px),173:136px;445:117px;444:117px;249:65px;248:65px;247:65px,,,,,,,,,,,,,,,,,,,,,,,,,,,,,,,,,,,,,,,,,,,,,,,,,,
475,Fig. 1,ID475__fig1.png,GRID,151,AXIS_CANDIDATES,,,,,,,,"171,627,815,951",247,,,,leftmost of 7 free runs,247:851-916:free;248:851-916:free;249:851-916:free;327:834-879:free;328:834-879:free;364:865-921:free;365:865-921:free;173:748-968:clipped,7,1,851-916,444,40.8,,,,,,,,,,,,,,,,,,,,,,,,,,,,,,,,,,,,,,,,,,,,,
475,Fig. 1,ID475__fig1.png,GRID,151,AXIS_FALLBACK,,,,,,,,"178,627,815,951",444,117,117,0.95,leftmost column whose run is >= 0.95 of the longest (117 px),445:117px;444:117px;249:65px;248:65px;247:65px;482:63px,,,,,,,,,,,,,,,,,,,,,,,,,,,,,,,,,,,,,,,,,,,,,,,,,,
475,Fig. 1,ID475__fig1.png,GRID,151,AXIS_CANDIDATES,,,,,,,,"178,627,815,951",247,,,,leftmost of 7 free runs,247:851-916:free;248:851-916:free;249:851-916:free;327:834-879:free;328:834-879:free;364:865-921:free;365:865-921:free;444:834-951:clipped;445:834-951:clipped,7,2,851-916,447,40.8,,,,,,,,,,,,,,,,,,,,,,,,,,,,,,,,,,,,,,,,,,,,,
475,Fig. 1,ID475__fig1.png,GRID,151,AXIS_FALLBACK,,,,,,,,"173,578,831,951",173,120,120,0.95,leftmost column whose run is >= 0.95 of the longest (120 px),173:120px;445:117px;444:117px;249:65px;248:65px;247:65px,,,,,,,,,,,,,,,,,,,,,,,,,,,,,,,,,,,,,,,,,,,,,,,,,,
475,Fig. 1,ID475__fig1.png,GRID,151,AXIS_CANDIDATES,,,,,,,,"173,578,831,951",210,,,,leftmost of 9 free runs,210:834-874:free;211:834-874:free;247:851-916:free;248:851-916:free;249:851-916:free;327:834-879:free;328:834-879:free;364:865-921:free;365:865-921:free;173:748-968:clipped,9,1,834-874,416,36.0,,,,,,,,,,,,,,,,,,,,,,,,,,,,,,,,,,,,,,,,,,,,,
475,Fig. 1,ID475__fig1.png,GRID,151,AXIS_FALLBACK,,,,,,,,"191,501,145,225",466,80,80,0.95,leftmost column whose run is >= 0.95 of the longest (80 px),500:80px;499:80px;467:80px;466:80px;217:54px;216:54px,,,,,,,,,,,,,,,,,,,,,,,,,,,,,,,,,,,,,,,,,,,,,,,,,,
475,Fig. 1,ID475__fig1.png,GRID,151,AXIS_CANDIDATES,,,,,,,,"191,501,145,225",216,,,,no free run; leftmost of 7 clipped,216:171-226:clipped;217:171-226:clipped;236:175-225:clipped;237:174-226:clipped;269:174-226:clipped;270:174-225:clipped;352:172-226:clipped,0,7,171-226,377,24.0,,,,,,,,,,,,,,,,,,,,,,,,,,,,,,,,,,,,,,,,,,,,,
475,Fig. 1,ID475__fig1.png,GRID,151,AXIS_FALLBACK,,,,,,,,"191,490,27,145",482,66,66,0.95,leftmost column whose run is >= 0.95 of the longest (66 px),484:66px;483:66px;482:66px;204:19px;198:18px;431:17px,,,,,,,,,,,,,,,,,,,,,,,,,,,,,,,,,,,,,,,,,,,,,,,,,,
475,Fig. 1,ID475__fig1.png,GRID,151,AXIS_CANDIDATES,,,,,,,,"191,490,27,145",,,,,no run long enough,,0,0,,370,35.4,,,,,,,,,,,,,,,,,,,,,,,,,,,,,,,,,,,,,,,,,,,,,
475,Fig. 1,ID475__fig1.png,GRID,151,AXIS_FALLBACK,,,,,,,,"133,174,747,974",173,220,220,0.95,leftmost column whose run is >= 0.95 of the longest (220 px),173:220px;142:13px;141:12px;159:11px;153:11px;138:11px,,,,,,,,,,,,,,,,,,,,,,,,,,,,,,,,,,,,,,,,,,,,,,,,,,
475,Fig. 1,ID475__fig1.png,GRID,151,AXIS_CANDIDATES,,,,,,,,"133,174,747,974",,,,,no run long enough,,0,0,,157,68.1,,,,,,,,,,,,,,,,,,,,,,,,,,,,,,,,,,,,,,,,,,,,,
475,Fig. 1,ID475__fig1.png,OFF,151,SELECTED_PASS,,,,,,,,,,,,,,,,,,,,,,,,,,,,,,,,,,,,,,,,,,,,,,,,,,"(0, -1, 5, -7)",7,,,,,,,,,,,,,
475,Fig. 1,ID475__fig1.png,OFF,151,SELECTED,,,,,,,,"106,501,27,326",,,,,,,,,,,,,,,,,,,,,,,,P01,,,,,,,,,,,,,,,,,,,,,,,,AXIS_ATTESTED,anchor,179,224,LADDER_OK,9,0,,EXTENDED_TO_SPINE
475,Fig. 1,ID475__fig1.png,OFF,151,SELECTED,,,,,,,,"572,967,31,330",,,,,,,,,,,,,,,,,,,,,,,,P02,,,,,,,,,,,,,,,,,,,,,,,,AXIS_ATTESTED,anchor,645,227,LADDER_OK,9,0,,EXTENDED_TO_SPINE
475,Fig. 1,ID475__fig1.png,OFF,151,SELECTED,,,,,,,,"609,967,403,619",,,,,,,,,,,,,,,,,,,,,,,,P03,,,,,,,,,,,,,,,,,,,,,,,,AXIS_GEOMETRY_ONLY,anchor,795,513,LADDER_REFUSED,2,1,,FOUND_BY_COLUMN_RESCAN
475,Fig. 1,ID475__fig1.png,OFF,151,SELECTED,,,,,,,,"101,268,499,627",,,,,,,,,,,,,,,,,,,,,,,,P04,,,,,,,,,,,,,,,,,,,,,,,,AXIS_FALLBACK,fallback,212,559,LADDER_OK,3,0,,FOUND_BY_COLUMN_RESCAN
475,Fig. 1,ID475__fig1.png,OFF,151,SELECTED,,,,,,,,"92,273,695,975",,,,,,,,,,,,,,,,,,,,,,,,P05,,,,,,,,,,,,,,,,,,,,,,,,AXIS_ATTESTED,anchor,173,835,LADDER_OK,7,0,,RE_INKED
475,Fig. 1,ID475__fig1.png,OFF,151,FRAGMENT_DECISION,,,,,,,,"609,967,738,938",,,,,,,,,,,,,,,,,,,,,,,,P06,,,,,,,,,,,,,,,,,,,,CUT_THROUGH_AXIS,,,baseline continues right of x1,,,,,,,,,
475,Fig. 1,ID475__fig1.png,OFF,151,SELECTED,,,,,,,,"609,967,738,938",,,,,,,,,,,,,,,,,,,,,,,,P06,,,,,,,,,,,,,,,,,,,,,,,,AXIS_ATTESTED,anchor,679,835,LADDER_OK,3,1,baseline continues right of x1,FOUND_BY_COLUMN_RESCAN
475,Fig. 1,ID475__fig1.png,OFF,151,SELECTED,,,,,,,,"428,500,834,951",,,,,,,,,,,,,,,,,,,,,,,,P07,,,,,,,,,,,,,,,,,,,,,,,,AXIS_UNRESOLVED,anchor,444,835,LADDER_REFUSED,0,0,,RE_INKED
475,Fig. 2,ID475__fig2.png,OFF,140,CUT,1,col,0,403-524,121,"0,463,0,963","463,984,0,963",,,,,,,,,,,,,,,,,,,,,,,,,,,,,,,,,,,,,,,,,,,,,,,,,,,,,,,,,
475,Fig. 2,ID475__fig2.png,OFF,140,CUT,2,row,1,620-648,28,"0,463,0,634","0,463,634,963",,,,,,,,,,,,,,,,,,,,,,,,,,,,,,,,,,,,,,,,,,,,,,,,,,,,,,,,,
475,Fig. 2,ID475__fig2.png,OFF,140,CUT,3,col,2,314-336,22,"0,325,0,634","325,463,0,634",,,,,,,,,,,,,,,,,,,,,,,,,,,,,,,,,,,,,,,,,,,,,,,,,,,,,,,,,
475,Fig. 2,ID475__fig2.png,OFF,140,CUT,4,row,3,322-332,10,"0,325,0,327","0,325,327,634",,,,,,,,,,,,,,,,,,,,,,,,,,,,,,,,,,,,,,,,,,,,,,,,,,,,,,,,,
475,Fig. 2,ID475__fig2.png,OFF,140,CUT,5,row,3,156-308,152,"325,463,0,232","325,463,232,634",,,,,,,,,,,,,,,,,,,,,,,,,,,,,,,,,,,,,,,,,,,,,,,,,,,,,,,,,
475,Fig. 2,ID475__fig2.png,OFF,140,CUT,6,col,2,299-337,38,"0,318,634,963","318,463,634,963",,,,,,,,,,,,,,,,,,,,,,,,,,,,,,,,,,,,,,,,,,,,,,,,,,,,,,,,,
475,Fig. 2,ID475__fig2.png,OFF,140,CUT,7,row,3,872-893,21,"0,318,634,882","0,318,882,963",,,,,,,,,,,,,,,,,,,,,,,,,,,,,,,,,,,,,,,,,,,,,,,,,,,,,,,,,
475,Fig. 2,ID475__fig2.png,OFF,140,CUT,8,row,3,846-910,64,"318,463,634,878","318,463,878,963",,,,,,,,,,,,,,,,,,,,,,,,,,,,,,,,,,,,,,,,,,,,,,,,,,,,,,,,,
475,Fig. 2,ID475__fig2.png,OFF,140,CUT,9,row,1,620-638,18,"463,984,0,629","463,984,629,963",,,,,,,,,,,,,,,,,,,,,,,,,,,,,,,,,,,,,,,,,,,,,,,,,,,,,,,,,
475,Fig. 2,ID475__fig2.png,OFF,140,CUT,10,col,2,608-619,11,"463,613,0,629","613,984,0,629",,,,,,,,,,,,,,,,,,,,,,,,,,,,,,,,,,,,,,,,,,,,,,,,,,,,,,,,,
475,Fig. 2,ID475__fig2.png,OFF,140,CUT,11,row,3,308-343,35,"463,613,0,325","463,613,325,629",,,,,,,,,,,,,,,,,,,,,,,,,,,,,,,,,,,,,,,,,,,,,,,,,,,,,,,,,
475,Fig. 2,ID475__fig2.png,OFF,140,CUT,12,row,3,258-308,50,"613,984,0,283","613,984,283,629",,,,,,,,,,,,,,,,,,,,,,,,,,,,,,,,,,,,,,,,,,,,,,,,,,,,,,,,,
475,Fig. 2,ID475__fig2.png,OFF,140,CUT,13,col,2,797-838,41,"463,817,629,963","817,984,629,963",,,,,,,,,,,,,,,,,,,,,,,,,,,,,,,,,,,,,,,,,,,,,,,,,,,,,,,,,
475,Fig. 2,ID475__fig2.png,OFF,140,CUT,14,col,3,709-733,24,"463,721,629,963","721,817,629,963",,,,,,,,,,,,,,,,,,,,,,,,,,,,,,,,,,,,,,,,,,,,,,,,,,,,,,,,,
475,Fig. 2,ID475__fig2.png,OFF,140,CUT,15,row,3,838-910,72,"817,984,629,874","817,984,874,963",,,,,,,,,,,,,,,,,,,,,,,,,,,,,,,,,,,,,,,,,,,,,,,,,,,,,,,,,
475,Fig. 2,ID475__fig2.png,OFF,140,AXIS_FALLBACK,,,,,,,,"31,314,28,322",105,246,246,0.95,leftmost column whose run is >= 0.95 of the longest (246 px),105:246px;175:63px;174:63px;140:37px;280:36px;279:36px,,,,,,,,,,,,,,,,,,,,,,,,,,,,,,,,,,,,,,,,,,,,,,,,,,
475,Fig. 2,ID475__fig2.png,OFF,140,AXIS_FALLBACK,,,,,,,,"22,297,332,620",105,244,244,0.95,leftmost column whose run is >= 0.95 of the longest (244 px),105:244px;175:68px;174:68px;141:61px;140:61px;280:54px,,,,,,,,,,,,,,,,,,,,,,,,,,,,,,,,,,,,,,,,,,,,,,,,,,
475,Fig. 2,ID475__fig2.png,OFF,140,AXIS_FALLBACK,,,,,,,,"538,709,638,924",606,245,245,0.95,leftmost column whose run is >= 0.95 of the longest (245 px),606:245px;642:77px;675:59px;661:33px;660:33px;691:32px,,,,,,,,,,,,,,,,,,,,,,,,,,,,,,,,,,,,,,,,,,,,,,,,,,
475,Fig. 2,ID475__fig2.png,OFF,140,AXIS_FALLBACK,,,,,,,,"37,297,648,872",105,218,218,0.95,leftmost column whose run is >= 0.95 of the longest (218 px),105:218px;246:68px;141:54px;140:54px;279:52px;174:46px,,,,,,,,,,,,,,,,,,,,,,,,,,,,,,,,,,,,,,,,,,,,,,,,,,
475,Fig. 2,ID475__fig2.png,OFF,140,AXIS_FALLBACK,,,,,,,,"533,608,52,308",607,245,245,0.95,leftmost column whose run is >= 0.95 of the longest (245 px),607:245px;541:15px;582:12px;543:11px;542:11px;537:11px,,,,,,,,,,,,,,,,,,,,,,,,,,,,,,,,,,,,,,,,,,,,,,,,,,
475,Fig. 2,ID475__fig2.png,OFF,140,AXIS_FALLBACK,,,,,,,,"524,613,343,599",607,245,245,0.95,leftmost column whose run is >= 0.95 of the longest (245 px),607:245px;532:16px;540:13px;535:12px;534:12px;533:12px,,,,,,,,,,,,,,,,,,,,,,,,,,,,,,,,,,,,,,,,,,,,,,,,,,
475,Fig. 2,ID475__fig2.png,OFF,140,AXIS_FALLBACK,,,,,,,,"619,904,33,258",853,102,102,0.95,leftmost column whose run is >= 0.95 of the longest (102 px),853:102px;748:93px;747:93px;642:78px;641:78px;888:33px,,,,,,,,,,,,,,,,,,,,,,,,,,,,,,,,,,,,,,,,,,,,,,,,,,
475,Fig. 2,ID475__fig2.png,OFF,140,AXIS_FALLBACK,,,,,,,,"31,314,28,322",105,246,246,0.95,leftmost column whose run is >= 0.95 of the longest (246 px),105:246px;175:63px;174:63px;140:37px;280:36px;279:36px,,,,,,,,,,,,,,,,,,,,,,,,,,,,,,,,,,,,,,,,,,,,,,,,,,
475,Fig. 2,ID475__fig2.png,OFF,140,AXIS_FALLBACK,,,,,,,,"22,297,332,620",105,244,244,0.95,leftmost column whose run is >= 0.95 of the longest (244 px),105:244px;175:68px;174:68px;141:61px;140:61px;280:54px,,,,,,,,,,,,,,,,,,,,,,,,,,,,,,,,,,,,,,,,,,,,,,,,,,
475,Fig. 2,ID475__fig2.png,OFF,140,AXIS_FALLBACK,,,,,,,,"37,297,648,872",105,218,218,0.95,leftmost column whose run is >= 0.95 of the longest (218 px),105:218px;246:68px;141:54px;140:54px;279:52px;174:46px,,,,,,,,,,,,,,,,,,,,,,,,,,,,,,,,,,,,,,,,,,,,,,,,,,
475,Fig. 2,ID475__fig2.png,OFF,140,AXIS_FALLBACK,,,,,,,,"533,608,52,308",607,245,245,0.95,leftmost column whose run is >= 0.95 of the longest (245 px),607:245px;541:15px;582:12px;543:11px;542:11px;537:11px,,,,,,,,,,,,,,,,,,,,,,,,,,,,,,,,,,,,,,,,,,,,,,,,,,
475,Fig. 2,ID475__fig2.png,OFF,140,AXIS_FALLBACK,,,,,,,,"524,613,343,599",607,245,245,0.95,leftmost column whose run is >= 0.95 of the longest (245 px),607:245px;532:16px;540:13px;535:12px;534:12px;533:12px,,,,,,,,,,,,,,,,,,,,,,,,,,,,,,,,,,,,,,,,,,,,,,,,,,
475,Fig. 2,ID475__fig2.png,OFF,140,AXIS_FALLBACK,,,,,,,,"619,904,33,258",853,102,102,0.95,leftmost column whose run is >= 0.95 of the longest (102 px),853:102px;748:93px;747:93px;642:78px;641:78px;888:33px,,,,,,,,,,,,,,,,,,,,,,,,,,,,,,,,,,,,,,,,,,,,,,,,,,
475,Fig. 2,ID475__fig2.png,OFF,140,AXIS_FALLBACK,,,,,,,,"538,709,638,924",606,245,245,0.95,leftmost column whose run is >= 0.95 of the longest (245 px),606:245px;642:77px;675:59px;661:33px;660:33px;691:32px,,,,,,,,,,,,,,,,,,,,,,,,,,,,,,,,,,,,,,,,,,,,,,,,,,
475,Fig. 2,ID475__fig2.png,OFF,140,AXIS_FALLBACK,,,,,,,,"533,608,52,308",607,245,245,0.95,leftmost column whose run is >= 0.95 of the longest (245 px),607:245px;541:15px;582:12px;543:11px;542:11px;537:11px,,,,,,,,,,,,,,,,,,,,,,,,,,,,,,,,,,,,,,,,,,,,,,,,,,
475,Fig. 2,ID475__fig2.png,OFF,140,AXIS_FALLBACK,,,,,,,,"619,904,361,561",748,112,112,0.95,leftmost column whose run is >= 0.95 of the longest (112 px),854:112px;853:112px;748:112px;642:106px;888:81px;887:81px,,,,,,,,,,,,,,,,,,,,,,,,,,,,,,,,,,,,,,,,,,,,,,,,,,
475,Fig. 2,ID475__fig2.png,OFF,140,AXIS_CANDIDATES,,,,,,,,"31,314,28,322",105,,,,leftmost of 1 free runs,105:56-302:free,1,0,56-302,200,88.2,,,,,,,,,,,,,,,,,,,,,,,,,,,,,,,,,,,,,,,,,,,,,
475,Fig. 2,ID475__fig2.png,OFF,140,AXIS_FALLBACK,,,,,,,,"31,314,28,322",105,246,246,0.95,leftmost column whose run is >= 0.95 of the longest (246 px),105:246px;175:63px;174:63px;140:37px;280:36px;279:36px,,,,,,,,,,,,,,,,,,,,,,,,,,,,,,,,,,,,,,,,,,,,,,,,,,
475,Fig. 2,ID475__fig2.png,OFF,140,AXIS_CANDIDATES,,,,,,,,"22,297,332,620",105,,,,leftmost of 1 free runs,105:355-599:free,1,0,355-599,187,86.4,,,,,,,,,,,,,,,,,,,,,,,,,,,,,,,,,,,,,,,,,,,,,
475,Fig. 2,ID475__fig2.png,OFF,140,AXIS_FALLBACK,,,,,,,,"22,297,332,620",105,244,244,0.95,leftmost column whose run is >= 0.95 of the longest (244 px),105:244px;175:68px;174:68px;141:61px;140:61px;280:54px,,,,,,,,,,,,,,,,,,,,,,,,,,,,,,,,,,,,,,,,,,,,,,,,,,
475,Fig. 2,ID475__fig2.png,OFF,140,AXIS_CANDIDATES,,,,,,,,"538,709,638,924",606,,,,leftmost of 1 free runs,606:643-888:free,1,0,643-888,640,85.8,,,,,,,,,,,,,,,,,,,,,,,,,,,,,,,,,,,,,,,,,,,,,
475,Fig. 2,ID475__fig2.png,OFF,140,AXIS_FALLBACK,,,,,,,,"538,709,638,924",606,245,245,0.95,leftmost column whose run is >= 0.95 of the longest (245 px),606:245px;642:77px;675:59px;661:33px;660:33px;691:32px,,,,,,,,,,,,,,,,,,,,,,,,,,,,,,,,,,,,,,,,,,,,,,,,,,
475,Fig. 2,ID475__fig2.png,OFF,140,AXIS_CANDIDATES,,,,,,,,"37,297,648,872",105,,,,no free run; leftmost of 1 clipped,105:654-899:clipped,0,1,654-899,193,67.2,,,,,,,,,,,,,,,,,,,,,,,,,,,,,,,,,,,,,,,,,,,,,
475,Fig. 2,ID475__fig2.png,OFF,140,AXIS_FALLBACK,,,,,,,,"37,297,648,872",105,218,218,0.95,leftmost column whose run is >= 0.95 of the longest (218 px),105:218px;246:68px;141:54px;140:54px;279:52px;174:46px,,,,,,,,,,,,,,,,,,,,,,,,,,,,,,,,,,,,,,,,,,,,,,,,,,
475,Fig. 2,ID475__fig2.png,OFF,140,AXIS_CANDIDATES,,,,,,,,"524,613,343,599",,,,,no run long enough,,0,0,,577,76.8,,,,,,,,,,,,,,,,,,,,,,,,,,,,,,,,,,,,,,,,,,,,,
475,Fig. 2,ID475__fig2.png,OFF,140,AXIS_FALLBACK,,,,,,,,"524,613,343,599",607,245,245,0.95,leftmost column whose run is >= 0.95 of the longest (245 px),607:245px;532:16px;540:13px;535:12px;534:12px;533:12px,,,,,,,,,,,,,,,,,,,,,,,,,,,,,,,,,,,,,,,,,,,,,,,,,,
475,Fig. 2,ID475__fig2.png,OFF,140,AXIS_FALLBACK,,,,,,,,"524,613,343,599",607,245,245,0.95,leftmost column whose run is >= 0.95 of the longest (245 px),607:245px;532:16px;540:13px;535:12px;534:12px;533:12px,,,,,,,,,,,,,,,,,,,,,,,,,,,,,,,,,,,,,,,,,,,,,,,,,,
475,Fig. 2,ID475__fig2.png,OFF,140,AXIS_CANDIDATES,,,,,,,,"619,904,33,258",641,,,,leftmost of 4 free runs,641:79-157:free;642:79-157:free;747:156-249:free;748:156-249:free,4,0,79-157,790,67.5,,,,,,,,,,,,,,,,,,,,,,,,,,,,,,,,,,,,,,,,,,,,,
475,Fig. 2,ID475__fig2.png,OFF,140,AXIS_FALLBACK,,,,,,,,"619,904,33,258",853,102,102,0.95,leftmost column whose run is >= 0.95 of the longest (102 px),853:102px;748:93px;747:93px;642:78px;641:78px;888:33px,,,,,,,,,,,,,,,,,,,,,,,,,,,,,,,,,,,,,,,,,,,,,,,,,,
475,Fig. 2,ID475__fig2.png,OFF,140,AXIS_CANDIDATES,,,,,,,,"619,904,361,561",642,,,,leftmost of 3 free runs,642:367-473:free;675:484-552:free;676:484-552:free;748:356-473:clipped,3,1,367-473,790,60.0,,,,,,,,,,,,,,,,,,,,,,,,,,,,,,,,,,,,,,,,,,,,,
475,Fig. 2,ID475__fig2.png,OFF,140,AXIS_FALLBACK,,,,,,,,"619,904,361,561",748,112,112,0.95,leftmost column whose run is >= 0.95 of the longest (112 px),854:112px;853:112px;748:112px;642:106px;888:81px;887:81px,,,,,,,,,,,,,,,,,,,,,,,,,,,,,,,,,,,,,,,,,,,,,,,,,,
475,Fig. 2,ID475__fig2.png,OFF,140,AXIS_FALLBACK,,,,,,,,"31,314,28,322",105,246,246,0.95,leftmost column whose run is >= 0.95 of the longest (246 px),105:246px;175:63px;174:63px;140:37px;280:36px;279:36px,,,,,,,,,,,,,,,,,,,,,,,,,,,,,,,,,,,,,,,,,,,,,,,,,,
475,Fig. 2,ID475__fig2.png,OFF,140,AXIS_FALLBACK,,,,,,,,"31,314,28,322",105,246,246,0.95,leftmost column whose run is >= 0.95 of the longest (246 px),105:246px;175:63px;174:63px;140:37px;280:36px;279:36px,,,,,,,,,,,,,,,,,,,,,,,,,,,,,,,,,,,,,,,,,,,,,,,,,,
475,Fig. 2,ID475__fig2.png,OFF,140,AXIS_FALLBACK,,,,,,,,"31,314,28,322",105,246,246,0.95,leftmost column whose run is >= 0.95 of the longest (246 px),105:246px;175:63px;174:63px;140:37px;280:36px;279:36px,,,,,,,,,,,,,,,,,,,,,,,,,,,,,,,,,,,,,,,,,,,,,,,,,,
475,Fig. 2,ID475__fig2.png,OFF,140,ORPHAN,,,,11,,,,,,,,,,,,,,,,"325,455,119,156",130,37,OFFERED,,,,,,,,,"31,314,28,322",,right,,,,,,,,,,,,,,34,,,,,,,,,,,,,,,,
475,Fig. 2,ID475__fig2.png,OFF,140,GATE,,,,11,,,,,,,,,,,,,,,,"325,455,119,156",,,,,,,,,,,,"31,314,28,322",,right,True,O,O,-,X,O,-,,,,,,,,,,,,,,,,,,,,,,,
475,Fig. 2,ID475__fig2.png,OFF,140,GATE_WHY,,,,,,,,,,,,,,,,,,,,"325,455,119,156",,,,,,,,,,,,"31,314,28,322",,,,,,,,,,"축 없음, 잉크 0.116","행 겹침 1.00, 패널 행 28-322, 조각 119-156",이 클립에서 캡션을 읽지 못했다,"건너는 간격 11 px, 패널 내부의 가장 큰 간격 0 px","밑변에 선 열 1.00, 축 범위 안 잉크 1.00 (교집합 1.00)",막대·눈금이 1→1개뿐이라 규칙성을 잴 수 없다,,,,,,,,,,,,,,,,,
475,Fig. 2,ID475__fig2.png,OFF,140,POST,,,,,,,,,,,,,,,,,,,,"325,455,119,156",,,ADOPTED,,,,,,,,,"31,314,28,322",,,,,,,,,,,,,,,,,"31,403,28,322",,,,,,,,,,,,,,,
475,Fig. 2,ID475__fig2.png,OFF,140,ORPHAN,,,,,,,,,,,,,,,,,,,,"337,403,308,620",66,312,NO_PANEL_IN_REACH,0,left 121px share 1.00 reach 34 [gap] | right 40px share 1.00 reach 34 [gap],,,,,,,,,,,,,,,,,,,,,,,,,,,,,,,,,,,,,,,
475,Fig. 2,ID475__fig2.png,OFF,140,PIECE_RELATION,,,,,,,,,,,,,,,,,,,,"337,403,308,620",,,,,,NO_SELECTED_PANEL_DESCENDANT,0,0,,,CONTAINMENT,,,,,,,,,,,,,,,,,,,,,,,,,,,,,,,,,
475,Fig. 2,ID475__fig2.png,OFF,140,ORPHAN,,,,,,,,,,,,,,,,,,,,"72,299,893,924",227,31,NO_PANEL_IN_REACH,0,left 239px share 1.00 reach 34 [gap] | overlap 0px share 0.00 reach 34 [share],,,,,,,,,,,,,,,,,,,,,,,,,,,,,,,,,,,,,,,
475,Fig. 2,ID475__fig2.png,OFF,140,PIECE_RELATION,,,,,,,,,,,,,,,,,,,,"72,299,893,924",,,,,,OPPOSITE_HALF_UNIQUE_PANEL,1,0,"37,297,648,872",,CONTAINMENT,,,,,,,,,,,,,,,,,,,,,,,,,,,,,,,,,
475,Fig. 2,ID475__fig2.png,OFF,140,AXIS_FALLBACK,,,,,,,,"37,297,648,872",105,218,218,0.95,leftmost column whose run is >= 0.95 of the longest (218 px),105:218px;246:68px;141:54px;140:54px;279:52px;174:46px,,,,,,,,,,,,,,,,,,,,,,,,,,,,,,,,,,,,,,,,,,,,,,,,,,
475,Fig. 2,ID475__fig2.png,OFF,140,AXIS_FALLBACK,,,,,,,,"37,297,648,872",105,218,218,0.95,leftmost column whose run is >= 0.95 of the longest (218 px),105:218px;246:68px;141:54px;140:54px;279:52px;174:46px,,,,,,,,,,,,,,,,,,,,,,,,,,,,,,,,,,,,,,,,,,,,,,,,,,
475,Fig. 2,ID475__fig2.png,OFF,140,AXIS_FALLBACK,,,,,,,,"37,297,648,872",105,218,218,0.95,leftmost column whose run is >= 0.95 of the longest (218 px),105:218px;246:68px;141:54px;140:54px;279:52px;174:46px,,,,,,,,,,,,,,,,,,,,,,,,,,,,,,,,,,,,,,,,,,,,,,,,,,
475,Fig. 2,ID475__fig2.png,OFF,140,GATE_SHADOW,7,,,,21,,,,,,,,,,,,,,,"72,299,893,924",,,,,,,,,,,,"37,297,648,872",row,below,False,O,X,-,O,O,-,,,,,,,,,,,,,,,,,,,,,,,
475,Fig. 2,ID475__fig2.png,OFF,140,GATE_SHADOW_WHY,,,,,,,,,,,,,,,,,,,,"72,299,893,924",,,,,,,,,,,,"37,297,648,872",,,,,,,,,,"축 없음, 잉크 0.127","행 겹침 0.19, 패널 행 648-899, 조각 893-924",이 클립에서 캡션을 읽지 못했다,"건너는 간격 0 px, 패널 내부의 가장 큰 간격 74 px","밑변에 선 열 0.00, 축 범위 안 잉크 3.03 (교집합 0.07)",막대·눈금이 2→2개뿐이라 규칙성을 잴 수 없다,,,,,,,,,,,,,,,,,
475,Fig. 2,ID475__fig2.png,OFF,140,AXIS_FALLBACK,,,,,,,,"37,297,648,872",105,218,218,0.95,leftmost column whose run is >= 0.95 of the longest (218 px),105:218px;246:68px;141:54px;140:54px;279:52px;174:46px,,,,,,,,,,,,,,,,,,,,,,,,,,,,,,,,,,,,,,,,,,,,,,,,,,
475,Fig. 2,ID475__fig2.png,OFF,140,AXIS_FALLBACK,,,,,,,,"37,297,648,872",105,218,218,0.95,leftmost column whose run is >= 0.95 of the longest (218 px),105:218px;246:68px;141:54px;140:54px;279:52px;174:46px,,,,,,,,,,,,,,,,,,,,,,,,,,,,,,,,,,,,,,,,,,,,,,,,,,
475,Fig. 2,ID475__fig2.png,OFF,140,AXIS_FALLBACK,,,,,,,,"37,297,648,872",105,218,218,0.95,leftmost column whose run is >= 0.95 of the longest (218 px),105:218px;246:68px;141:54px;140:54px;279:52px;174:46px,,,,,,,,,,,,,,,,,,,,,,,,,,,,,,,,,,,,,,,,,,,,,,,,,,
475,Fig. 2,ID475__fig2.png,OFF,140,ORPHAN,,,,39,,,,,,,,,,,,,,,,"336,402,690,846",66,156,OFFERED,,,,,,,,,"37,297,648,872",,right,,,,,,,,,,,,,,74,,,,,,,,,,,,,,,,
475,Fig. 2,ID475__fig2.png,OFF,140,GATE,,,,39,,,,,,,,,,,,,,,,"336,402,690,846",,,,,,,,,,,,"37,297,648,872",,right,True,O,O,-,X,O,-,,,,,,,,,,,,,,,,,,,,,,,
475,Fig. 2,ID475__fig2.png,OFF,140,GATE_WHY,,,,,,,,,,,,,,,,,,,,"336,402,690,846",,,,,,,,,,,,"37,297,648,872",,,,,,,,,,"축 없음, 잉크 0.105","행 겹침 1.00, 패널 행 648-899, 조각 690-846",이 클립에서 캡션을 읽지 못했다,"건너는 간격 75 px, 패널 내부의 가장 큰 간격 74 px","밑변에 선 열 0.00, 축 범위 안 잉크 1.00 (교집합 1.00)",막대·눈금이 2→3개뿐이라 규칙성을 잴 수 없다,,,,,,,,,,,,,,,,,
475,Fig. 2,ID475__fig2.png,OFF,140,POST,,,,,,,,,,,,,,,,,,,,"336,402,690,846",,,ADOPTED,,,,,,,,,"37,297,648,872",,,,,,,,,,,,,,,,,"37,402,648,872",,,,,,,,,,,,,,,
475,Fig. 2,ID475__fig2.png,OFF,140,ORPHAN,,,,,,,,,,,,,,,,,,,,"369,401,910,924",32,14,NO_PANEL_IN_REACH,0,left 137px share 1.00 reach 34 [gap] | right 55px share 0.00 reach 34 [gap] [share],,,,,,,,,,,,,,,,,,,,,,,,,,,,,,,,,,,,,,,
475,Fig. 2,ID475__fig2.png,OFF,140,PIECE_RELATION,,,,,,,,,,,,,,,,,,,,"369,401,910,924",,,,,,NO_SELECTED_PANEL_DESCENDANT,0,0,,,CONTAINMENT,,,,,,,,,,,,,,,,,,,,,,,,,,,,,,,,,
475,Fig. 2,ID475__fig2.png,OFF,140,AXIS_FALLBACK,,,,,,,,"619,904,33,258",853,102,102,0.95,leftmost column whose run is >= 0.95 of the longest (102 px),853:102px;748:93px;747:93px;642:78px;641:78px;888:33px,,,,,,,,,,,,,,,,,,,,,,,,,,,,,,,,,,,,,,,,,,,,,,,,,,
475,Fig. 2,ID475__fig2.png,OFF,140,AXIS_FALLBACK,,,,,,,,"619,904,33,258",853,102,102,0.95,leftmost column whose run is >= 0.95 of the longest (102 px),853:102px;748:93px;747:93px;642:78px;641:78px;888:33px,,,,,,,,,,,,,,,,,,,,,,,,,,,,,,,,,,,,,,,,,,,,,,,,,,
475,Fig. 2,ID475__fig2.png,OFF,140,AXIS_FALLBACK,,,,,,,,"619,904,33,258",853,102,102,0.95,leftmost column whose run is >= 0.95 of the longest (102 px),853:102px;748:93px;747:93px;642:78px;641:78px;888:33px,,,,,,,,,,,,,,,,,,,,,,,,,,,,,,,,,,,,,,,,,,,,,,,,,,
475,Fig. 2,ID475__fig2.png,OFF,140,ORPHAN,,,,11,,,,,,,,,,,,,,,,"533,608,52,308",75,256,OFFERED,,,,,,,,,"619,904,33,258",,left,,,,,,,,,,,,,,39,,,,,,,,,,,,,,,,
475,Fig. 2,ID475__fig2.png,OFF,140,GATE,,,,11,,,,,,,,,,,,,,,,"533,608,52,308",,,,,,,,,,,,"619,904,33,258",,left,False,X,X,-,O,X,-,,,,,,,,,,,,,,,,,,,,,,,
475,Fig. 2,ID475__fig2.png,OFF,140,GATE_WHY,,,,,,,,,,,,,,,,,,,,"533,608,52,308",,,,,,,,,,,,"619,904,33,258",,,,,,,,,,이 조각은 자기 축을 가지고 있다 - 고아가 아니라 패널이다,"행 겹침 0.92, 패널 행 33-258, 조각 52-308",이 클립에서 캡션을 읽지 못했다,"건너는 간격 33 px, 패널 내부의 가장 큰 간격 39 px","밑변에 선 열 0.00, 축 범위 안 잉크 0.30 (교집합 0.30)",막대·눈금이 1→1개뿐이라 규칙성을 잴 수 없다,,,,,,,,,,,,,,,,,
475,Fig. 2,ID475__fig2.png,OFF,140,AXIS_FALLBACK,,,,,,,,"524,613,343,599",607,245,245,0.95,leftmost column whose run is >= 0.95 of the longest (245 px),607:245px;532:16px;540:13px;535:12px;534:12px;533:12px,,,,,,,,,,,,,,,,,,,,,,,,,,,,,,,,,,,,,,,,,,,,,,,,,,
475,Fig. 2,ID475__fig2.png,OFF,140,AXIS_FALLBACK,,,,,,,,"524,613,343,599",607,245,245,0.95,leftmost column whose run is >= 0.95 of the longest (245 px),607:245px;532:16px;540:13px;535:12px;534:12px;533:12px,,,,,,,,,,,,,,,,,,,,,,,,,,,,,,,,,,,,,,,,,,,,,,,,,,
475,Fig. 2,ID475__fig2.png,OFF,140,AXIS_FALLBACK,,,,,,,,"524,613,343,599",607,245,245,0.95,leftmost column whose run is >= 0.95 of the longest (245 px),607:245px;532:16px;540:13px;535:12px;534:12px;533:12px,,,,,,,,,,,,,,,,,,,,,,,,,,,,,,,,,,,,,,,,,,,,,,,,,,
475,Fig. 2,ID475__fig2.png,OFF,140,AXIS_FALLBACK,,,,,,,,"524,613,343,599",607,245,245,0.95,leftmost column whose run is >= 0.95 of the longest (245 px),607:245px;532:16px;540:13px;535:12px;534:12px;533:12px,,,,,,,,,,,,,,,,,,,,,,,,,,,,,,,,,,,,,,,,,,,,,,,,,,
475,Fig. 2,ID475__fig2.png,OFF,140,ORPHAN,,,,0,,,,,,,,,,,,,,,,"613,957,308,620",344,312,OFFERED,,,,,,,,,"524,613,343,599",,right,,,,,,,,,,,,,,34,,,,,,,,,,,,,,,,
475,Fig. 2,ID475__fig2.png,OFF,140,GATE,,,,0,,,,,,,,,,,,,,,,"613,957,308,620",,,,,,,,,,,,"524,613,343,599",,right,False,O,X,-,O,O,-,,,,,,,,,,,,,,,,,,,,,,,
475,Fig. 2,ID475__fig2.png,OFF,140,GATE_WHY,,,,,,,,,,,,,,,,,,,,"613,957,308,620",,,,,,,,,,,,"524,613,343,599",,,,,,,,,,"축 없음, 잉크 0.078","행 겹침 1.00, 패널 행 343-599, 조각 308-620",이 클립에서 캡션을 읽지 못했다,"건너는 간격 0 px, 패널 내부의 가장 큰 간격 0 px","밑변에 선 열 0.74, 축 범위 안 잉크 0.80 (교집합 0.80)",막대·눈금이 0→3개뿐이라 규칙성을 잴 수 없다,,,,,,,,,,,,,,,,,
475,Fig. 2,ID475__fig2.png,OFF,140,AXIS_FALLBACK,,,,,,,,"538,709,638,924",606,245,245,0.95,leftmost column whose run is >= 0.95 of the longest (245 px),606:245px;642:77px;675:59px;661:33px;660:33px;691:32px,,,,,,,,,,,,,,,,,,,,,,,,,,,,,,,,,,,,,,,,,,,,,,,,,,
475,Fig. 2,ID475__fig2.png,OFF,140,AXIS_FALLBACK,,,,,,,,"538,709,638,924",606,245,245,0.95,leftmost column whose run is >= 0.95 of the longest (245 px),606:245px;642:77px;675:59px;661:33px;660:33px;691:32px,,,,,,,,,,,,,,,,,,,,,,,,,,,,,,,,,,,,,,,,,,,,,,,,,,
475,Fig. 2,ID475__fig2.png,OFF,140,AXIS_FALLBACK,,,,,,,,"538,709,638,924",606,245,245,0.95,leftmost column whose run is >= 0.95 of the longest (245 px),606:245px;642:77px;675:59px;661:33px;660:33px;691:32px,,,,,,,,,,,,,,,,,,,,,,,,,,,,,,,,,,,,,,,,,,,,,,,,,,
475,Fig. 2,ID475__fig2.png,OFF,140,ORPHAN,,,,24,,,,,,,,,,,,,,,,"733,797,680,924",64,244,OFFERED,,,,,,,,,"538,709,638,924",,right,,,,,,,,,,,,,,34,,,,,,,,,,,,,,,,
475,Fig. 2,ID475__fig2.png,OFF,140,GATE,,,,24,,,,,,,,,,,,,,,,"733,797,680,924",,,,,,,,,,,,"538,709,638,924",,right,True,O,O,-,X,O,-,,,,,,,,,,,,,,,,,,,,,,,
475,Fig. 2,ID475__fig2.png,OFF,140,GATE_WHY,,,,,,,,,,,,,,,,,,,,"733,797,680,924",,,,,,,,,,,,"538,709,638,924",,,,,,,,,,"축 없음, 잉크 0.085","행 겹침 1.00, 패널 행 638-924, 조각 680-924",이 클립에서 캡션을 읽지 못했다,"건너는 간격 24 px, 패널 내부의 가장 큰 간격 0 px","밑변에 선 열 1.00, 축 범위 안 잉크 0.91 (교집합 0.91)",막대·눈금이 0→1개뿐이라 규칙성을 잴 수 없다,,,,,,,,,,,,,,,,,
475,Fig. 2,ID475__fig2.png,OFF,140,POST,,,,,,,,,,,,,,,,,,,,"733,797,680,924",,,ADOPTED,,,,,,,,,"538,709,638,924",,,,,,,,,,,,,,,,,"538,797,638,924",,,,,,,,,,,,,,,
475,Fig. 2,ID475__fig2.png,OFF,140,ORPHAN,,,,,,,,,,,,,,,,,,,,"817,956,673,838",139,165,NO_PANEL_IN_REACH,0,overlap 0px share 0.00 reach 39 [share] | right 108px share 1.00 reach 34 [gap],,,,,,,,,,,,,,,,,,,,,,,,,,,,,,,,,,,,,,,
475,Fig. 2,ID475__fig2.png,OFF,140,PIECE_RELATION,,,,,,,,,,,,,,,,,,,,"817,956,673,838",,,,,,NO_SELECTED_PANEL_DESCENDANT,0,0,,,CONTAINMENT,,,,,,,,,,,,,,,,,,,,,,,,,,,,,,,,,
475,Fig. 2,ID475__fig2.png,OFF,140,ORPHAN,,,,,,,,,,,,,,,,,,,,"884,902,910,924",18,14,NO_PANEL_IN_REACH,0,overlap 0px share 0.00 reach 39 [share] | right 175px share 1.00 reach 34 [gap],,,,,,,,,,,,,,,,,,,,,,,,,,,,,,,,,,,,,,,
475,Fig. 2,ID475__fig2.png,OFF,140,PIECE_RELATION,,,,,,,,,,,,,,,,,,,,"884,902,910,924",,,,,,NO_SELECTED_PANEL_DESCENDANT,0,0,,,CONTAINMENT,,,,,,,,,,,,,,,,,,,,,,,,,,,,,,,,,
475,Fig. 2,ID475__fig2.png,OFF,140,AXIS_FALLBACK,,,,,,,,"31,314,28,322",105,246,246,0.95,leftmost column whose run is >= 0.95 of the longest (246 px),105:246px;175:63px;174:63px;140:37px;280:36px;279:36px,,,,,,,,,,,,,,,,,,,,,,,,,,,,,,,,,,,,,,,,,,,,,,,,,,
475,Fig. 2,ID475__fig2.png,OFF,140,AXIS_FALLBACK,,,,,,,,"22,297,332,620",105,244,244,0.95,leftmost column whose run is >= 0.95 of the longest (244 px),105:244px;175:68px;174:68px;141:61px;140:61px;280:54px,,,,,,,,,,,,,,,,,,,,,,,,,,,,,,,,,,,,,,,,,,,,,,,,,,
475,Fig. 2,ID475__fig2.png,OFF,140,AXIS_FALLBACK,,,,,,,,"538,709,638,924",606,245,245,0.95,leftmost column whose run is >= 0.95 of the longest (245 px),606:245px;642:77px;675:59px;661:33px;660:33px;691:32px,,,,,,,,,,,,,,,,,,,,,,,,,,,,,,,,,,,,,,,,,,,,,,,,,,
475,Fig. 2,ID475__fig2.png,OFF,140,AXIS_FALLBACK,,,,,,,,"37,297,648,872",105,218,218,0.95,leftmost column whose run is >= 0.95 of the longest (218 px),105:218px;246:68px;141:54px;140:54px;279:52px;174:46px,,,,,,,,,,,,,,,,,,,,,,,,,,,,,,,,,,,,,,,,,,,,,,,,,,
475,Fig. 2,ID475__fig2.png,OFF,140,AXIS_FALLBACK,,,,,,,,"524,613,343,599",607,245,245,0.95,leftmost column whose run is >= 0.95 of the longest (245 px),607:245px;532:16px;540:13px;535:12px;534:12px;533:12px,,,,,,,,,,,,,,,,,,,,,,,,,,,,,,,,,,,,,,,,,,,,,,,,,,
475,Fig. 2,ID475__fig2.png,OFF,140,AXIS_FALLBACK,,,,,,,,"619,904,33,258",853,102,102,0.95,leftmost column whose run is >= 0.95 of the longest (102 px),853:102px;748:93px;747:93px;642:78px;641:78px;888:33px,,,,,,,,,,,,,,,,,,,,,,,,,,,,,,,,,,,,,,,,,,,,,,,,,,
475,Fig. 2,ID475__fig2.png,OFF,140,AXIS_FALLBACK,,,,,,,,"619,904,361,561",748,112,112,0.95,leftmost column whose run is >= 0.95 of the longest (112 px),854:112px;853:112px;748:112px;642:106px;888:81px;887:81px,,,,,,,,,,,,,,,,,,,,,,,,,,,,,,,,,,,,,,,,,,,,,,,,,,
475,Fig. 2,ID475__fig2.png,OFF,140,AXIS_FALLBACK,,,,,,,,"31,403,28,322",105,246,246,0.95,leftmost column whose run is >= 0.95 of the longest (246 px),105:246px;175:63px;174:63px;352:37px;351:37px;140:37px,,,,,,,,,,,,,,,,,,,,,,,,,,,,,,,,,,,,,,,,,,,,,,,,,,
475,Fig. 2,ID475__fig2.png,OFF,140,AXIS_FALLBACK,,,,,,,,"37,402,648,872",105,218,218,0.95,leftmost column whose run is >= 0.95 of the longest (218 px),105:218px;352:70px;351:70px;246:68px;141:54px;140:54px,,,,,,,,,,,,,,,,,,,,,,,,,,,,,,,,,,,,,,,,,,,,,,,,,,
475,Fig. 2,ID475__fig2.png,OFF,140,AXIS_FALLBACK,,,,,,,,"538,797,638,924",606,245,245,0.95,leftmost column whose run is >= 0.95 of the longest (245 px),606:245px;748:86px;747:86px;642:77px;782:76px;781:76px,,,,,,,,,,,,,,,,,,,,,,,,,,,,,,,,,,,,,,,,,,,,,,,,,,
475,Fig. 2,ID475__fig2.png,OFF,140,AXIS_FALLBACK,,,,,,,,"31,403,28,322",105,246,246,0.95,leftmost column whose run is >= 0.95 of the longest (246 px),105:246px;175:63px;174:63px;352:37px;351:37px;140:37px,,,,,,,,,,,,,,,,,,,,,,,,,,,,,,,,,,,,,,,,,,,,,,,,,,
475,Fig. 2,ID475__fig2.png,OFF,140,AXIS_CANDIDATES,,,,,,,,"31,403,28,322",105,,,,leftmost of 1 free runs,105:56-302:free,1,0,56-302,254,88.2,,,,,,,,,,,,,,,,,,,,,,,,,,,,,,,,,,,,,,,,,,,,,
475,Fig. 2,ID475__fig2.png,OFF,140,AXIS_FALLBACK,,,,,,,,"31,314,28,322",105,246,246,0.95,leftmost column whose run is >= 0.95 of the longest (246 px),105:246px;175:63px;174:63px;140:37px;280:36px;279:36px,,,,,,,,,,,,,,,,,,,,,,,,,,,,,,,,,,,,,,,,,,,,,,,,,,
475,Fig. 2,ID475__fig2.png,OFF,140,AXIS_CANDIDATES,,,,,,,,"31,314,28,322",105,,,,leftmost of 1 free runs,105:56-302:free,1,0,56-302,200,88.2,,,,,,,,,,,,,,,,,,,,,,,,,,,,,,,,,,,,,,,,,,,,,
475,Fig. 2,ID475__fig2.png,OFF,140,AXIS_FALLBACK,,,,,,,,"22,297,332,620",105,244,244,0.95,leftmost column whose run is >= 0.95 of the longest (244 px),105:244px;175:68px;174:68px;141:61px;140:61px;280:54px,,,,,,,,,,,,,,,,,,,,,,,,,,,,,,,,,,,,,,,,,,,,,,,,,,
475,Fig. 2,ID475__fig2.png,OFF,140,AXIS_CANDIDATES,,,,,,,,"22,297,332,620",105,,,,leftmost of 1 free runs,105:355-599:free,1,0,355-599,187,86.4,,,,,,,,,,,,,,,,,,,,,,,,,,,,,,,,,,,,,,,,,,,,,
475,Fig. 2,ID475__fig2.png,OFF,140,AXIS_FALLBACK,,,,,,,,"538,797,638,924",606,245,245,0.95,leftmost column whose run is >= 0.95 of the longest (245 px),606:245px;748:86px;747:86px;642:77px;782:76px;781:76px,,,,,,,,,,,,,,,,,,,,,,,,,,,,,,,,,,,,,,,,,,,,,,,,,,
475,Fig. 2,ID475__fig2.png,OFF,140,AXIS_CANDIDATES,,,,,,,,"538,797,638,924",606,,,,leftmost of 1 free runs,606:643-888:free,1,0,643-888,693,85.8,,,,,,,,,,,,,,,,,,,,,,,,,,,,,,,,,,,,,,,,,,,,,
475,Fig. 2,ID475__fig2.png,OFF,140,AXIS_FALLBACK,,,,,,,,"619,904,361,561",748,112,112,0.95,leftmost column whose run is >= 0.95 of the longest (112 px),854:112px;853:112px;748:112px;642:106px;888:81px;887:81px,,,,,,,,,,,,,,,,,,,,,,,,,,,,,,,,,,,,,,,,,,,,,,,,,,
475,Fig. 2,ID475__fig2.png,OFF,140,AXIS_CANDIDATES,,,,,,,,"619,904,361,561",642,,,,leftmost of 3 free runs,642:367-473:free;675:484-552:free;676:484-552:free;748:356-473:clipped,3,1,367-473,790,60.0,,,,,,,,,,,,,,,,,,,,,,,,,,,,,,,,,,,,,,,,,,,,,
475,Fig. 2,ID475__fig2.png,OFF,140,AXIS_FALLBACK,,,,,,,,"538,709,638,924",606,245,245,0.95,leftmost column whose run is >= 0.95 of the longest (245 px),606:245px;642:77px;675:59px;661:33px;660:33px;691:32px,,,,,,,,,,,,,,,,,,,,,,,,,,,,,,,,,,,,,,,,,,,,,,,,,,
475,Fig. 2,ID475__fig2.png,OFF,140,AXIS_CANDIDATES,,,,,,,,"538,709,638,924",606,,,,leftmost of 1 free runs,606:643-888:free,1,0,643-888,640,85.8,,,,,,,,,,,,,,,,,,,,,,,,,,,,,,,,,,,,,,,,,,,,,
475,Fig. 2,ID475__fig2.png,OFF,140,AXIS_FALLBACK,,,,,,,,"37,402,648,901",105,245,245,0.95,leftmost column whose run is >= 0.95 of the longest (245 px),105:245px;352:70px;351:70px;246:68px;141:54px;140:54px,,,,,,,,,,,,,,,,,,,,,,,,,,,,,,,,,,,,,,,,,,,,,,,,,,
475,Fig. 2,ID475__fig2.png,OFF,140,AXIS_CANDIDATES,,,,,,,,"37,402,648,901",105,,,,leftmost of 1 free runs,105:654-899:free,1,0,654-899,256,75.9,,,,,,,,,,,,,,,,,,,,,,,,,,,,,,,,,,,,,,,,,,,,,
475,Fig. 2,ID475__fig2.png,OFF,140,AXIS_FALLBACK,,,,,,,,"37,402,648,872",105,218,218,0.95,leftmost column whose run is >= 0.95 of the longest (218 px),105:218px;352:70px;351:70px;246:68px;141:54px;140:54px,,,,,,,,,,,,,,,,,,,,,,,,,,,,,,,,,,,,,,,,,,,,,,,,,,
475,Fig. 2,ID475__fig2.png,OFF,140,AXIS_CANDIDATES,,,,,,,,"37,402,648,872",246,,,,leftmost of 1 free runs,246:776-844:free;105:654-899:clipped,1,1,776-844,256,67.2,,,,,,,,,,,,,,,,,,,,,,,,,,,,,,,,,,,,,,,,,,,,,
475,Fig. 2,ID475__fig2.png,OFF,140,AXIS_FALLBACK,,,,,,,,"37,297,648,901",105,245,245,0.95,leftmost column whose run is >= 0.95 of the longest (245 px),105:245px;246:68px;141:54px;140:54px;279:52px;174:46px,,,,,,,,,,,,,,,,,,,,,,,,,,,,,,,,,,,,,,,,,,,,,,,,,,
475,Fig. 2,ID475__fig2.png,OFF,140,AXIS_CANDIDATES,,,,,,,,"37,297,648,901",105,,,,leftmost of 1 free runs,105:654-899:free,1,0,654-899,193,75.9,,,,,,,,,,,,,,,,,,,,,,,,,,,,,,,,,,,,,,,,,,,,,
475,Fig. 2,ID475__fig2.png,OFF,140,AXIS_FALLBACK,,,,,,,,"619,904,33,258",853,102,102,0.95,leftmost column whose run is >= 0.95 of the longest (102 px),853:102px;748:93px;747:93px;642:78px;641:78px;888:33px,,,,,,,,,,,,,,,,,,,,,,,,,,,,,,,,,,,,,,,,,,,,,,,,,,
475,Fig. 2,ID475__fig2.png,OFF,140,AXIS_CANDIDATES,,,,,,,,"619,904,33,258",641,,,,leftmost of 4 free runs,641:79-157:free;642:79-157:free;747:156-249:free;748:156-249:free,4,0,79-157,790,67.5,,,,,,,,,,,,,,,,,,,,,,,,,,,,,,,,,,,,,,,,,,,,,
475,Fig. 2,ID475__fig2.png,OFF,140,AXIS_FALLBACK,,,,,,,,"37,297,648,872",105,218,218,0.95,leftmost column whose run is >= 0.95 of the longest (218 px),105:218px;246:68px;141:54px;140:54px;279:52px;174:46px,,,,,,,,,,,,,,,,,,,,,,,,,,,,,,,,,,,,,,,,,,,,,,,,,,
475,Fig. 2,ID475__fig2.png,OFF,140,AXIS_CANDIDATES,,,,,,,,"37,297,648,872",105,,,,no free run; leftmost of 1 clipped,105:654-899:clipped,0,1,654-899,193,67.2,,,,,,,,,,,,,,,,,,,,,,,,,,,,,,,,,,,,,,,,,,,,,
475,Fig. 2,ID475__fig2.png,OFF,140,AXIS_FALLBACK,,,,,,,,"524,613,343,599",607,245,245,0.95,leftmost column whose run is >= 0.95 of the longest (245 px),607:245px;532:16px;540:13px;535:12px;534:12px;533:12px,,,,,,,,,,,,,,,,,,,,,,,,,,,,,,,,,,,,,,,,,,,,,,,,,,
475,Fig. 2,ID475__fig2.png,OFF,140,AXIS_CANDIDATES,,,,,,,,"524,613,343,599",,,,,no run long enough,,0,0,,577,76.8,,,,,,,,,,,,,,,,,,,,,,,,,,,,,,,,,,,,,,,,,,,,,
475,Fig. 2,ID475__fig2.png,PLAIN,140,CUT,1,col,0,403-524,121,"0,463,0,963","463,984,0,963",,,,,,,,,,,,,,,,,,,,,,,,,,,,,,,,,,,,,,,,,,,,,,,,,,,,,,,,,
475,Fig. 2,ID475__fig2.png,PLAIN,140,CUT,2,row,1,620-648,28,"0,463,0,634","0,463,634,963",,,,,,,,,,,,,,,,,,,,,,,,,,,,,,,,,,,,,,,,,,,,,,,,,,,,,,,,,
475,Fig. 2,ID475__fig2.png,PLAIN,140,CUT,3,row,2,322-332,10,"0,463,0,327","0,463,327,634",,,,,,,,,,,,,,,,,,,,,,,,,,,,,,,,,,,,,,,,,,,,,,,,,,,,,,,,,
475,Fig. 2,ID475__fig2.png,PLAIN,140,CUT,4,col,2,299-337,38,"0,318,634,963","318,463,634,963",,,,,,,,,,,,,,,,,,,,,,,,,,,,,,,,,,,,,,,,,,,,,,,,,,,,,,,,,
475,Fig. 2,ID475__fig2.png,PLAIN,140,CUT,5,col,3,210-231,21,"0,220,634,963","220,318,634,963",,,,,,,,,,,,,,,,,,,,,,,,,,,,,,,,,,,,,,,,,,,,,,,,,,,,,,,,,
475,Fig. 2,ID475__fig2.png,PLAIN,140,CUT,6,row,3,846-910,64,"318,463,634,878","318,463,878,963",,,,,,,,,,,,,,,,,,,,,,,,,,,,,,,,,,,,,,,,,,,,,,,,,,,,,,,,,
475,Fig. 2,ID475__fig2.png,PLAIN,140,CUT,7,row,1,620-638,18,"463,984,0,629","463,984,629,963",,,,,,,,,,,,,,,,,,,,,,,,,,,,,,,,,,,,,,,,,,,,,,,,,,,,,,,,,
475,Fig. 2,ID475__fig2.png,PLAIN,140,CUT,8,row,2,322-332,10,"463,984,0,327","463,984,327,629",,,,,,,,,,,,,,,,,,,,,,,,,,,,,,,,,,,,,,,,,,,,,,,,,,,,,,,,,
475,Fig. 2,ID475__fig2.png,PLAIN,140,CUT,9,col,3,554-572,18,"463,563,0,327","563,984,0,327",,,,,,,,,,,,,,,,,,,,,,,,,,,,,,,,,,,,,,,,,,,,,,,,,,,,,,,,,
475,Fig. 2,ID475__fig2.png,PLAIN,140,CUT,10,col,3,546-562,16,"463,554,327,629","554,984,327,629",,,,,,,,,,,,,,,,,,,,,,,,,,,,,,,,,,,,,,,,,,,,,,,,,,,,,,,,,
475,Fig. 2,ID475__fig2.png,PLAIN,140,CUT,11,row,2,892-910,18,"463,984,629,901","463,984,901,963",,,,,,,,,,,,,,,,,,,,,,,,,,,,,,,,,,,,,,,,,,,,,,,,,,,,,,,,,
475,Fig. 2,ID475__fig2.png,PLAIN,140,CUT,12,col,3,797-884,87,"463,840,901,963","840,984,901,963",,,,,,,,,,,,,,,,,,,,,,,,,,,,,,,,,,,,,,,,,,,,,,,,,,,,,,,,,
475,Fig. 2,ID475__fig2.png,PLAIN,140,AXIS_FALLBACK,,,,,,,,"31,403,28,322",105,246,246,0.95,leftmost column whose run is >= 0.95 of the longest (246 px),105:246px;175:63px;174:63px;352:37px;351:37px;140:37px,,,,,,,,,,,,,,,,,,,,,,,,,,,,,,,,,,,,,,,,,,,,,,,,,,
475,Fig. 2,ID475__fig2.png,PLAIN,140,AXIS_FALLBACK,,,,,,,,"22,403,332,620",105,244,244,0.95,leftmost column whose run is >= 0.95 of the longest (244 px),105:244px;175:68px;174:68px;141:61px;140:61px;280:54px,,,,,,,,,,,,,,,,,,,,,,,,,,,,,,,,,,,,,,,,,,,,,,,,,,
475,Fig. 2,ID475__fig2.png,PLAIN,140,AXIS_FALLBACK,,,,,,,,"562,957,332,620",607,245,245,0.95,leftmost column whose run is >= 0.95 of the longest (245 px),607:245px;748:117px;854:112px;853:112px;642:106px;888:81px,,,,,,,,,,,,,,,,,,,,,,,,,,,,,,,,,,,,,,,,,,,,,,,,,,
475,Fig. 2,ID475__fig2.png,PLAIN,140,AXIS_FALLBACK,,,,,,,,"538,904,638,892",606,245,245,0.95,leftmost column whose run is >= 0.95 of the longest (245 px),606:245px;748:86px;747:86px;642:77px;782:76px;781:76px,,,,,,,,,,,,,,,,,,,,,,,,,,,,,,,,,,,,,,,,,,,,,,,,,,
475,Fig. 2,ID475__fig2.png,PLAIN,140,AXIS_FALLBACK,,,,,,,,"37,210,648,924",105,245,245,0.95,leftmost column whose run is >= 0.95 of the longest (245 px),105:245px;141:54px;140:54px;174:46px;173:46px;118:24px,,,,,,,,,,,,,,,,,,,,,,,,,,,,,,,,,,,,,,,,,,,,,,,,,,
475,Fig. 2,ID475__fig2.png,PLAIN,140,AXIS_FALLBACK,,,,,,,,"572,904,33,322",607,245,245,0.95,leftmost column whose run is >= 0.95 of the longest (245 px),607:245px;853:102px;748:93px;747:93px;642:78px;641:78px,,,,,,,,,,,,,,,,,,,,,,,,,,,,,,,,,,,,,,,,,,,,,,,,,,
475,Fig. 2,ID475__fig2.png,PLAIN,140,AXIS_FALLBACK,,,,,,,,"31,403,28,322",105,246,246,0.95,leftmost column whose run is >= 0.95 of the longest (246 px),105:246px;175:63px;174:63px;352:37px;351:37px;140:37px,,,,,,,,,,,,,,,,,,,,,,,,,,,,,,,,,,,,,,,,,,,,,,,,,,
475,Fig. 2,ID475__fig2.png,PLAIN,140,AXIS_FALLBACK,,,,,,,,"22,403,332,620",105,244,244,0.95,leftmost column whose run is >= 0.95 of the longest (244 px),105:244px;175:68px;174:68px;141:61px;140:61px;280:54px,,,,,,,,,,,,,,,,,,,,,,,,,,,,,,,,,,,,,,,,,,,,,,,,,,
475,Fig. 2,ID475__fig2.png,PLAIN,140,AXIS_FALLBACK,,,,,,,,"37,210,648,924",105,245,245,0.95,leftmost column whose run is >= 0.95 of the longest (245 px),105:245px;141:54px;140:54px;174:46px;173:46px;118:24px,,,,,,,,,,,,,,,,,,,,,,,,,,,,,,,,,,,,,,,,,,,,,,,,,,
475,Fig. 2,ID475__fig2.png,PLAIN,140,AXIS_FALLBACK,,,,,,,,"572,904,33,322",607,245,245,0.95,leftmost column whose run is >= 0.95 of the longest (245 px),607:245px;853:102px;748:93px;747:93px;642:78px;641:78px,,,,,,,,,,,,,,,,,,,,,,,,,,,,,,,,,,,,,,,,,,,,,,,,,,
475,Fig. 2,ID475__fig2.png,PLAIN,140,AXIS_FALLBACK,,,,,,,,"562,957,332,620",607,245,245,0.95,leftmost column whose run is >= 0.95 of the longest (245 px),607:245px;748:117px;854:112px;853:112px;642:106px;888:81px,,,,,,,,,,,,,,,,,,,,,,,,,,,,,,,,,,,,,,,,,,,,,,,,,,
475,Fig. 2,ID475__fig2.png,PLAIN,140,AXIS_FALLBACK,,,,,,,,"538,904,638,892",606,245,245,0.95,leftmost column whose run is >= 0.95 of the longest (245 px),606:245px;748:86px;747:86px;642:77px;782:76px;781:76px,,,,,,,,,,,,,,,,,,,,,,,,,,,,,,,,,,,,,,,,,,,,,,,,,,
475,Fig. 2,ID475__fig2.png,PLAIN,140,AXIS_CANDIDATES,,,,,,,,"562,957,332,620",607,,,,leftmost of 3 free runs,607:349-594:free;642:367-473:free;748:356-473:free,3,0,349-594,799,86.4,,,,,,,,,,,,,,,,,,,,,,,,,,,,,,,,,,,,,,,,,,,,,
475,Fig. 2,ID475__fig2.png,PLAIN,140,AXIS_FALLBACK,,,,,,,,"562,957,332,620",607,245,245,0.95,leftmost column whose run is >= 0.95 of the longest (245 px),607:245px;748:117px;854:112px;853:112px;642:106px;888:81px,,,,,,,,,,,,,,,,,,,,,,,,,,,,,,,,,,,,,,,,,,,,,,,,,,
475,Fig. 2,ID475__fig2.png,PLAIN,140,AXIS_CANDIDATES,,,,,,,,"22,403,332,620",105,,,,leftmost of 1 free runs,105:355-599:free,1,0,355-599,250,86.4,,,,,,,,,,,,,,,,,,,,,,,,,,,,,,,,,,,,,,,,,,,,,
475,Fig. 2,ID475__fig2.png,PLAIN,140,AXIS_FALLBACK,,,,,,,,"22,403,332,620",105,244,244,0.95,leftmost column whose run is >= 0.95 of the longest (244 px),105:244px;175:68px;174:68px;141:61px;140:61px;280:54px,,,,,,,,,,,,,,,,,,,,,,,,,,,,,,,,,,,,,,,,,,,,,,,,,,
475,Fig. 2,ID475__fig2.png,PLAIN,140,AXIS_CANDIDATES,,,,,,,,"31,403,28,322",105,,,,leftmost of 1 free runs,105:56-302:free,1,0,56-302,254,88.2,,,,,,,,,,,,,,,,,,,,,,,,,,,,,,,,,,,,,,,,,,,,,
475,Fig. 2,ID475__fig2.png,PLAIN,140,AXIS_FALLBACK,,,,,,,,"31,403,28,322",105,246,246,0.95,leftmost column whose run is >= 0.95 of the longest (246 px),105:246px;175:63px;174:63px;352:37px;351:37px;140:37px,,,,,,,,,,,,,,,,,,,,,,,,,,,,,,,,,,,,,,,,,,,,,,,,,,
475,Fig. 2,ID475__fig2.png,PLAIN,140,AXIS_CANDIDATES,,,,,,,,"538,904,638,892",606,,,,leftmost of 4 free runs,606:643-888:free;642:765-842:free;747:680-766:free;748:680-766:free,4,0,643-888,757,76.2,,,,,,,,,,,,,,,,,,,,,,,,,,,,,,,,,,,,,,,,,,,,,
475,Fig. 2,ID475__fig2.png,PLAIN,140,AXIS_FALLBACK,,,,,,,,"538,904,638,892",606,245,245,0.95,leftmost column whose run is >= 0.95 of the longest (245 px),606:245px;748:86px;747:86px;642:77px;782:76px;781:76px,,,,,,,,,,,,,,,,,,,,,,,,,,,,,,,,,,,,,,,,,,,,,,,,,,
475,Fig. 2,ID475__fig2.png,PLAIN,140,AXIS_CANDIDATES,,,,,,,,"37,210,648,924",105,,,,leftmost of 1 free runs,105:654-899:free,1,0,654-899,140,82.8,,,,,,,,,,,,,,,,,,,,,,,,,,,,,,,,,,,,,,,,,,,,,
475,Fig. 2,ID475__fig2.png,PLAIN,140,AXIS_FALLBACK,,,,,,,,"37,210,648,924",105,245,245,0.95,leftmost column whose run is >= 0.95 of the longest (245 px),105:245px;141:54px;140:54px;174:46px;173:46px;118:24px,,,,,,,,,,,,,,,,,,,,,,,,,,,,,,,,,,,,,,,,,,,,,,,,,,
475,Fig. 2,ID475__fig2.png,PLAIN,140,AXIS_CANDIDATES,,,,,,,,"572,904,33,322",607,,,,leftmost of 3 free runs,607:58-303:free;747:156-249:free;748:156-249:free,3,0,58-303,771,86.7,,,,,,,,,,,,,,,,,,,,,,,,,,,,,,,,,,,,,,,,,,,,,
475,Fig. 2,ID475__fig2.png,PLAIN,140,AXIS_FALLBACK,,,,,,,,"572,904,33,322",607,245,245,0.95,leftmost column whose run is >= 0.95 of the longest (245 px),607:245px;853:102px;748:93px;747:93px;642:78px;641:78px,,,,,,,,,,,,,,,,,,,,,,,,,,,,,,,,,,,,,,,,,,,,,,,,,,
475,Fig. 2,ID475__fig2.png,PLAIN,140,AXIS_FALLBACK,,,,,,,,"37,210,648,924",105,245,245,0.95,leftmost column whose run is >= 0.95 of the longest (245 px),105:245px;141:54px;140:54px;174:46px;173:46px;118:24px,,,,,,,,,,,,,,,,,,,,,,,,,,,,,,,,,,,,,,,,,,,,,,,,,,
475,Fig. 2,ID475__fig2.png,PLAIN,140,AXIS_FALLBACK,,,,,,,,"37,210,648,924",105,245,245,0.95,leftmost column whose run is >= 0.95 of the longest (245 px),105:245px;141:54px;140:54px;174:46px;173:46px;118:24px,,,,,,,,,,,,,,,,,,,,,,,,,,,,,,,,,,,,,,,,,,,,,,,,,,
475,Fig. 2,ID475__fig2.png,PLAIN,140,AXIS_FALLBACK,,,,,,,,"37,210,648,924",105,245,245,0.95,leftmost column whose run is >= 0.95 of the longest (245 px),105:245px;141:54px;140:54px;174:46px;173:46px;118:24px,,,,,,,,,,,,,,,,,,,,,,,,,,,,,,,,,,,,,,,,,,,,,,,,,,
475,Fig. 2,ID475__fig2.png,PLAIN,140,ORPHAN,,,,21,,,,,,,,,,,,,,,,"231,299,702,924",68,222,OFFERED,,,,,,,,,"37,210,648,924",,right,,,,,,,,,,,,,,34,,,,,,,,,,,,,,,,
475,Fig. 2,ID475__fig2.png,PLAIN,140,GATE,,,,21,,,,,,,,,,,,,,,,"231,299,702,924",,,,,,,,,,,,"37,210,648,924",,right,False,O,O,-,X,X,-,,,,,,,,,,,,,,,,,,,,,,,
475,Fig. 2,ID475__fig2.png,PLAIN,140,GATE_WHY,,,,,,,,,,,,,,,,,,,,"231,299,702,924",,,,,,,,,,,,"37,210,648,924",,,,,,,,,,"축 없음, 잉크 0.083","행 겹침 1.00, 패널 행 648-924, 조각 702-924",이 클립에서 캡션을 읽지 못했다,"건너는 간격 74 px, 패널 내부의 가장 큰 간격 19 px","밑변에 선 열 0.00, 축 범위 안 잉크 0.75 (교집합 0.75)",막대·눈금이 1→2개뿐이라 규칙성을 잴 수 없다,,,,,,,,,,,,,,,,,
475,Fig. 2,ID475__fig2.png,PLAIN,140,ORPHAN,,,,,,,,,,,,,,,,,,,,"336,402,690,846",66,156,NO_PANEL_IN_REACH,0,left 136px share 1.00 reach 34 [gap] | overlap 0px share 0.00 reach 34 [share] | right 126px share 1.00 reach 34 [gap],,,,,,,,,,,,,,,,,,,,,,,,,,,,,,,,,,,,,,,
475,Fig. 2,ID475__fig2.png,PLAIN,140,PIECE_RELATION,,,,,,,,,,,,,,,,,,,,"336,402,690,846",,,,,,NO_SELECTED_PANEL_DESCENDANT,0,0,,,CONTAINMENT,,,,,,,,,,,,,,,,,,,,,,,,,,,,,,,,,
475,Fig. 2,ID475__fig2.png,PLAIN,140,ORPHAN,,,,,,,,,,,,,,,,,,,,"369,401,910,924",32,14,NO_PANEL_IN_REACH,0,left 161px share 0.00 reach 34 [gap] [share] | overlap 0px share 0.00 reach 34 [share] | right 159px share 1.00 reach 34 [gap],,,,,,,,,,,,,,,,,,,,,,,,,,,,,,,,,,,,,,,
475,Fig. 2,ID475__fig2.png,PLAIN,140,PIECE_RELATION,,,,,,,,,,,,,,,,,,,,"369,401,910,924",,,,,,NO_SELECTED_PANEL_DESCENDANT,0,0,,,CONTAINMENT,,,,,,,,,,,,,,,,,,,,,,,,,,,,,,,,,
475,Fig. 2,ID475__fig2.png,PLAIN,140,AXIS_FALLBACK,,,,,,,,"572,904,33,322",607,245,245,0.95,leftmost column whose run is >= 0.95 of the longest (245 px),607:245px;853:102px;748:93px;747:93px;642:78px;641:78px,,,,,,,,,,,,,,,,,,,,,,,,,,,,,,,,,,,,,,,,,,,,,,,,,,
475,Fig. 2,ID475__fig2.png,PLAIN,140,AXIS_FALLBACK,,,,,,,,"572,904,33,322",607,245,245,0.95,leftmost column whose run is >= 0.95 of the longest (245 px),607:245px;853:102px;748:93px;747:93px;642:78px;641:78px,,,,,,,,,,,,,,,,,,,,,,,,,,,,,,,,,,,,,,,,,,,,,,,,,,
475,Fig. 2,ID475__fig2.png,PLAIN,140,AXIS_FALLBACK,,,,,,,,"572,904,33,322",607,245,245,0.95,leftmost column whose run is >= 0.95 of the longest (245 px),607:245px;853:102px;748:93px;747:93px;642:78px;641:78px,,,,,,,,,,,,,,,,,,,,,,,,,,,,,,,,,,,,,,,,,,,,,,,,,,
475,Fig. 2,ID475__fig2.png,PLAIN,140,ORPHAN,,,,18,,,,,,,,,,,,,,,,"533,554,60,301",21,241,OFFERED,,,,,,,,,"572,904,33,322",,left,,,,,,,,,,,,,,39,,,,,,,,,,,,,,,,
475,Fig. 2,ID475__fig2.png,PLAIN,140,GATE,,,,18,,,,,,,,,,,,,,,,"533,554,60,301",,,,,,,,,,,,"572,904,33,322",,left,True,O,O,-,X,O,-,,,,,,,,,,,,,,,,,,,,,,,
475,Fig. 2,ID475__fig2.png,PLAIN,140,GATE_WHY,,,,,,,,,,,,,,,,,,,,"533,554,60,301",,,,,,,,,,,,"572,904,33,322",,,,,,,,,,"축 없음, 잉크 0.256","행 겹침 1.00, 패널 행 33-322, 조각 60-301",이 클립에서 캡션을 읽지 못했다,"건너는 간격 57 px, 패널 내부의 가장 큰 간격 39 px","밑변에 선 열 0.00, 축 범위 안 잉크 1.00 (교집합 1.00)",막대·눈금이 1→1개뿐이라 규칙성을 잴 수 없다,,,,,,,,,,,,,,,,,
475,Fig. 2,ID475__fig2.png,PLAIN,140,POST,,,,,,,,,,,,,,,,,,,,"533,554,60,301",,,ADOPTED,,,,,,,,,"572,904,33,322",,,,,,,,,,,,,,,,,"533,904,33,322",,,,,,,,,,,,,,,
475,Fig. 2,ID475__fig2.png,PLAIN,140,AXIS_FALLBACK,,,,,,,,"562,957,332,620",607,245,245,0.95,leftmost column whose run is >= 0.95 of the longest (245 px),607:245px;748:117px;854:112px;853:112px;642:106px;888:81px,,,,,,,,,,,,,,,,,,,,,,,,,,,,,,,,,,,,,,,,,,,,,,,,,,
475,Fig. 2,ID475__fig2.png,PLAIN,140,AXIS_FALLBACK,,,,,,,,"562,957,332,620",607,245,245,0.95,leftmost column whose run is >= 0.95 of the longest (245 px),607:245px;748:117px;854:112px;853:112px;642:106px;888:81px,,,,,,,,,,,,,,,,,,,,,,,,,,,,,,,,,,,,,,,,,,,,,,,,,,
475,Fig. 2,ID475__fig2.png,PLAIN,140,AXIS_FALLBACK,,,,,,,,"562,957,332,620",607,245,245,0.95,leftmost column whose run is >= 0.95 of the longest (245 px),607:245px;748:117px;854:112px;853:112px;642:106px;888:81px,,,,,,,,,,,,,,,,,,,,,,,,,,,,,,,,,,,,,,,,,,,,,,,,,,
475,Fig. 2,ID475__fig2.png,PLAIN,140,ORPHAN,,,,16,,,,,,,,,,,,,,,,"524,546,346,598",22,252,OFFERED,,,,,,,,,"562,957,332,620",,left,,,,,,,,,,,,,,34,,,,,,,,,,,,,,,,
475,Fig. 2,ID475__fig2.png,PLAIN,140,GATE,,,,16,,,,,,,,,,,,,,,,"524,546,346,598",,,,,,,,,,,,"562,957,332,620",,left,True,O,O,-,X,O,-,,,,,,,,,,,,,,,,,,,,,,,
475,Fig. 2,ID475__fig2.png,PLAIN,140,GATE_WHY,,,,,,,,,,,,,,,,,,,,"524,546,346,598",,,,,,,,,,,,"562,957,332,620",,,,,,,,,,"축 없음, 잉크 0.253","행 겹침 1.00, 패널 행 332-620, 조각 346-598",이 클립에서 캡션을 읽지 못했다,"건너는 간격 61 px, 패널 내부의 가장 큰 간격 0 px","밑변에 선 열 0.00, 축 범위 안 잉크 0.99 (교집합 0.99)",합쳐도 표시 개수가 늘지 않는다 (3→3),,,,,,,,,,,,,,,,,
475,Fig. 2,ID475__fig2.png,PLAIN,140,POST,,,,,,,,,,,,,,,,,,,,"524,546,346,598",,,ADOPTED,,,,,,,,,"562,957,332,620",,,,,,,,,,,,,,,,,"524,957,332,620",,,,,,,,,,,,,,,
475,Fig. 2,ID475__fig2.png,PLAIN,140,ORPHAN,,,,,,,,,,,,,,,,,,,,"634,797,910,924",163,14,NO_PANEL_IN_REACH,0,overlap 0px share 0.00 reach 34 [share] | right 424px share 1.00 reach 34 [gap],,,,,,,,,,,,,,,,,,,,,,,,,,,,,,,,,,,,,,,
475,Fig. 2,ID475__fig2.png,PLAIN,140,PIECE_RELATION,,,,,,,,,,,,,,,,,,,,"634,797,910,924",,,,,,NO_SELECTED_PANEL_DESCENDANT,0,0,,,CONTAINMENT,,,,,,,,,,,,,,,,,,,,,,,,,,,,,,,,,
475,Fig. 2,ID475__fig2.png,PLAIN,140,ORPHAN,,,,,,,,,,,,,,,,,,,,"884,902,910,924",18,14,NO_PANEL_IN_REACH,0,overlap 0px share 0.00 reach 34 [share] | right 674px share 1.00 reach 34 [gap],,,,,,,,,,,,,,,,,,,,,,,,,,,,,,,,,,,,,,,
475,Fig. 2,ID475__fig2.png,PLAIN,140,PIECE_RELATION,,,,,,,,,,,,,,,,,,,,"884,902,910,924",,,,,,NO_SELECTED_PANEL_DESCENDANT,0,0,,,CONTAINMENT,,,,,,,,,,,,,,,,,,,,,,,,,,,,,,,,,
475,Fig. 2,ID475__fig2.png,PLAIN,140,AXIS_CANDIDATES,,,,,,,,"103,314,28,322",105,,,,leftmost of 1 free runs,105:56-302:free,1,0,56-302,229,88.2,,,,,,,,,,,,,,,,,,,,,,,,,,,,,,,,,,,,,,,,,,,,,
475,Fig. 2,ID475__fig2.png,PLAIN,140,AXIS_FALLBACK,,,,,,,,"103,314,28,322",105,246,246,0.95,leftmost column whose run is >= 0.95 of the longest (246 px),105:246px;175:63px;174:63px;140:37px;280:36px;279:36px,,,,,,,,,,,,,,,,,,,,,,,,,,,,,,,,,,,,,,,,,,,,,,,,,,
475,Fig. 2,ID475__fig2.png,PLAIN,140,AXIS_CANDIDATES,,,,,,,,"103,297,332,620",105,,,,leftmost of 1 free runs,105:355-599:free,1,0,355-599,219,86.4,,,,,,,,,,,,,,,,,,,,,,,,,,,,,,,,,,,,,,,,,,,,,
475,Fig. 2,ID475__fig2.png,PLAIN,140,AXIS_FALLBACK,,,,,,,,"103,297,332,620",105,244,244,0.95,leftmost column whose run is >= 0.95 of the longest (244 px),105:244px;175:68px;174:68px;141:61px;140:61px;280:54px,,,,,,,,,,,,,,,,,,,,,,,,,,,,,,,,,,,,,,,,,,,,,,,,,,
475,Fig. 2,ID475__fig2.png,PLAIN,140,AXIS_CANDIDATES,,,,,,,,"103,299,652,924",105,,,,leftmost of 1 free runs,105:654-899:free,1,0,654-899,220,81.6,,,,,,,,,,,,,,,,,,,,,,,,,,,,,,,,,,,,,,,,,,,,,
475,Fig. 2,ID475__fig2.png,PLAIN,140,AXIS_FALLBACK,,,,,,,,"103,299,652,924",105,245,245,0.95,leftmost column whose run is >= 0.95 of the longest (245 px),105:245px;246:68px;141:54px;140:54px;279:52px;174:46px,,,,,,,,,,,,,,,,,,,,,,,,,,,,,,,,,,,,,,,,,,,,,,,,,,
475,Fig. 2,ID475__fig2.png,PLAIN,140,ORPHAN,,,,,,,,,,,,,,,,,,,,"231,299,702,924",68,222,NO_PANEL_IN_REACH,0,overlap 0px share 1.00 reach 74,,,,,,,,,,,,,,,,,,,,,,,,,,,,,,,,,,,,,,,
475,Fig. 2,ID475__fig2.png,PLAIN,140,PIECE_RELATION,,,,,,,,,,,,,,,,,,,,"231,299,702,924",,,,,,NO_SELECTED_PANEL_DESCENDANT,0,0,,,CONTAINMENT,,,,,,,,,,,,,,,,,,,,,,,,,,,,,,,,,
475,Fig. 2,ID475__fig2.png,PLAIN,140,AXIS_FALLBACK,,,,,,,,"103,299,652,924",105,245,245,0.95,leftmost column whose run is >= 0.95 of the longest (245 px),105:245px;246:68px;141:54px;140:54px;279:52px;174:46px,,,,,,,,,,,,,,,,,,,,,,,,,,,,,,,,,,,,,,,,,,,,,,,,,,
475,Fig. 2,ID475__fig2.png,PLAIN,140,AXIS_FALLBACK,,,,,,,,"103,299,652,924",105,245,245,0.95,leftmost column whose run is >= 0.95 of the longest (245 px),105:245px;246:68px;141:54px;140:54px;279:52px;174:46px,,,,,,,,,,,,,,,,,,,,,,,,,,,,,,,,,,,,,,,,,,,,,,,,,,
475,Fig. 2,ID475__fig2.png,PLAIN,140,AXIS_FALLBACK,,,,,,,,"103,299,652,924",105,245,245,0.95,leftmost column whose run is >= 0.95 of the longest (245 px),105:245px;246:68px;141:54px;140:54px;279:52px;174:46px,,,,,,,,,,,,,,,,,,,,,,,,,,,,,,,,,,,,,,,,,,,,,,,,,,
475,Fig. 2,ID475__fig2.png,PLAIN,140,ORPHAN,,,,37,,,,,,,,,,,,,,,,"336,402,690,846",66,156,OFFERED,,,,,,,,,"103,299,652,924",,right,,,,,,,,,,,,,,74,,,,,,,,,,,,,,,,
475,Fig. 2,ID475__fig2.png,PLAIN,140,GATE,,,,37,,,,,,,,,,,,,,,,"336,402,690,846",,,,,,,,,,,,"103,299,652,924",,right,True,O,O,-,X,O,-,,,,,,,,,,,,,,,,,,,,,,,
475,Fig. 2,ID475__fig2.png,PLAIN,140,GATE_WHY,,,,,,,,,,,,,,,,,,,,"336,402,690,846",,,,,,,,,,,,"103,299,652,924",,,,,,,,,,"축 없음, 잉크 0.105","행 겹침 1.00, 패널 행 652-924, 조각 690-846",이 클립에서 캡션을 읽지 못했다,"건너는 간격 75 px, 패널 내부의 가장 큰 간격 74 px","밑변에 선 열 0.00, 축 범위 안 잉크 1.00 (교집합 1.00)",막대·눈금이 2→3개뿐이라 규칙성을 잴 수 없다,,,,,,,,,,,,,,,,,
475,Fig. 2,ID475__fig2.png,PLAIN,140,POST,,,,,,,,,,,,,,,,,,,,"336,402,690,846",,,ADOPTED,,,,,,,,,"103,299,652,924",,,,,,,,,,,,,,,,,"103,402,652,924",,,,,,,,,,,,,,,
475,Fig. 2,ID475__fig2.png,PLAIN,140,ORPHAN,,,,,,,,,,,,,,,,,,,,"533,554,60,301",21,241,NO_PANEL_IN_REACH,0,right 219px share 1.00 reach 34 [gap],,,,,,,,,,,,,,,,,,,,,,,,,,,,,,,,,,,,,,,
475,Fig. 2,ID475__fig2.png,PLAIN,140,PIECE_RELATION,,,,,,,,,,,,,,,,,,,,"533,554,60,301",,,,,,NO_SELECTED_PANEL_DESCENDANT,0,0,,,CONTAINMENT,,,,,,,,,,,,,,,,,,,,,,,,,,,,,,,,,
475,Fig. 2,ID475__fig2.png,PLAIN,140,ORPHAN,,,,,,,,,,,,,,,,,,,,"524,546,346,598",22,252,NO_PANEL_IN_REACH,0,right 227px share 1.00 reach 34 [gap],,,,,,,,,,,,,,,,,,,,,,,,,,,,,,,,,,,,,,,
475,Fig. 2,ID475__fig2.png,PLAIN,140,PIECE_RELATION,,,,,,,,,,,,,,,,,,,,"524,546,346,598",,,,,,NO_SELECTED_PANEL_DESCENDANT,0,0,,,CONTAINMENT,,,,,,,,,,,,,,,,,,,,,,,,,,,,,,,,,
475,Fig. 2,ID475__fig2.png,PLAIN,140,ORPHAN,,,,,,,,,,,,,,,,,,,,"634,797,910,924",163,14,NO_PANEL_IN_REACH,0,right 335px share 1.00 reach 74 [gap],,,,,,,,,,,,,,,,,,,,,,,,,,,,,,,,,,,,,,,
475,Fig. 2,ID475__fig2.png,PLAIN,140,PIECE_RELATION,,,,,,,,,,,,,,,,,,,,"634,797,910,924",,,,,,NO_SELECTED_PANEL_DESCENDANT,0,0,,,CONTAINMENT,,,,,,,,,,,,,,,,,,,,,,,,,,,,,,,,,
475,Fig. 2,ID475__fig2.png,PLAIN,140,ORPHAN,,,,,,,,,,,,,,,,,,,,"884,902,910,924",18,14,NO_PANEL_IN_REACH,0,right 585px share 1.00 reach 74 [gap],,,,,,,,,,,,,,,,,,,,,,,,,,,,,,,,,,,,,,,
475,Fig. 2,ID475__fig2.png,PLAIN,140,PIECE_RELATION,,,,,,,,,,,,,,,,,,,,"884,902,910,924",,,,,,NO_SELECTED_PANEL_DESCENDANT,0,0,,,CONTAINMENT,,,,,,,,,,,,,,,,,,,,,,,,,,,,,,,,,
475,Fig. 2,ID475__fig2.png,PLAIN,140,AXIS_FALLBACK,,,,,,,,"562,957,332,620",607,245,245,0.95,leftmost column whose run is >= 0.95 of the longest (245 px),607:245px;748:117px;854:112px;853:112px;642:106px;888:81px,,,,,,,,,,,,,,,,,,,,,,,,,,,,,,,,,,,,,,,,,,,,,,,,,,
475,Fig. 2,ID475__fig2.png,PLAIN,140,AXIS_FALLBACK,,,,,,,,"22,403,332,620",105,244,244,0.95,leftmost column whose run is >= 0.95 of the longest (244 px),105:244px;175:68px;174:68px;141:61px;140:61px;280:54px,,,,,,,,,,,,,,,,,,,,,,,,,,,,,,,,,,,,,,,,,,,,,,,,,,
475,Fig. 2,ID475__fig2.png,PLAIN,140,AXIS_FALLBACK,,,,,,,,"31,403,28,322",105,246,246,0.95,leftmost column whose run is >= 0.95 of the longest (246 px),105:246px;175:63px;174:63px;352:37px;351:37px;140:37px,,,,,,,,,,,,,,,,,,,,,,,,,,,,,,,,,,,,,,,,,,,,,,,,,,
475,Fig. 2,ID475__fig2.png,PLAIN,140,AXIS_FALLBACK,,,,,,,,"538,904,638,892",606,245,245,0.95,leftmost column whose run is >= 0.95 of the longest (245 px),606:245px;748:86px;747:86px;642:77px;782:76px;781:76px,,,,,,,,,,,,,,,,,,,,,,,,,,,,,,,,,,,,,,,,,,,,,,,,,,
475,Fig. 2,ID475__fig2.png,PLAIN,140,AXIS_FALLBACK,,,,,,,,"37,210,648,924",105,245,245,0.95,leftmost column whose run is >= 0.95 of the longest (245 px),105:245px;141:54px;140:54px;174:46px;173:46px;118:24px,,,,,,,,,,,,,,,,,,,,,,,,,,,,,,,,,,,,,,,,,,,,,,,,,,
475,Fig. 2,ID475__fig2.png,PLAIN,140,AXIS_FALLBACK,,,,,,,,"572,904,33,322",607,245,245,0.95,leftmost column whose run is >= 0.95 of the longest (245 px),607:245px;853:102px;748:93px;747:93px;642:78px;641:78px,,,,,,,,,,,,,,,,,,,,,,,,,,,,,,,,,,,,,,,,,,,,,,,,,,
475,Fig. 2,ID475__fig2.png,PLAIN,140,AXIS_FALLBACK,,,,,,,,"533,904,33,322",607,245,245,0.95,leftmost column whose run is >= 0.95 of the longest (245 px),607:245px;853:102px;748:93px;747:93px;642:78px;641:78px,,,,,,,,,,,,,,,,,,,,,,,,,,,,,,,,,,,,,,,,,,,,,,,,,,
475,Fig. 2,ID475__fig2.png,PLAIN,140,AXIS_FALLBACK,,,,,,,,"524,957,332,620",607,245,245,0.95,leftmost column whose run is >= 0.95 of the longest (245 px),607:245px;748:117px;854:112px;853:112px;642:106px;888:81px,,,,,,,,,,,,,,,,,,,,,,,,,,,,,,,,,,,,,,,,,,,,,,,,,,
475,Fig. 2,ID475__fig2.png,PLAIN,140,AXIS_FALLBACK,,,,,,,,"103,314,28,322",105,246,246,0.95,leftmost column whose run is >= 0.95 of the longest (246 px),105:246px;175:63px;174:63px;140:37px;280:36px;279:36px,,,,,,,,,,,,,,,,,,,,,,,,,,,,,,,,,,,,,,,,,,,,,,,,,,
475,Fig. 2,ID475__fig2.png,PLAIN,140,AXIS_FALLBACK,,,,,,,,"103,297,332,620",105,244,244,0.95,leftmost column whose run is >= 0.95 of the longest (244 px),105:244px;175:68px;174:68px;141:61px;140:61px;280:54px,,,,,,,,,,,,,,,,,,,,,,,,,,,,,,,,,,,,,,,,,,,,,,,,,,
475,Fig. 2,ID475__fig2.png,PLAIN,140,AXIS_FALLBACK,,,,,,,,"103,299,652,924",105,245,245,0.95,leftmost column whose run is >= 0.95 of the longest (245 px),105:245px;246:68px;141:54px;140:54px;279:52px;174:46px,,,,,,,,,,,,,,,,,,,,,,,,,,,,,,,,,,,,,,,,,,,,,,,,,,
475,Fig. 2,ID475__fig2.png,PLAIN,140,AXIS_FALLBACK,,,,,,,,"103,402,652,924",105,245,245,0.95,leftmost column whose run is >= 0.95 of the longest (245 px),105:245px;352:70px;351:70px;246:68px;141:54px;140:54px,,,,,,,,,,,,,,,,,,,,,,,,,,,,,,,,,,,,,,,,,,,,,,,,,,
475,Fig. 2,ID475__fig2.png,PLAIN,140,AXIS_FALLBACK,,,,,,,,"524,957,332,620",607,245,245,0.95,leftmost column whose run is >= 0.95 of the longest (245 px),607:245px;748:117px;854:112px;853:112px;642:106px;888:81px,,,,,,,,,,,,,,,,,,,,,,,,,,,,,,,,,,,,,,,,,,,,,,,,,,
475,Fig. 2,ID475__fig2.png,PLAIN,140,AXIS_CANDIDATES,,,,,,,,"524,957,332,620",607,,,,leftmost of 3 free runs,607:349-594:free;642:367-473:free;748:356-473:free,3,0,349-594,783,86.4,,,,,,,,,,,,,,,,,,,,,,,,,,,,,,,,,,,,,,,,,,,,,
475,Fig. 2,ID475__fig2.png,PLAIN,140,AXIS_FALLBACK,,,,,,,,"562,957,332,620",607,245,245,0.95,leftmost column whose run is >= 0.95 of the longest (245 px),607:245px;748:117px;854:112px;853:112px;642:106px;888:81px,,,,,,,,,,,,,,,,,,,,,,,,,,,,,,,,,,,,,,,,,,,,,,,,,,
475,Fig. 2,ID475__fig2.png,PLAIN,140,AXIS_CANDIDATES,,,,,,,,"562,957,332,620",607,,,,leftmost of 3 free runs,607:349-594:free;642:367-473:free;748:356-473:free,3,0,349-594,799,86.4,,,,,,,,,,,,,,,,,,,,,,,,,,,,,,,,,,,,,,,,,,,,,
475,Fig. 2,ID475__fig2.png,PLAIN,140,AXIS_FALLBACK,,,,,,,,"22,403,332,620",105,244,244,0.95,leftmost column whose run is >= 0.95 of the longest (244 px),105:244px;175:68px;174:68px;141:61px;140:61px;280:54px,,,,,,,,,,,,,,,,,,,,,,,,,,,,,,,,,,,,,,,,,,,,,,,,,,
475,Fig. 2,ID475__fig2.png,PLAIN,140,AXIS_CANDIDATES,,,,,,,,"22,403,332,620",105,,,,leftmost of 1 free runs,105:355-599:free,1,0,355-599,250,86.4,,,,,,,,,,,,,,,,,,,,,,,,,,,,,,,,,,,,,,,,,,,,,
475,Fig. 2,ID475__fig2.png,PLAIN,140,AXIS_FALLBACK,,,,,,,,"538,904,638,892",606,245,245,0.95,leftmost column whose run is >= 0.95 of the longest (245 px),606:245px;748:86px;747:86px;642:77px;782:76px;781:76px,,,,,,,,,,,,,,,,,,,,,,,,,,,,,,,,,,,,,,,,,,,,,,,,,,
475,Fig. 2,ID475__fig2.png,PLAIN,140,AXIS_CANDIDATES,,,,,,,,"538,904,638,892",606,,,,leftmost of 4 free runs,606:643-888:free;642:765-842:free;747:680-766:free;748:680-766:free,4,0,643-888,757,76.2,,,,,,,,,,,,,,,,,,,,,,,,,,,,,,,,,,,,,,,,,,,,,
475,Fig. 2,ID475__fig2.png,PLAIN,140,AXIS_FALLBACK,,,,,,,,"103,314,28,322",105,246,246,0.95,leftmost column whose run is >= 0.95 of the longest (246 px),105:246px;175:63px;174:63px;140:37px;280:36px;279:36px,,,,,,,,,,,,,,,,,,,,,,,,,,,,,,,,,,,,,,,,,,,,,,,,,,
475,Fig. 2,ID475__fig2.png,PLAIN,140,AXIS_CANDIDATES,,,,,,,,"103,314,28,322",105,,,,leftmost of 1 free runs,105:56-302:free,1,0,56-302,229,88.2,,,,,,,,,,,,,,,,,,,,,,,,,,,,,,,,,,,,,,,,,,,,,
475,Fig. 2,ID475__fig2.png,PLAIN,140,AXIS_FALLBACK,,,,,,,,"103,297,332,620",105,244,244,0.95,leftmost column whose run is >= 0.95 of the longest (244 px),105:244px;175:68px;174:68px;141:61px;140:61px;280:54px,,,,,,,,,,,,,,,,,,,,,,,,,,,,,,,,,,,,,,,,,,,,,,,,,,
475,Fig. 2,ID475__fig2.png,PLAIN,140,AXIS_CANDIDATES,,,,,,,,"103,297,332,620",105,,,,leftmost of 1 free runs,105:355-599:free,1,0,355-599,219,86.4,,,,,,,,,,,,,,,,,,,,,,,,,,,,,,,,,,,,,,,,,,,,,
475,Fig. 2,ID475__fig2.png,PLAIN,140,AXIS_FALLBACK,,,,,,,,"533,904,33,322",607,245,245,0.95,leftmost column whose run is >= 0.95 of the longest (245 px),607:245px;853:102px;748:93px;747:93px;642:78px;641:78px,,,,,,,,,,,,,,,,,,,,,,,,,,,,,,,,,,,,,,,,,,,,,,,,,,
475,Fig. 2,ID475__fig2.png,PLAIN,140,AXIS_CANDIDATES,,,,,,,,"533,904,33,322",607,,,,leftmost of 3 free runs,607:58-303:free;747:156-249:free;748:156-249:free,3,0,58-303,755,86.7,,,,,,,,,,,,,,,,,,,,,,,,,,,,,,,,,,,,,,,,,,,,,
475,Fig. 2,ID475__fig2.png,PLAIN,140,AXIS_FALLBACK,,,,,,,,"572,904,33,322",607,245,245,0.95,leftmost column whose run is >= 0.95 of the longest (245 px),607:245px;853:102px;748:93px;747:93px;642:78px;641:78px,,,,,,,,,,,,,,,,,,,,,,,,,,,,,,,,,,,,,,,,,,,,,,,,,,
475,Fig. 2,ID475__fig2.png,PLAIN,140,AXIS_CANDIDATES,,,,,,,,"572,904,33,322",607,,,,leftmost of 3 free runs,607:58-303:free;747:156-249:free;748:156-249:free,3,0,58-303,771,86.7,,,,,,,,,,,,,,,,,,,,,,,,,,,,,,,,,,,,,,,,,,,,,
475,Fig. 2,ID475__fig2.png,PLAIN,140,AXIS_FALLBACK,,,,,,,,"103,402,652,924",105,245,245,0.95,leftmost column whose run is >= 0.95 of the longest (245 px),105:245px;352:70px;351:70px;246:68px;141:54px;140:54px,,,,,,,,,,,,,,,,,,,,,,,,,,,,,,,,,,,,,,,,,,,,,,,,,,
475,Fig. 2,ID475__fig2.png,PLAIN,140,AXIS_CANDIDATES,,,,,,,,"103,402,652,924",105,,,,leftmost of 1 free runs,105:654-899:free,1,0,654-899,282,81.6,,,,,,,,,,,,,,,,,,,,,,,,,,,,,,,,,,,,,,,,,,,,,
475,Fig. 2,ID475__fig2.png,PLAIN,140,AXIS_FALLBACK,,,,,,,,"103,299,652,924",105,245,245,0.95,leftmost column whose run is >= 0.95 of the longest (245 px),105:245px;246:68px;141:54px;140:54px;279:52px;174:46px,,,,,,,,,,,,,,,,,,,,,,,,,,,,,,,,,,,,,,,,,,,,,,,,,,
475,Fig. 2,ID475__fig2.png,PLAIN,140,AXIS_CANDIDATES,,,,,,,,"103,299,652,924",105,,,,leftmost of 1 free runs,105:654-899:free,1,0,654-899,220,81.6,,,,,,,,,,,,,,,,,,,,,,,,,,,,,,,,,,,,,,,,,,,,,
475,Fig. 2,ID475__fig2.png,PLAIN,140,AXIS_FALLBACK,,,,,,,,"37,210,648,924",105,245,245,0.95,leftmost column whose run is >= 0.95 of the longest (245 px),105:245px;141:54px;140:54px;174:46px;173:46px;118:24px,,,,,,,,,,,,,,,,,,,,,,,,,,,,,,,,,,,,,,,,,,,,,,,,,,
475,Fig. 2,ID475__fig2.png,PLAIN,140,AXIS_CANDIDATES,,,,,,,,"37,210,648,924",105,,,,leftmost of 1 free runs,105:654-899:free,1,0,654-899,140,82.8,,,,,,,,,,,,,,,,,,,,,,,,,,,,,,,,,,,,,,,,,,,,,
475,Fig. 2,ID475__fig2.png,CAP,140,CUT,1,col,0,403-524,121,"0,463,0,963","463,984,0,963",,,,,,,,,,,,,,,,,,,,,,,,,,,,,,,,,,,,,,,,,,,,,,,,,,,,,,,,,
475,Fig. 2,ID475__fig2.png,CAP,140,CUT,2,row,1,620-648,28,"0,463,0,634","0,463,634,963",,,,,,,,,,,,,,,,,,,,,,,,,,,,,,,,,,,,,,,,,,,,,,,,,,,,,,,,,
475,Fig. 2,ID475__fig2.png,CAP,140,CUT,3,row,2,322-332,10,"0,463,0,327","0,463,327,634",,,,,,,,,,,,,,,,,,,,,,,,,,,,,,,,,,,,,,,,,,,,,,,,,,,,,,,,,
475,Fig. 2,ID475__fig2.png,CAP,140,CUT,4,col,2,299-337,38,"0,318,634,963","318,463,634,963",,,,,,,,,,,,,,,,,,,,,,,,,,,,,,,,,,,,,,,,,,,,,,,,,,,,,,,,,
475,Fig. 2,ID475__fig2.png,CAP,140,CUT,5,col,3,210-231,21,"0,220,634,963","220,318,634,963",,,,,,,,,,,,,,,,,,,,,,,,,,,,,,,,,,,,,,,,,,,,,,,,,,,,,,,,,
475,Fig. 2,ID475__fig2.png,CAP,140,CUT,6,row,3,846-910,64,"318,463,634,878","318,463,878,963",,,,,,,,,,,,,,,,,,,,,,,,,,,,,,,,,,,,,,,,,,,,,,,,,,,,,,,,,
475,Fig. 2,ID475__fig2.png,CAP,140,CUT,7,row,1,620-638,18,"463,984,0,629","463,984,629,963",,,,,,,,,,,,,,,,,,,,,,,,,,,,,,,,,,,,,,,,,,,,,,,,,,,,,,,,,
475,Fig. 2,ID475__fig2.png,CAP,140,CUT,8,row,2,322-332,10,"463,984,0,327","463,984,327,629",,,,,,,,,,,,,,,,,,,,,,,,,,,,,,,,,,,,,,,,,,,,,,,,,,,,,,,,,
475,Fig. 2,ID475__fig2.png,CAP,140,CUT,9,col,3,554-572,18,"463,563,0,327","563,984,0,327",,,,,,,,,,,,,,,,,,,,,,,,,,,,,,,,,,,,,,,,,,,,,,,,,,,,,,,,,
475,Fig. 2,ID475__fig2.png,CAP,140,CUT,10,col,3,546-562,16,"463,554,327,629","554,984,327,629",,,,,,,,,,,,,,,,,,,,,,,,,,,,,,,,,,,,,,,,,,,,,,,,,,,,,,,,,
475,Fig. 2,ID475__fig2.png,CAP,140,CUT,11,row,2,892-910,18,"463,984,629,901","463,984,901,963",,,,,,,,,,,,,,,,,,,,,,,,,,,,,,,,,,,,,,,,,,,,,,,,,,,,,,,,,
475,Fig. 2,ID475__fig2.png,CAP,140,CUT,12,col,3,797-884,87,"463,840,901,963","840,984,901,963",,,,,,,,,,,,,,,,,,,,,,,,,,,,,,,,,,,,,,,,,,,,,,,,,,,,,,,,,
475,Fig. 2,ID475__fig2.png,CAP,140,AXIS_FALLBACK,,,,,,,,"31,403,28,322",105,246,246,0.95,leftmost column whose run is >= 0.95 of the longest (246 px),105:246px;175:63px;174:63px;352:37px;351:37px;140:37px,,,,,,,,,,,,,,,,,,,,,,,,,,,,,,,,,,,,,,,,,,,,,,,,,,
475,Fig. 2,ID475__fig2.png,CAP,140,AXIS_FALLBACK,,,,,,,,"22,403,332,620",105,244,244,0.95,leftmost column whose run is >= 0.95 of the longest (244 px),105:244px;175:68px;174:68px;141:61px;140:61px;280:54px,,,,,,,,,,,,,,,,,,,,,,,,,,,,,,,,,,,,,,,,,,,,,,,,,,
475,Fig. 2,ID475__fig2.png,CAP,140,AXIS_FALLBACK,,,,,,,,"562,957,332,620",607,245,245,0.95,leftmost column whose run is >= 0.95 of the longest (245 px),607:245px;748:117px;854:112px;853:112px;642:106px;888:81px,,,,,,,,,,,,,,,,,,,,,,,,,,,,,,,,,,,,,,,,,,,,,,,,,,
475,Fig. 2,ID475__fig2.png,CAP,140,AXIS_FALLBACK,,,,,,,,"538,904,638,892",606,245,245,0.95,leftmost column whose run is >= 0.95 of the longest (245 px),606:245px;748:86px;747:86px;642:77px;782:76px;781:76px,,,,,,,,,,,,,,,,,,,,,,,,,,,,,,,,,,,,,,,,,,,,,,,,,,
475,Fig. 2,ID475__fig2.png,CAP,140,AXIS_FALLBACK,,,,,,,,"37,210,648,924",105,245,245,0.95,leftmost column whose run is >= 0.95 of the longest (245 px),105:245px;141:54px;140:54px;174:46px;173:46px;118:24px,,,,,,,,,,,,,,,,,,,,,,,,,,,,,,,,,,,,,,,,,,,,,,,,,,
475,Fig. 2,ID475__fig2.png,CAP,140,AXIS_FALLBACK,,,,,,,,"572,904,33,322",607,245,245,0.95,leftmost column whose run is >= 0.95 of the longest (245 px),607:245px;853:102px;748:93px;747:93px;642:78px;641:78px,,,,,,,,,,,,,,,,,,,,,,,,,,,,,,,,,,,,,,,,,,,,,,,,,,
475,Fig. 2,ID475__fig2.png,CAP,140,AXIS_FALLBACK,,,,,,,,"31,403,28,322",105,246,246,0.95,leftmost column whose run is >= 0.95 of the longest (246 px),105:246px;175:63px;174:63px;352:37px;351:37px;140:37px,,,,,,,,,,,,,,,,,,,,,,,,,,,,,,,,,,,,,,,,,,,,,,,,,,
475,Fig. 2,ID475__fig2.png,CAP,140,AXIS_FALLBACK,,,,,,,,"22,403,332,620",105,244,244,0.95,leftmost column whose run is >= 0.95 of the longest (244 px),105:244px;175:68px;174:68px;141:61px;140:61px;280:54px,,,,,,,,,,,,,,,,,,,,,,,,,,,,,,,,,,,,,,,,,,,,,,,,,,
475,Fig. 2,ID475__fig2.png,CAP,140,AXIS_FALLBACK,,,,,,,,"37,210,648,924",105,245,245,0.95,leftmost column whose run is >= 0.95 of the longest (245 px),105:245px;141:54px;140:54px;174:46px;173:46px;118:24px,,,,,,,,,,,,,,,,,,,,,,,,,,,,,,,,,,,,,,,,,,,,,,,,,,
475,Fig. 2,ID475__fig2.png,CAP,140,AXIS_FALLBACK,,,,,,,,"572,904,33,322",607,245,245,0.95,leftmost column whose run is >= 0.95 of the longest (245 px),607:245px;853:102px;748:93px;747:93px;642:78px;641:78px,,,,,,,,,,,,,,,,,,,,,,,,,,,,,,,,,,,,,,,,,,,,,,,,,,
475,Fig. 2,ID475__fig2.png,CAP,140,AXIS_FALLBACK,,,,,,,,"562,957,332,620",607,245,245,0.95,leftmost column whose run is >= 0.95 of the longest (245 px),607:245px;748:117px;854:112px;853:112px;642:106px;888:81px,,,,,,,,,,,,,,,,,,,,,,,,,,,,,,,,,,,,,,,,,,,,,,,,,,
475,Fig. 2,ID475__fig2.png,CAP,140,AXIS_FALLBACK,,,,,,,,"538,904,638,892",606,245,245,0.95,leftmost column whose run is >= 0.95 of the longest (245 px),606:245px;748:86px;747:86px;642:77px;782:76px;781:76px,,,,,,,,,,,,,,,,,,,,,,,,,,,,,,,,,,,,,,,,,,,,,,,,,,
475,Fig. 2,ID475__fig2.png,CAP,140,AXIS_CANDIDATES,,,,,,,,"562,957,332,620",607,,,,leftmost of 3 free runs,607:349-594:free;642:367-473:free;748:356-473:free,3,0,349-594,799,86.4,,,,,,,,,,,,,,,,,,,,,,,,,,,,,,,,,,,,,,,,,,,,,
475,Fig. 2,ID475__fig2.png,CAP,140,AXIS_FALLBACK,,,,,,,,"562,957,332,620",607,245,245,0.95,leftmost column whose run is >= 0.95 of the longest (245 px),607:245px;748:117px;854:112px;853:112px;642:106px;888:81px,,,,,,,,,,,,,,,,,,,,,,,,,,,,,,,,,,,,,,,,,,,,,,,,,,
475,Fig. 2,ID475__fig2.png,CAP,140,AXIS_CANDIDATES,,,,,,,,"22,403,332,620",105,,,,leftmost of 1 free runs,105:355-599:free,1,0,355-599,250,86.4,,,,,,,,,,,,,,,,,,,,,,,,,,,,,,,,,,,,,,,,,,,,,
475,Fig. 2,ID475__fig2.png,CAP,140,AXIS_FALLBACK,,,,,,,,"22,403,332,620",105,244,244,0.95,leftmost column whose run is >= 0.95 of the longest (244 px),105:244px;175:68px;174:68px;141:61px;140:61px;280:54px,,,,,,,,,,,,,,,,,,,,,,,,,,,,,,,,,,,,,,,,,,,,,,,,,,
475,Fig. 2,ID475__fig2.png,CAP,140,AXIS_CANDIDATES,,,,,,,,"31,403,28,322",105,,,,leftmost of 1 free runs,105:56-302:free,1,0,56-302,254,88.2,,,,,,,,,,,,,,,,,,,,,,,,,,,,,,,,,,,,,,,,,,,,,
475,Fig. 2,ID475__fig2.png,CAP,140,AXIS_FALLBACK,,,,,,,,"31,403,28,322",105,246,246,0.95,leftmost column whose run is >= 0.95 of the longest (246 px),105:246px;175:63px;174:63px;352:37px;351:37px;140:37px,,,,,,,,,,,,,,,,,,,,,,,,,,,,,,,,,,,,,,,,,,,,,,,,,,
475,Fig. 2,ID475__fig2.png,CAP,140,AXIS_CANDIDATES,,,,,,,,"538,904,638,892",606,,,,leftmost of 4 free runs,606:643-888:free;642:765-842:free;747:680-766:free;748:680-766:free,4,0,643-888,757,76.2,,,,,,,,,,,,,,,,,,,,,,,,,,,,,,,,,,,,,,,,,,,,,
475,Fig. 2,ID475__fig2.png,CAP,140,AXIS_FALLBACK,,,,,,,,"538,904,638,892",606,245,245,0.95,leftmost column whose run is >= 0.95 of the longest (245 px),606:245px;748:86px;747:86px;642:77px;782:76px;781:76px,,,,,,,,,,,,,,,,,,,,,,,,,,,,,,,,,,,,,,,,,,,,,,,,,,
475,Fig. 2,ID475__fig2.png,CAP,140,AXIS_CANDIDATES,,,,,,,,"37,210,648,924",105,,,,leftmost of 1 free runs,105:654-899:free,1,0,654-899,140,82.8,,,,,,,,,,,,,,,,,,,,,,,,,,,,,,,,,,,,,,,,,,,,,
475,Fig. 2,ID475__fig2.png,CAP,140,AXIS_FALLBACK,,,,,,,,"37,210,648,924",105,245,245,0.95,leftmost column whose run is >= 0.95 of the longest (245 px),105:245px;141:54px;140:54px;174:46px;173:46px;118:24px,,,,,,,,,,,,,,,,,,,,,,,,,,,,,,,,,,,,,,,,,,,,,,,,,,
475,Fig. 2,ID475__fig2.png,CAP,140,AXIS_CANDIDATES,,,,,,,,"572,904,33,322",607,,,,leftmost of 3 free runs,607:58-303:free;747:156-249:free;748:156-249:free,3,0,58-303,771,86.7,,,,,,,,,,,,,,,,,,,,,,,,,,,,,,,,,,,,,,,,,,,,,
475,Fig. 2,ID475__fig2.png,CAP,140,AXIS_FALLBACK,,,,,,,,"572,904,33,322",607,245,245,0.95,leftmost column whose run is >= 0.95 of the longest (245 px),607:245px;853:102px;748:93px;747:93px;642:78px;641:78px,,,,,,,,,,,,,,,,,,,,,,,,,,,,,,,,,,,,,,,,,,,,,,,,,,
475,Fig. 2,ID475__fig2.png,CAP,140,AXIS_FALLBACK,,,,,,,,"37,210,648,924",105,245,245,0.95,leftmost column whose run is >= 0.95 of the longest (245 px),105:245px;141:54px;140:54px;174:46px;173:46px;118:24px,,,,,,,,,,,,,,,,,,,,,,,,,,,,,,,,,,,,,,,,,,,,,,,,,,
475,Fig. 2,ID475__fig2.png,CAP,140,AXIS_FALLBACK,,,,,,,,"37,210,648,924",105,245,245,0.95,leftmost column whose run is >= 0.95 of the longest (245 px),105:245px;141:54px;140:54px;174:46px;173:46px;118:24px,,,,,,,,,,,,,,,,,,,,,,,,,,,,,,,,,,,,,,,,,,,,,,,,,,
475,Fig. 2,ID475__fig2.png,CAP,140,AXIS_FALLBACK,,,,,,,,"37,210,648,924",105,245,245,0.95,leftmost column whose run is >= 0.95 of the longest (245 px),105:245px;141:54px;140:54px;174:46px;173:46px;118:24px,,,,,,,,,,,,,,,,,,,,,,,,,,,,,,,,,,,,,,,,,,,,,,,,,,
475,Fig. 2,ID475__fig2.png,CAP,140,ORPHAN,,,,21,,,,,,,,,,,,,,,,"231,299,702,924",68,222,OFFERED,,,,,,,,,"37,210,648,924",,right,,,,,,,,,,,,,,34,,,,,,,,,,,,,,,,
475,Fig. 2,ID475__fig2.png,CAP,140,GATE,,,,21,,,,,,,,,,,,,,,,"231,299,702,924",,,,,,,,,,,,"37,210,648,924",,right,False,O,O,-,X,X,-,,,,,,,,,,,,,,,,,,,,,,,
475,Fig. 2,ID475__fig2.png,CAP,140,GATE_WHY,,,,,,,,,,,,,,,,,,,,"231,299,702,924",,,,,,,,,,,,"37,210,648,924",,,,,,,,,,"축 없음, 잉크 0.083","행 겹침 1.00, 패널 행 648-924, 조각 702-924",이 클립에서 캡션을 읽지 못했다,"건너는 간격 74 px, 패널 내부의 가장 큰 간격 19 px","밑변에 선 열 0.00, 축 범위 안 잉크 0.75 (교집합 0.75)",막대·눈금이 1→2개뿐이라 규칙성을 잴 수 없다,,,,,,,,,,,,,,,,,
475,Fig. 2,ID475__fig2.png,CAP,140,ORPHAN,,,,,,,,,,,,,,,,,,,,"336,402,690,846",66,156,NO_PANEL_IN_REACH,0,left 136px share 1.00 reach 34 [gap] | overlap 0px share 0.00 reach 34 [share] | right 126px share 1.00 reach 34 [gap],,,,,,,,,,,,,,,,,,,,,,,,,,,,,,,,,,,,,,,
475,Fig. 2,ID475__fig2.png,CAP,140,PIECE_RELATION,,,,,,,,,,,,,,,,,,,,"336,402,690,846",,,,,,NO_SELECTED_PANEL_DESCENDANT,0,0,,,CONTAINMENT,,,,,,,,,,,,,,,,,,,,,,,,,,,,,,,,,
475,Fig. 2,ID475__fig2.png,CAP,140,ORPHAN,,,,,,,,,,,,,,,,,,,,"369,401,910,924",32,14,NO_PANEL_IN_REACH,0,left 161px share 0.00 reach 34 [gap] [share] | overlap 0px share 0.00 reach 34 [share] | right 159px share 1.00 reach 34 [gap],,,,,,,,,,,,,,,,,,,,,,,,,,,,,,,,,,,,,,,
475,Fig. 2,ID475__fig2.png,CAP,140,PIECE_RELATION,,,,,,,,,,,,,,,,,,,,"369,401,910,924",,,,,,NO_SELECTED_PANEL_DESCENDANT,0,0,,,CONTAINMENT,,,,,,,,,,,,,,,,,,,,,,,,,,,,,,,,,
475,Fig. 2,ID475__fig2.png,CAP,140,AXIS_FALLBACK,,,,,,,,"572,904,33,322",607,245,245,0.95,leftmost column whose run is >= 0.95 of the longest (245 px),607:245px;853:102px;748:93px;747:93px;642:78px;641:78px,,,,,,,,,,,,,,,,,,,,,,,,,,,,,,,,,,,,,,,,,,,,,,,,,,
475,Fig. 2,ID475__fig2.png,CAP,140,AXIS_FALLBACK,,,,,,,,"572,904,33,322",607,245,245,0.95,leftmost column whose run is >= 0.95 of the longest (245 px),607:245px;853:102px;748:93px;747:93px;642:78px;641:78px,,,,,,,,,,,,,,,,,,,,,,,,,,,,,,,,,,,,,,,,,,,,,,,,,,
475,Fig. 2,ID475__fig2.png,CAP,140,AXIS_FALLBACK,,,,,,,,"572,904,33,322",607,245,245,0.95,leftmost column whose run is >= 0.95 of the longest (245 px),607:245px;853:102px;748:93px;747:93px;642:78px;641:78px,,,,,,,,,,,,,,,,,,,,,,,,,,,,,,,,,,,,,,,,,,,,,,,,,,
475,Fig. 2,ID475__fig2.png,CAP,140,ORPHAN,,,,18,,,,,,,,,,,,,,,,"533,554,60,301",21,241,OFFERED,,,,,,,,,"572,904,33,322",,left,,,,,,,,,,,,,,39,,,,,,,,,,,,,,,,
475,Fig. 2,ID475__fig2.png,CAP,140,GATE,,,,18,,,,,,,,,,,,,,,,"533,554,60,301",,,,,,,,,,,,"572,904,33,322",,left,True,O,O,-,X,O,-,,,,,,,,,,,,,,,,,,,,,,,
475,Fig. 2,ID475__fig2.png,CAP,140,GATE_WHY,,,,,,,,,,,,,,,,,,,,"533,554,60,301",,,,,,,,,,,,"572,904,33,322",,,,,,,,,,"축 없음, 잉크 0.256","행 겹침 1.00, 패널 행 33-322, 조각 60-301",이 클립에서 캡션을 읽지 못했다,"건너는 간격 57 px, 패널 내부의 가장 큰 간격 39 px","밑변에 선 열 0.00, 축 범위 안 잉크 1.00 (교집합 1.00)",막대·눈금이 1→1개뿐이라 규칙성을 잴 수 없다,,,,,,,,,,,,,,,,,
475,Fig. 2,ID475__fig2.png,CAP,140,POST,,,,,,,,,,,,,,,,,,,,"533,554,60,301",,,ADOPTED,,,,,,,,,"572,904,33,322",,,,,,,,,,,,,,,,,"533,904,33,322",,,,,,,,,,,,,,,
475,Fig. 2,ID475__fig2.png,CAP,140,AXIS_FALLBACK,,,,,,,,"562,957,332,620",607,245,245,0.95,leftmost column whose run is >= 0.95 of the longest (245 px),607:245px;748:117px;854:112px;853:112px;642:106px;888:81px,,,,,,,,,,,,,,,,,,,,,,,,,,,,,,,,,,,,,,,,,,,,,,,,,,
475,Fig. 2,ID475__fig2.png,CAP,140,AXIS_FALLBACK,,,,,,,,"562,957,332,620",607,245,245,0.95,leftmost column whose run is >= 0.95 of the longest (245 px),607:245px;748:117px;854:112px;853:112px;642:106px;888:81px,,,,,,,,,,,,,,,,,,,,,,,,,,,,,,,,,,,,,,,,,,,,,,,,,,
475,Fig. 2,ID475__fig2.png,CAP,140,AXIS_FALLBACK,,,,,,,,"562,957,332,620",607,245,245,0.95,leftmost column whose run is >= 0.95 of the longest (245 px),607:245px;748:117px;854:112px;853:112px;642:106px;888:81px,,,,,,,,,,,,,,,,,,,,,,,,,,,,,,,,,,,,,,,,,,,,,,,,,,
475,Fig. 2,ID475__fig2.png,CAP,140,ORPHAN,,,,16,,,,,,,,,,,,,,,,"524,546,346,598",22,252,OFFERED,,,,,,,,,"562,957,332,620",,left,,,,,,,,,,,,,,34,,,,,,,,,,,,,,,,
475,Fig. 2,ID475__fig2.png,CAP,140,GATE,,,,16,,,,,,,,,,,,,,,,"524,546,346,598",,,,,,,,,,,,"562,957,332,620",,left,True,O,O,-,X,O,-,,,,,,,,,,,,,,,,,,,,,,,
475,Fig. 2,ID475__fig2.png,CAP,140,GATE_WHY,,,,,,,,,,,,,,,,,,,,"524,546,346,598",,,,,,,,,,,,"562,957,332,620",,,,,,,,,,"축 없음, 잉크 0.253","행 겹침 1.00, 패널 행 332-620, 조각 346-598",이 클립에서 캡션을 읽지 못했다,"건너는 간격 61 px, 패널 내부의 가장 큰 간격 0 px","밑변에 선 열 0.00, 축 범위 안 잉크 0.99 (교집합 0.99)",합쳐도 표시 개수가 늘지 않는다 (3→3),,,,,,,,,,,,,,,,,
475,Fig. 2,ID475__fig2.png,CAP,140,POST,,,,,,,,,,,,,,,,,,,,"524,546,346,598",,,ADOPTED,,,,,,,,,"562,957,332,620",,,,,,,,,,,,,,,,,"524,957,332,620",,,,,,,,,,,,,,,
475,Fig. 2,ID475__fig2.png,CAP,140,ORPHAN,,,,,,,,,,,,,,,,,,,,"634,797,910,924",163,14,NO_PANEL_IN_REACH,0,overlap 0px share 0.00 reach 34 [share] | right 424px share 1.00 reach 34 [gap],,,,,,,,,,,,,,,,,,,,,,,,,,,,,,,,,,,,,,,
475,Fig. 2,ID475__fig2.png,CAP,140,PIECE_RELATION,,,,,,,,,,,,,,,,,,,,"634,797,910,924",,,,,,NO_SELECTED_PANEL_DESCENDANT,0,0,,,CONTAINMENT,,,,,,,,,,,,,,,,,,,,,,,,,,,,,,,,,
475,Fig. 2,ID475__fig2.png,CAP,140,ORPHAN,,,,,,,,,,,,,,,,,,,,"884,902,910,924",18,14,NO_PANEL_IN_REACH,0,overlap 0px share 0.00 reach 34 [share] | right 674px share 1.00 reach 34 [gap],,,,,,,,,,,,,,,,,,,,,,,,,,,,,,,,,,,,,,,
475,Fig. 2,ID475__fig2.png,CAP,140,PIECE_RELATION,,,,,,,,,,,,,,,,,,,,"884,902,910,924",,,,,,NO_SELECTED_PANEL_DESCENDANT,0,0,,,CONTAINMENT,,,,,,,,,,,,,,,,,,,,,,,,,,,,,,,,,
475,Fig. 2,ID475__fig2.png,CAP,140,AXIS_CANDIDATES,,,,,,,,"103,314,28,322",105,,,,leftmost of 1 free runs,105:56-302:free,1,0,56-302,229,88.2,,,,,,,,,,,,,,,,,,,,,,,,,,,,,,,,,,,,,,,,,,,,,
475,Fig. 2,ID475__fig2.png,CAP,140,AXIS_FALLBACK,,,,,,,,"103,314,28,322",105,246,246,0.95,leftmost column whose run is >= 0.95 of the longest (246 px),105:246px;175:63px;174:63px;140:37px;280:36px;279:36px,,,,,,,,,,,,,,,,,,,,,,,,,,,,,,,,,,,,,,,,,,,,,,,,,,
475,Fig. 2,ID475__fig2.png,CAP,140,AXIS_CANDIDATES,,,,,,,,"103,297,332,620",105,,,,leftmost of 1 free runs,105:355-599:free,1,0,355-599,219,86.4,,,,,,,,,,,,,,,,,,,,,,,,,,,,,,,,,,,,,,,,,,,,,
475,Fig. 2,ID475__fig2.png,CAP,140,AXIS_FALLBACK,,,,,,,,"103,297,332,620",105,244,244,0.95,leftmost column whose run is >= 0.95 of the longest (244 px),105:244px;175:68px;174:68px;141:61px;140:61px;280:54px,,,,,,,,,,,,,,,,,,,,,,,,,,,,,,,,,,,,,,,,,,,,,,,,,,
475,Fig. 2,ID475__fig2.png,CAP,140,AXIS_CANDIDATES,,,,,,,,"103,299,652,924",105,,,,leftmost of 1 free runs,105:654-899:free,1,0,654-899,220,81.6,,,,,,,,,,,,,,,,,,,,,,,,,,,,,,,,,,,,,,,,,,,,,
475,Fig. 2,ID475__fig2.png,CAP,140,AXIS_FALLBACK,,,,,,,,"103,299,652,924",105,245,245,0.95,leftmost column whose run is >= 0.95 of the longest (245 px),105:245px;246:68px;141:54px;140:54px;279:52px;174:46px,,,,,,,,,,,,,,,,,,,,,,,,,,,,,,,,,,,,,,,,,,,,,,,,,,
475,Fig. 2,ID475__fig2.png,CAP,140,ORPHAN,,,,,,,,,,,,,,,,,,,,"231,299,702,924",68,222,NO_PANEL_IN_REACH,0,overlap 0px share 1.00 reach 74,,,,,,,,,,,,,,,,,,,,,,,,,,,,,,,,,,,,,,,
475,Fig. 2,ID475__fig2.png,CAP,140,PIECE_RELATION,,,,,,,,,,,,,,,,,,,,"231,299,702,924",,,,,,NO_SELECTED_PANEL_DESCENDANT,0,0,,,CONTAINMENT,,,,,,,,,,,,,,,,,,,,,,,,,,,,,,,,,
475,Fig. 2,ID475__fig2.png,CAP,140,AXIS_FALLBACK,,,,,,,,"103,299,652,924",105,245,245,0.95,leftmost column whose run is >= 0.95 of the longest (245 px),105:245px;246:68px;141:54px;140:54px;279:52px;174:46px,,,,,,,,,,,,,,,,,,,,,,,,,,,,,,,,,,,,,,,,,,,,,,,,,,
475,Fig. 2,ID475__fig2.png,CAP,140,AXIS_FALLBACK,,,,,,,,"103,299,652,924",105,245,245,0.95,leftmost column whose run is >= 0.95 of the longest (245 px),105:245px;246:68px;141:54px;140:54px;279:52px;174:46px,,,,,,,,,,,,,,,,,,,,,,,,,,,,,,,,,,,,,,,,,,,,,,,,,,
475,Fig. 2,ID475__fig2.png,CAP,140,AXIS_FALLBACK,,,,,,,,"103,299,652,924",105,245,245,0.95,leftmost column whose run is >= 0.95 of the longest (245 px),105:245px;246:68px;141:54px;140:54px;279:52px;174:46px,,,,,,,,,,,,,,,,,,,,,,,,,,,,,,,,,,,,,,,,,,,,,,,,,,
475,Fig. 2,ID475__fig2.png,CAP,140,ORPHAN,,,,37,,,,,,,,,,,,,,,,"336,402,690,846",66,156,OFFERED,,,,,,,,,"103,299,652,924",,right,,,,,,,,,,,,,,74,,,,,,,,,,,,,,,,
475,Fig. 2,ID475__fig2.png,CAP,140,GATE,,,,37,,,,,,,,,,,,,,,,"336,402,690,846",,,,,,,,,,,,"103,299,652,924",,right,True,O,O,-,X,O,-,,,,,,,,,,,,,,,,,,,,,,,
475,Fig. 2,ID475__fig2.png,CAP,140,GATE_WHY,,,,,,,,,,,,,,,,,,,,"336,402,690,846",,,,,,,,,,,,"103,299,652,924",,,,,,,,,,"축 없음, 잉크 0.105","행 겹침 1.00, 패널 행 652-924, 조각 690-846",이 클립에서 캡션을 읽지 못했다,"건너는 간격 75 px, 패널 내부의 가장 큰 간격 74 px","밑변에 선 열 0.00, 축 범위 안 잉크 1.00 (교집합 1.00)",막대·눈금이 2→3개뿐이라 규칙성을 잴 수 없다,,,,,,,,,,,,,,,,,
475,Fig. 2,ID475__fig2.png,CAP,140,POST,,,,,,,,,,,,,,,,,,,,"336,402,690,846",,,ADOPTED,,,,,,,,,"103,299,652,924",,,,,,,,,,,,,,,,,"103,402,652,924",,,,,,,,,,,,,,,
475,Fig. 2,ID475__fig2.png,CAP,140,ORPHAN,,,,,,,,,,,,,,,,,,,,"533,554,60,301",21,241,NO_PANEL_IN_REACH,0,right 219px share 1.00 reach 34 [gap],,,,,,,,,,,,,,,,,,,,,,,,,,,,,,,,,,,,,,,
475,Fig. 2,ID475__fig2.png,CAP,140,PIECE_RELATION,,,,,,,,,,,,,,,,,,,,"533,554,60,301",,,,,,NO_SELECTED_PANEL_DESCENDANT,0,0,,,CONTAINMENT,,,,,,,,,,,,,,,,,,,,,,,,,,,,,,,,,
475,Fig. 2,ID475__fig2.png,CAP,140,ORPHAN,,,,,,,,,,,,,,,,,,,,"524,546,346,598",22,252,NO_PANEL_IN_REACH,0,right 227px share 1.00 reach 34 [gap],,,,,,,,,,,,,,,,,,,,,,,,,,,,,,,,,,,,,,,
475,Fig. 2,ID475__fig2.png,CAP,140,PIECE_RELATION,,,,,,,,,,,,,,,,,,,,"524,546,346,598",,,,,,NO_SELECTED_PANEL_DESCENDANT,0,0,,,CONTAINMENT,,,,,,,,,,,,,,,,,,,,,,,,,,,,,,,,,
475,Fig. 2,ID475__fig2.png,CAP,140,ORPHAN,,,,,,,,,,,,,,,,,,,,"634,797,910,924",163,14,NO_PANEL_IN_REACH,0,right 335px share 1.00 reach 74 [gap],,,,,,,,,,,,,,,,,,,,,,,,,,,,,,,,,,,,,,,
475,Fig. 2,ID475__fig2.png,CAP,140,PIECE_RELATION,,,,,,,,,,,,,,,,,,,,"634,797,910,924",,,,,,NO_SELECTED_PANEL_DESCENDANT,0,0,,,CONTAINMENT,,,,,,,,,,,,,,,,,,,,,,,,,,,,,,,,,
475,Fig. 2,ID475__fig2.png,CAP,140,ORPHAN,,,,,,,,,,,,,,,,,,,,"884,902,910,924",18,14,NO_PANEL_IN_REACH,0,right 585px share 1.00 reach 74 [gap],,,,,,,,,,,,,,,,,,,,,,,,,,,,,,,,,,,,,,,
475,Fig. 2,ID475__fig2.png,CAP,140,PIECE_RELATION,,,,,,,,,,,,,,,,,,,,"884,902,910,924",,,,,,NO_SELECTED_PANEL_DESCENDANT,0,0,,,CONTAINMENT,,,,,,,,,,,,,,,,,,,,,,,,,,,,,,,,,
475,Fig. 2,ID475__fig2.png,CAP,140,AXIS_FALLBACK,,,,,,,,"562,957,332,620",607,245,245,0.95,leftmost column whose run is >= 0.95 of the longest (245 px),607:245px;748:117px;854:112px;853:112px;642:106px;888:81px,,,,,,,,,,,,,,,,,,,,,,,,,,,,,,,,,,,,,,,,,,,,,,,,,,
475,Fig. 2,ID475__fig2.png,CAP,140,AXIS_FALLBACK,,,,,,,,"22,403,332,620",105,244,244,0.95,leftmost column whose run is >= 0.95 of the longest (244 px),105:244px;175:68px;174:68px;141:61px;140:61px;280:54px,,,,,,,,,,,,,,,,,,,,,,,,,,,,,,,,,,,,,,,,,,,,,,,,,,
475,Fig. 2,ID475__fig2.png,CAP,140,AXIS_FALLBACK,,,,,,,,"31,403,28,322",105,246,246,0.95,leftmost column whose run is >= 0.95 of the longest (246 px),105:246px;175:63px;174:63px;352:37px;351:37px;140:37px,,,,,,,,,,,,,,,,,,,,,,,,,,,,,,,,,,,,,,,,,,,,,,,,,,
475,Fig. 2,ID475__fig2.png,CAP,140,AXIS_FALLBACK,,,,,,,,"538,904,638,892",606,245,245,0.95,leftmost column whose run is >= 0.95 of the longest (245 px),606:245px;748:86px;747:86px;642:77px;782:76px;781:76px,,,,,,,,,,,,,,,,,,,,,,,,,,,,,,,,,,,,,,,,,,,,,,,,,,
475,Fig. 2,ID475__fig2.png,CAP,140,AXIS_FALLBACK,,,,,,,,"37,210,648,924",105,245,245,0.95,leftmost column whose run is >= 0.95 of the longest (245 px),105:245px;141:54px;140:54px;174:46px;173:46px;118:24px,,,,,,,,,,,,,,,,,,,,,,,,,,,,,,,,,,,,,,,,,,,,,,,,,,
475,Fig. 2,ID475__fig2.png,CAP,140,AXIS_FALLBACK,,,,,,,,"572,904,33,322",607,245,245,0.95,leftmost column whose run is >= 0.95 of the longest (245 px),607:245px;853:102px;748:93px;747:93px;642:78px;641:78px,,,,,,,,,,,,,,,,,,,,,,,,,,,,,,,,,,,,,,,,,,,,,,,,,,
475,Fig. 2,ID475__fig2.png,CAP,140,AXIS_FALLBACK,,,,,,,,"533,904,33,322",607,245,245,0.95,leftmost column whose run is >= 0.95 of the longest (245 px),607:245px;853:102px;748:93px;747:93px;642:78px;641:78px,,,,,,,,,,,,,,,,,,,,,,,,,,,,,,,,,,,,,,,,,,,,,,,,,,
475,Fig. 2,ID475__fig2.png,CAP,140,AXIS_FALLBACK,,,,,,,,"524,957,332,620",607,245,245,0.95,leftmost column whose run is >= 0.95 of the longest (245 px),607:245px;748:117px;854:112px;853:112px;642:106px;888:81px,,,,,,,,,,,,,,,,,,,,,,,,,,,,,,,,,,,,,,,,,,,,,,,,,,
475,Fig. 2,ID475__fig2.png,CAP,140,AXIS_FALLBACK,,,,,,,,"103,314,28,322",105,246,246,0.95,leftmost column whose run is >= 0.95 of the longest (246 px),105:246px;175:63px;174:63px;140:37px;280:36px;279:36px,,,,,,,,,,,,,,,,,,,,,,,,,,,,,,,,,,,,,,,,,,,,,,,,,,
475,Fig. 2,ID475__fig2.png,CAP,140,AXIS_FALLBACK,,,,,,,,"103,297,332,620",105,244,244,0.95,leftmost column whose run is >= 0.95 of the longest (244 px),105:244px;175:68px;174:68px;141:61px;140:61px;280:54px,,,,,,,,,,,,,,,,,,,,,,,,,,,,,,,,,,,,,,,,,,,,,,,,,,
475,Fig. 2,ID475__fig2.png,CAP,140,AXIS_FALLBACK,,,,,,,,"103,299,652,924",105,245,245,0.95,leftmost column whose run is >= 0.95 of the longest (245 px),105:245px;246:68px;141:54px;140:54px;279:52px;174:46px,,,,,,,,,,,,,,,,,,,,,,,,,,,,,,,,,,,,,,,,,,,,,,,,,,
475,Fig. 2,ID475__fig2.png,CAP,140,AXIS_FALLBACK,,,,,,,,"103,402,652,924",105,245,245,0.95,leftmost column whose run is >= 0.95 of the longest (245 px),105:245px;352:70px;351:70px;246:68px;141:54px;140:54px,,,,,,,,,,,,,,,,,,,,,,,,,,,,,,,,,,,,,,,,,,,,,,,,,,
475,Fig. 2,ID475__fig2.png,GRID,140,CUT,1,col,0,403-524,121,"0,463,0,963","463,984,0,963",,,,,,,,,,,,,,,,,,,,,,,,,,,,,,,,,,,,,,,,,,,,,,,,,,,,,,,,,
475,Fig. 2,ID475__fig2.png,GRID,140,CUT,2,row,1,620-648,28,"0,463,0,634","0,463,634,963",,,,,,,,,,,,,,,,,,,,,,,,,,,,,,,,,,,,,,,,,,,,,,,,,,,,,,,,,
475,Fig. 2,ID475__fig2.png,GRID,140,CUT,3,row,2,322-332,10,"0,463,0,327","0,463,327,634",,,,,,,,,,,,,,,,,,,,,,,,,,,,,,,,,,,,,,,,,,,,,,,,,,,,,,,,,
475,Fig. 2,ID475__fig2.png,GRID,140,CUT,4,col,2,299-337,38,"0,318,634,963","318,463,634,963",,,,,,,,,,,,,,,,,,,,,,,,,,,,,,,,,,,,,,,,,,,,,,,,,,,,,,,,,
475,Fig. 2,ID475__fig2.png,GRID,140,CUT,5,col,3,210-231,21,"0,220,634,963","220,318,634,963",,,,,,,,,,,,,,,,,,,,,,,,,,,,,,,,,,,,,,,,,,,,,,,,,,,,,,,,,
475,Fig. 2,ID475__fig2.png,GRID,140,CUT,6,row,3,846-910,64,"318,463,634,878","318,463,878,963",,,,,,,,,,,,,,,,,,,,,,,,,,,,,,,,,,,,,,,,,,,,,,,,,,,,,,,,,
475,Fig. 2,ID475__fig2.png,GRID,140,CUT,7,row,1,620-638,18,"463,984,0,629","463,984,629,963",,,,,,,,,,,,,,,,,,,,,,,,,,,,,,,,,,,,,,,,,,,,,,,,,,,,,,,,,
475,Fig. 2,ID475__fig2.png,GRID,140,CUT,8,row,2,322-332,10,"463,984,0,327","463,984,327,629",,,,,,,,,,,,,,,,,,,,,,,,,,,,,,,,,,,,,,,,,,,,,,,,,,,,,,,,,
475,Fig. 2,ID475__fig2.png,GRID,140,CUT,9,col,3,554-572,18,"463,563,0,327","563,984,0,327",,,,,,,,,,,,,,,,,,,,,,,,,,,,,,,,,,,,,,,,,,,,,,,,,,,,,,,,,
475,Fig. 2,ID475__fig2.png,GRID,140,CUT,10,col,3,546-562,16,"463,554,327,629","554,984,327,629",,,,,,,,,,,,,,,,,,,,,,,,,,,,,,,,,,,,,,,,,,,,,,,,,,,,,,,,,
475,Fig. 2,ID475__fig2.png,GRID,140,CUT,11,row,2,892-910,18,"463,984,629,901","463,984,901,963",,,,,,,,,,,,,,,,,,,,,,,,,,,,,,,,,,,,,,,,,,,,,,,,,,,,,,,,,
475,Fig. 2,ID475__fig2.png,GRID,140,CUT,12,col,3,797-884,87,"463,840,901,963","840,984,901,963",,,,,,,,,,,,,,,,,,,,,,,,,,,,,,,,,,,,,,,,,,,,,,,,,,,,,,,,,
475,Fig. 2,ID475__fig2.png,GRID,140,AXIS_FALLBACK,,,,,,,,"31,403,28,322",105,246,246,0.95,leftmost column whose run is >= 0.95 of the longest (246 px),105:246px;175:63px;174:63px;352:37px;351:37px;140:37px,,,,,,,,,,,,,,,,,,,,,,,,,,,,,,,,,,,,,,,,,,,,,,,,,,
475,Fig. 2,ID475__fig2.png,GRID,140,AXIS_FALLBACK,,,,,,,,"22,403,332,620",105,244,244,0.95,leftmost column whose run is >= 0.95 of the longest (244 px),105:244px;175:68px;174:68px;141:61px;140:61px;280:54px,,,,,,,,,,,,,,,,,,,,,,,,,,,,,,,,,,,,,,,,,,,,,,,,,,
475,Fig. 2,ID475__fig2.png,GRID,140,AXIS_FALLBACK,,,,,,,,"562,957,332,620",607,245,245,0.95,leftmost column whose run is >= 0.95 of the longest (245 px),607:245px;748:117px;854:112px;853:112px;642:106px;888:81px,,,,,,,,,,,,,,,,,,,,,,,,,,,,,,,,,,,,,,,,,,,,,,,,,,
475,Fig. 2,ID475__fig2.png,GRID,140,AXIS_FALLBACK,,,,,,,,"538,904,638,892",606,245,245,0.95,leftmost column whose run is >= 0.95 of the longest (245 px),606:245px;748:86px;747:86px;642:77px;782:76px;781:76px,,,,,,,,,,,,,,,,,,,,,,,,,,,,,,,,,,,,,,,,,,,,,,,,,,
475,Fig. 2,ID475__fig2.png,GRID,140,AXIS_FALLBACK,,,,,,,,"103,595,158,482",105,144,144,0.95,leftmost column whose run is >= 0.95 of the longest (144 px),105:144px;141:61px;140:61px;352:51px;247:45px;246:45px,,,,,,,,,,,,,,,,,,,,,,,,,,,,,,,,,,,,,,,,,,,,,,,,,,
475,Fig. 2,ID475__fig2.png,GRID,140,AXIS_FALLBACK,,,,,,,,"103,596,480,771",105,119,119,0.95,leftmost column whose run is >= 0.95 of the longest (119 px),105:119px;175:68px;174:68px;280:54px;279:54px;386:48px,,,,,,,,,,,,,,,,,,,,,,,,,,,,,,,,,,,,,,,,,,,,,,,,,,
475,Fig. 2,ID475__fig2.png,GRID,140,AXIS_FALLBACK,,,,,,,,"604,957,158,482",607,145,145,0.95,leftmost column whose run is >= 0.95 of the longest (145 px),607:145px;748:117px;854:112px;853:112px;642:106px;747:91px,,,,,,,,,,,,,,,,,,,,,,,,,,,,,,,,,,,,,,,,,,,,,,,,,,
475,Fig. 2,ID475__fig2.png,GRID,140,AXIS_FALLBACK,,,,,,,,"604,904,480,771",606,128,128,0.95,leftmost column whose run is >= 0.95 of the longest (128 px),606:128px;607:114px;748:86px;747:86px;888:81px;887:81px,,,,,,,,,,,,,,,,,,,,,,,,,,,,,,,,,,,,,,,,,,,,,,,,,,
475,Fig. 2,ID475__fig2.png,GRID,140,AXIS_FALLBACK,,,,,,,,"103,595,28,160",105,104,104,0.95,leftmost column whose run is >= 0.95 of the longest (104 px),105:104px;175:63px;174:63px;352:37px;351:37px;140:37px,,,,,,,,,,,,,,,,,,,,,,,,,,,,,,,,,,,,,,,,,,,,,,,,,,
475,Fig. 2,ID475__fig2.png,GRID,140,AXIS_FALLBACK,,,,,,,,"604,904,33,160",607,102,102,0.95,leftmost column whose run is >= 0.95 of the longest (102 px),607:102px;642:78px;641:78px;888:33px;887:33px;675:30px,,,,,,,,,,,,,,,,,,,,,,,,,,,,,,,,,,,,,,,,,,,,,,,,,,
475,Fig. 2,ID475__fig2.png,GRID,140,AXIS_FALLBACK,,,,,,,,"103,595,158,482",105,144,144,0.95,leftmost column whose run is >= 0.95 of the longest (144 px),105:144px;141:61px;140:61px;352:51px;247:45px;246:45px,,,,,,,,,,,,,,,,,,,,,,,,,,,,,,,,,,,,,,,,,,,,,,,,,,
475,Fig. 2,ID475__fig2.png,GRID,140,AXIS_FALLBACK,,,,,,,,"604,957,158,482",607,145,145,0.95,leftmost column whose run is >= 0.95 of the longest (145 px),607:145px;748:117px;854:112px;853:112px;642:106px;747:91px,,,,,,,,,,,,,,,,,,,,,,,,,,,,,,,,,,,,,,,,,,,,,,,,,,
475,Fig. 2,ID475__fig2.png,GRID,140,AXIS_FALLBACK,,,,,,,,"103,596,480,771",105,119,119,0.95,leftmost column whose run is >= 0.95 of the longest (119 px),105:119px;175:68px;174:68px;280:54px;279:54px;386:48px,,,,,,,,,,,,,,,,,,,,,,,,,,,,,,,,,,,,,,,,,,,,,,,,,,
475,Fig. 2,ID475__fig2.png,GRID,140,AXIS_FALLBACK,,,,,,,,"604,904,480,771",606,128,128,0.95,leftmost column whose run is >= 0.95 of the longest (128 px),606:128px;607:114px;748:86px;747:86px;888:81px;887:81px,,,,,,,,,,,,,,,,,,,,,,,,,,,,,,,,,,,,,,,,,,,,,,,,,,
475,Fig. 2,ID475__fig2.png,GRID,140,AXIS_FALLBACK,,,,,,,,"103,595,28,160",105,104,104,0.95,leftmost column whose run is >= 0.95 of the longest (104 px),105:104px;175:63px;174:63px;352:37px;351:37px;140:37px,,,,,,,,,,,,,,,,,,,,,,,,,,,,,,,,,,,,,,,,,,,,,,,,,,
475,Fig. 2,ID475__fig2.png,GRID,140,AXIS_FALLBACK,,,,,,,,"604,904,33,160",607,102,102,0.95,leftmost column whose run is >= 0.95 of the longest (102 px),607:102px;642:78px;641:78px;888:33px;887:33px;675:30px,,,,,,,,,,,,,,,,,,,,,,,,,,,,,,,,,,,,,,,,,,,,,,,,,,
475,Fig. 2,ID475__fig2.png,GRID,140,AXIS_FALLBACK,,,,,,,,"31,403,28,322",105,246,246,0.95,leftmost column whose run is >= 0.95 of the longest (246 px),105:246px;175:63px;174:63px;352:37px;351:37px;140:37px,,,,,,,,,,,,,,,,,,,,,,,,,,,,,,,,,,,,,,,,,,,,,,,,,,
475,Fig. 2,ID475__fig2.png,GRID,140,AXIS_FALLBACK,,,,,,,,"22,403,332,620",105,244,244,0.95,leftmost column whose run is >= 0.95 of the longest (244 px),105:244px;175:68px;174:68px;141:61px;140:61px;280:54px,,,,,,,,,,,,,,,,,,,,,,,,,,,,,,,,,,,,,,,,,,,,,,,,,,
475,Fig. 2,ID475__fig2.png,GRID,140,AXIS_FALLBACK,,,,,,,,"37,210,648,924",105,245,245,0.95,leftmost column whose run is >= 0.95 of the longest (245 px),105:245px;141:54px;140:54px;174:46px;173:46px;118:24px,,,,,,,,,,,,,,,,,,,,,,,,,,,,,,,,,,,,,,,,,,,,,,,,,,
475,Fig. 2,ID475__fig2.png,GRID,140,AXIS_FALLBACK,,,,,,,,"572,904,33,322",607,245,245,0.95,leftmost column whose run is >= 0.95 of the longest (245 px),607:245px;853:102px;748:93px;747:93px;642:78px;641:78px,,,,,,,,,,,,,,,,,,,,,,,,,,,,,,,,,,,,,,,,,,,,,,,,,,
475,Fig. 2,ID475__fig2.png,GRID,140,AXIS_FALLBACK,,,,,,,,"562,957,332,620",607,245,245,0.95,leftmost column whose run is >= 0.95 of the longest (245 px),607:245px;748:117px;854:112px;853:112px;642:106px;888:81px,,,,,,,,,,,,,,,,,,,,,,,,,,,,,,,,,,,,,,,,,,,,,,,,,,
475,Fig. 2,ID475__fig2.png,GRID,140,AXIS_FALLBACK,,,,,,,,"538,904,638,892",606,245,245,0.95,leftmost column whose run is >= 0.95 of the longest (245 px),606:245px;748:86px;747:86px;642:77px;782:76px;781:76px,,,,,,,,,,,,,,,,,,,,,,,,,,,,,,,,,,,,,,,,,,,,,,,,,,
475,Fig. 2,ID475__fig2.png,GRID,140,AXIS_FALLBACK,,,,,,,,"103,595,158,482",105,144,144,0.95,leftmost column whose run is >= 0.95 of the longest (144 px),105:144px;141:61px;140:61px;352:51px;247:45px;246:45px,,,,,,,,,,,,,,,,,,,,,,,,,,,,,,,,,,,,,,,,,,,,,,,,,,
475,Fig. 2,ID475__fig2.png,GRID,140,AXIS_FALLBACK,,,,,,,,"604,957,158,482",607,145,145,0.95,leftmost column whose run is >= 0.95 of the longest (145 px),607:145px;748:117px;854:112px;853:112px;642:106px;747:91px,,,,,,,,,,,,,,,,,,,,,,,,,,,,,,,,,,,,,,,,,,,,,,,,,,
475,Fig. 2,ID475__fig2.png,GRID,140,AXIS_FALLBACK,,,,,,,,"103,596,480,771",105,119,119,0.95,leftmost column whose run is >= 0.95 of the longest (119 px),105:119px;175:68px;174:68px;280:54px;279:54px;386:48px,,,,,,,,,,,,,,,,,,,,,,,,,,,,,,,,,,,,,,,,,,,,,,,,,,
475,Fig. 2,ID475__fig2.png,GRID,140,AXIS_FALLBACK,,,,,,,,"604,904,480,771",606,128,128,0.95,leftmost column whose run is >= 0.95 of the longest (128 px),606:128px;607:114px;748:86px;747:86px;888:81px;887:81px,,,,,,,,,,,,,,,,,,,,,,,,,,,,,,,,,,,,,,,,,,,,,,,,,,
475,Fig. 2,ID475__fig2.png,GRID,140,AXIS_FALLBACK,,,,,,,,"103,595,28,160",105,104,104,0.95,leftmost column whose run is >= 0.95 of the longest (104 px),105:104px;175:63px;174:63px;352:37px;351:37px;140:37px,,,,,,,,,,,,,,,,,,,,,,,,,,,,,,,,,,,,,,,,,,,,,,,,,,
475,Fig. 2,ID475__fig2.png,GRID,140,AXIS_FALLBACK,,,,,,,,"604,904,33,160",607,102,102,0.95,leftmost column whose run is >= 0.95 of the longest (102 px),607:102px;642:78px;641:78px;888:33px;887:33px;675:30px,,,,,,,,,,,,,,,,,,,,,,,,,,,,,,,,,,,,,,,,,,,,,,,,,,
475,Fig. 2,ID475__fig2.png,GRID,140,AXIS_CANDIDATES,,,,,,,,"103,595,158,482",105,,,,no free run; leftmost of 2 clipped,105:56-302:clipped;105:355-599:clipped,0,2,56-302,398,97.2,,,,,,,,,,,,,,,,,,,,,,,,,,,,,,,,,,,,,,,,,,,,,
475,Fig. 2,ID475__fig2.png,GRID,140,AXIS_FALLBACK,,,,,,,,"103,595,158,482",105,144,144,0.95,leftmost column whose run is >= 0.95 of the longest (144 px),105:144px;141:61px;140:61px;352:51px;247:45px;246:45px,,,,,,,,,,,,,,,,,,,,,,,,,,,,,,,,,,,,,,,,,,,,,,,,,,
475,Fig. 2,ID475__fig2.png,GRID,140,AXIS_CANDIDATES,,,,,,,,"103,596,480,771",105,,,,no free run; leftmost of 2 clipped,105:355-599:clipped;105:654-899:clipped,0,2,355-599,398,87.3,,,,,,,,,,,,,,,,,,,,,,,,,,,,,,,,,,,,,,,,,,,,,
475,Fig. 2,ID475__fig2.png,GRID,140,AXIS_FALLBACK,,,,,,,,"103,596,480,771",105,119,119,0.95,leftmost column whose run is >= 0.95 of the longest (119 px),105:119px;175:68px;174:68px;280:54px;279:54px;386:48px,,,,,,,,,,,,,,,,,,,,,,,,,,,,,,,,,,,,,,,,,,,,,,,,,,
475,Fig. 2,ID475__fig2.png,GRID,140,AXIS_CANDIDATES,,,,,,,,"604,957,158,482",642,,,,leftmost of 2 free runs,642:367-473:free;748:356-473:free;607:58-303:clipped;607:349-594:clipped,2,2,367-473,815,97.2,,,,,,,,,,,,,,,,,,,,,,,,,,,,,,,,,,,,,,,,,,,,,
475,Fig. 2,ID475__fig2.png,GRID,140,AXIS_FALLBACK,,,,,,,,"604,957,158,482",607,145,145,0.95,leftmost column whose run is >= 0.95 of the longest (145 px),607:145px;748:117px;854:112px;853:112px;642:106px;747:91px,,,,,,,,,,,,,,,,,,,,,,,,,,,,,,,,,,,,,,,,,,,,,,,,,,
475,Fig. 2,ID475__fig2.png,GRID,140,AXIS_CANDIDATES,,,,,,,,"604,904,480,771",606,,,,no free run; leftmost of 2 clipped,606:643-888:clipped;607:349-594:clipped,0,2,643-888,784,87.3,,,,,,,,,,,,,,,,,,,,,,,,,,,,,,,,,,,,,,,,,,,,,
475,Fig. 2,ID475__fig2.png,GRID,140,AXIS_FALLBACK,,,,,,,,"604,904,480,771",606,128,128,0.95,leftmost column whose run is >= 0.95 of the longest (128 px),606:128px;607:114px;748:86px;747:86px;888:81px;887:81px,,,,,,,,,,,,,,,,,,,,,,,,,,,,,,,,,,,,,,,,,,,,,,,,,,
475,Fig. 2,ID475__fig2.png,GRID,140,AXIS_CANDIDATES,,,,,,,,"103,595,28,160",174,,,,leftmost of 2 free runs,174:69-132:free;175:69-132:free;105:56-302:clipped,2,1,69-132,398,39.6,,,,,,,,,,,,,,,,,,,,,,,,,,,,,,,,,,,,,,,,,,,,,
475,Fig. 2,ID475__fig2.png,GRID,140,AXIS_FALLBACK,,,,,,,,"103,595,28,160",105,104,104,0.95,leftmost column whose run is >= 0.95 of the longest (104 px),105:104px;175:63px;174:63px;352:37px;351:37px;140:37px,,,,,,,,,,,,,,,,,,,,,,,,,,,,,,,,,,,,,,,,,,,,,,,,,,
475,Fig. 2,ID475__fig2.png,GRID,140,AXIS_CANDIDATES,,,,,,,,"604,904,33,160",641,,,,leftmost of 2 free runs,641:79-157:free;642:79-157:free;607:58-303:clipped,2,1,79-157,784,38.1,,,,,,,,,,,,,,,,,,,,,,,,,,,,,,,,,,,,,,,,,,,,,
475,Fig. 2,ID475__fig2.png,GRID,140,AXIS_FALLBACK,,,,,,,,"604,904,33,160",607,102,102,0.95,leftmost column whose run is >= 0.95 of the longest (102 px),607:102px;642:78px;641:78px;888:33px;887:33px;675:30px,,,,,,,,,,,,,,,,,,,,,,,,,,,,,,,,,,,,,,,,,,,,,,,,,,
475,Fig. 2,ID475__fig2.png,GRID,140,ORPHAN,,,,,,,,,,,,,,,,,,,,"231,299,702,924",68,222,NO_PANEL_IN_REACH,0,left 305px share 0.31 reach 34 [gap] [share] | overlap 0px share 0.31 reach 140 [share],,,,,,,,,,,,,,,,,,,,,,,,,,,,,,,,,,,,,,,
475,Fig. 2,ID475__fig2.png,GRID,140,PIECE_RELATION,,,,,,,,,,,,,,,,,,,,"231,299,702,924",,,,,,NO_SELECTED_PANEL_DESCENDANT,0,0,,,CONTAINMENT,,,,,,,,,,,,,,,,,,,,,,,,,,,,,,,,,
475,Fig. 2,ID475__fig2.png,GRID,140,ORPHAN,,,,,,,,,,,,,,,,,,,,"336,402,690,846",66,156,NO_PANEL_IN_REACH,0,left 202px share 0.52 reach 34 [gap] | overlap 0px share 0.52 reach 140,,,,,,,,,,,,,,,,,,,,,,,,,,,,,,,,,,,,,,,
475,Fig. 2,ID475__fig2.png,GRID,140,PIECE_RELATION,,,,,,,,,,,,,,,,,,,,"336,402,690,846",,,,,,NO_SELECTED_PANEL_DESCENDANT,0,0,,,CONTAINMENT,,,,,,,,,,,,,,,,,,,,,,,,,,,,,,,,,
475,Fig. 2,ID475__fig2.png,GRID,140,ORPHAN,,,,,,,,,,,,,,,,,,,,"369,401,910,924",32,14,NO_PANEL_IN_REACH,0,left 203px share 0.00 reach 34 [gap] [share] | overlap 0px share 0.00 reach 76 [share],,,,,,,,,,,,,,,,,,,,,,,,,,,,,,,,,,,,,,,
475,Fig. 2,ID475__fig2.png,GRID,140,PIECE_RELATION,,,,,,,,,,,,,,,,,,,,"369,401,910,924",,,,,,NO_SELECTED_PANEL_DESCENDANT,0,0,,,CONTAINMENT,,,,,,,,,,,,,,,,,,,,,,,,,,,,,,,,,
475,Fig. 2,ID475__fig2.png,GRID,140,ORPHAN,,,,,,,,,,,,,,,,,,,,"533,554,60,301",21,241,NO_PANEL_IN_REACH,0,left 50px share 0.79 reach 39 [gap] | overlap 0px share 0.76 reach 85,,,,,,,,,,,,,,,,,,,,,,,,,,,,,,,,,,,,,,,
475,Fig. 2,ID475__fig2.png,GRID,140,PIECE_RELATION,,,,,,,,,,,,,,,,,,,,"533,554,60,301",,,,,,OPPOSITE_HALF_UNIQUE_PANEL,1,0,"604,904,33,160",,CONTAINMENT,,,,,,,,,,,,,,,,,,,,,,,,,,,,,,,,,
475,Fig. 2,ID475__fig2.png,GRID,140,AXIS_FALLBACK,,,,,,,,"604,904,33,160",607,102,102,0.95,leftmost column whose run is >= 0.95 of the longest (102 px),607:102px;642:78px;641:78px;888:33px;887:33px;675:30px,,,,,,,,,,,,,,,,,,,,,,,,,,,,,,,,,,,,,,,,,,,,,,,,,,
475,Fig. 2,ID475__fig2.png,GRID,140,AXIS_FALLBACK,,,,,,,,"604,904,33,160",607,102,102,0.95,leftmost column whose run is >= 0.95 of the longest (102 px),607:102px;642:78px;641:78px;888:33px;887:33px;675:30px,,,,,,,,,,,,,,,,,,,,,,,,,,,,,,,,,,,,,,,,,,,,,,,,,,
475,Fig. 2,ID475__fig2.png,GRID,140,AXIS_FALLBACK,,,,,,,,"604,904,33,160",607,102,102,0.95,leftmost column whose run is >= 0.95 of the longest (102 px),607:102px;642:78px;641:78px;888:33px;887:33px;675:30px,,,,,,,,,,,,,,,,,,,,,,,,,,,,,,,,,,,,,,,,,,,,,,,,,,
475,Fig. 2,ID475__fig2.png,GRID,140,GATE_SHADOW,9,,,,18,,,,,,,,,,,,,,,"533,554,60,301",,,,,,,,,,,,"604,904,33,160",col,left,False,O,X,-,X,X,-,,,,,,,,,,,,,,,,,,,,,,,
475,Fig. 2,ID475__fig2.png,GRID,140,GATE_SHADOW_WHY,,,,,,,,,,,,,,,,,,,,"533,554,60,301",,,,,,,,,,,,"604,904,33,160",,,,,,,,,,"축 없음, 잉크 0.256","행 겹침 0.79, 패널 행 33-160, 조각 60-301",이 클립에서 캡션을 읽지 못했다,"건너는 간격 91 px, 패널 내부의 가장 큰 간격 39 px","밑변에 선 열 0.00, 축 범위 안 잉크 0.32 (교집합 0.32)",막대·눈금이 1→1개뿐이라 규칙성을 잴 수 없다,,,,,,,,,,,,,,,,,
475,Fig. 2,ID475__fig2.png,GRID,140,ORPHAN,,,,,,,,,,,,,,,,,,,,"524,546,346,598",22,252,NO_PANEL_IN_REACH,0,left 58px share 0.54 reach 34 [gap] | overlap 0px share 0.54 reach 76,,,,,,,,,,,,,,,,,,,,,,,,,,,,,,,,,,,,,,,
475,Fig. 2,ID475__fig2.png,GRID,140,PIECE_RELATION,,,,,,,,,,,,,,,,,,,,"524,546,346,598",,,,,,NO_SELECTED_PANEL_DESCENDANT,0,0,,,CONTAINMENT,,,,,,,,,,,,,,,,,,,,,,,,,,,,,,,,,
475,Fig. 2,ID475__fig2.png,GRID,140,ORPHAN,,,,,,,,,,,,,,,,,,,,"634,797,910,924",163,14,NO_PANEL_IN_REACH,0,overlap 0px share 0.00 reach 34 [share] | right 39px share 0.00 reach 76 [share],,,,,,,,,,,,,,,,,,,,,,,,,,,,,,,,,,,,,,,
475,Fig. 2,ID475__fig2.png,GRID,140,PIECE_RELATION,,,,,,,,,,,,,,,,,,,,"634,797,910,924",,,,,,NO_SELECTED_PANEL_DESCENDANT,0,0,,,CONTAINMENT,,,,,,,,,,,,,,,,,,,,,,,,,,,,,,,,,
475,Fig. 2,ID475__fig2.png,GRID,140,ORPHAN,,,,,,,,,,,,,,,,,,,,"884,902,910,924",18,14,NO_PANEL_IN_REACH,0,overlap 0px share 0.00 reach 34 [share] | right 289px share 0.00 reach 76 [gap] [share],,,,,,,,,,,,,,,,,,,,,,,,,,,,,,,,,,,,,,,
475,Fig. 2,ID475__fig2.png,GRID,140,PIECE_RELATION,,,,,,,,,,,,,,,,,,,,"884,902,910,924",,,,,,NO_SELECTED_PANEL_DESCENDANT,0,0,,,CONTAINMENT,,,,,,,,,,,,,,,,,,,,,,,,,,,,,,,,,
475,Fig. 2,ID475__fig2.png,GRID,140,AXIS_CANDIDATES,,,,,,,,"103,314,28,322",105,,,,leftmost of 1 free runs,105:56-302:free,1,0,56-302,229,88.2,,,,,,,,,,,,,,,,,,,,,,,,,,,,,,,,,,,,,,,,,,,,,
475,Fig. 2,ID475__fig2.png,GRID,140,AXIS_FALLBACK,,,,,,,,"103,314,28,322",105,246,246,0.95,leftmost column whose run is >= 0.95 of the longest (246 px),105:246px;175:63px;174:63px;140:37px;280:36px;279:36px,,,,,,,,,,,,,,,,,,,,,,,,,,,,,,,,,,,,,,,,,,,,,,,,,,
475,Fig. 2,ID475__fig2.png,GRID,140,AXIS_CANDIDATES,,,,,,,,"103,297,332,620",105,,,,leftmost of 1 free runs,105:355-599:free,1,0,355-599,219,86.4,,,,,,,,,,,,,,,,,,,,,,,,,,,,,,,,,,,,,,,,,,,,,
475,Fig. 2,ID475__fig2.png,GRID,140,AXIS_FALLBACK,,,,,,,,"103,297,332,620",105,244,244,0.95,leftmost column whose run is >= 0.95 of the longest (244 px),105:244px;175:68px;174:68px;141:61px;140:61px;280:54px,,,,,,,,,,,,,,,,,,,,,,,,,,,,,,,,,,,,,,,,,,,,,,,,,,
475,Fig. 2,ID475__fig2.png,GRID,140,AXIS_CANDIDATES,,,,,,,,"103,299,652,924",105,,,,leftmost of 1 free runs,105:654-899:free,1,0,654-899,220,81.6,,,,,,,,,,,,,,,,,,,,,,,,,,,,,,,,,,,,,,,,,,,,,
475,Fig. 2,ID475__fig2.png,GRID,140,AXIS_FALLBACK,,,,,,,,"103,299,652,924",105,245,245,0.95,leftmost column whose run is >= 0.95 of the longest (245 px),105:245px;246:68px;141:54px;140:54px;279:52px;174:46px,,,,,,,,,,,,,,,,,,,,,,,,,,,,,,,,,,,,,,,,,,,,,,,,,,
475,Fig. 2,ID475__fig2.png,GRID,140,AXIS_CANDIDATES,,,,,,,,"336,402,776,924",351,,,,no free run; leftmost of 2 clipped,351:776-846:clipped;352:776-846:clipped,0,2,776-846,375,44.4,,,,,,,,,,,,,,,,,,,,,,,,,,,,,,,,,,,,,,,,,,,,,
475,Fig. 2,ID475__fig2.png,GRID,140,AXIS_FALLBACK,,,,,,,,"336,402,776,924",351,70,70,0.95,leftmost column whose run is >= 0.95 of the longest (70 px),352:70px;351:70px;353:23px;367:22px;366:22px;365:22px,,,,,,,,,,,,,,,,,,,,,,,,,,,,,,,,,,,,,,,,,,,,,,,,,,
475,Fig. 2,ID475__fig2.png,GRID,140,AXIS_CANDIDATES,,,,,,,,"626,904,156,258",747,,,,no free run; leftmost of 2 clipped,747:156-249:clipped;748:156-249:clipped,0,2,156-249,792,30.6,,,,,,,,,,,,,,,,,,,,,,,,,,,,,,,,,,,,,,,,,,,,,
475,Fig. 2,ID475__fig2.png,GRID,140,AXIS_FALLBACK,,,,,,,,"626,904,156,258",853,102,102,0.95,leftmost column whose run is >= 0.95 of the longest (102 px),853:102px;748:93px;747:93px;852:16px;869:15px;868:15px,,,,,,,,,,,,,,,,,,,,,,,,,,,,,,,,,,,,,,,,,,,,,,,,,,
475,Fig. 2,ID475__fig2.png,GRID,140,AXIS_CANDIDATES,,,,,,,,"618,904,308,476",641,,,,leftmost of 34 free runs,641:422-473:free;642:367-473:free;733:415-473:free;734:415-473:free;735:415-473:free;736:415-473:free;737:415-473:free;738:415-473:free;739:415-473:free;740:415-473:free;741:415-473:free;742:415-473:free;743:415-473:free;744:415-473:free;745:415-473:free;746:415-473:free;747:415-473:free;748:356-473:free;749:414-473:free;750:415-473:free;751:415-473:free;752:415-473:free;753:415-473:free;754:415-473:free;755:415-473:free;756:415-473:free;757:415-473:free;758:415-473:free;759:415-473:free;760:415-473:free;761:415-473:free;762:415-473:free;763:415-473:free;764:416-473:free,34,0,422-473,789,50.4,,,,,,,,,,,,,,,,,,,,,,,,,,,,,,,,,,,,,,,,,,,,,
475,Fig. 2,ID475__fig2.png,GRID,140,AXIS_FALLBACK,,,,,,,,"618,904,308,476",748,117,117,0.95,leftmost column whose run is >= 0.95 of the longest (117 px),748:117px;854:112px;853:112px;642:106px;749:59px;763:58px,,,,,,,,,,,,,,,,,,,,,,,,,,,,,,,,,,,,,,,,,,,,,,,,,,
475,Fig. 2,ID475__fig2.png,GRID,140,AXIS_CANDIDATES,,,,,,,,"635,904,476,617",675,,,,leftmost of 4 free runs,675:484-552:free;676:484-552:free;781:493-551:free;782:493-551:free,4,0,484-552,796,42.3,,,,,,,,,,,,,,,,,,,,,,,,,,,,,,,,,,,,,,,,,,,,,
475,Fig. 2,ID475__fig2.png,GRID,140,AXIS_FALLBACK,,,,,,,,"635,904,476,617",887,81,81,0.95,leftmost column whose run is >= 0.95 of the longest (81 px),888:81px;887:81px;676:68px;675:68px;782:58px;781:58px,,,,,,,,,,,,,,,,,,,,,,,,,,,,,,,,,,,,,,,,,,,,,,,,,,
475,Fig. 2,ID475__fig2.png,GRID,140,AXIS_CANDIDATES,,,,,,,,"618,904,617,765",675,,,,leftmost of 1 free runs,675:675-734:free;747:680-766:clipped;748:680-766:clipped,1,2,675-734,789,44.4,,,,,,,,,,,,,,,,,,,,,,,,,,,,,,,,,,,,,,,,,,,,,
475,Fig. 2,ID475__fig2.png,GRID,140,AXIS_FALLBACK,,,,,,,,"618,904,617,765",747,85,85,0.95,leftmost column whose run is >= 0.95 of the longest (85 px),748:85px;747:85px;887:66px;886:66px;675:59px;661:32px,,,,,,,,,,,,,,,,,,,,,,,,,,,,,,,,,,,,,,,,,,,,,,,,,,
475,Fig. 2,ID475__fig2.png,GRID,140,AXIS_CANDIDATES,,,,,,,,"618,904,765,924",781,,,,leftmost of 2 free runs,781:797-873:free;782:797-873:free;642:765-842:clipped,2,1,797-873,789,47.7,,,,,,,,,,,,,,,,,,,,,,,,,,,,,,,,,,,,,,,,,,,,,
475,Fig. 2,ID475__fig2.png,GRID,140,AXIS_FALLBACK,,,,,,,,"618,904,765,924",642,77,77,0.95,leftmost column whose run is >= 0.95 of the longest (77 px),642:77px;782:76px;781:76px;854:73px;853:73px;796:33px,,,,,,,,,,,,,,,,,,,,,,,,,,,,,,,,,,,,,,,,,,,,,,,,,,
475,Fig. 2,ID475__fig2.png,GRID,140,ORPHAN,,,,,,,,,,,,,,,,,,,,"231,299,702,924",68,222,NO_PANEL_IN_REACH,0,left 37px share 1.00 reach 34 [gap] | overlap 0px share 1.00 reach 74,,,,,,,,,,,,,,,,,,,,,,,,,,,,,,,,,,,,,,,
475,Fig. 2,ID475__fig2.png,GRID,140,PIECE_RELATION,,,,,,,,,,,,,,,,,,,,"231,299,702,924",,,,,,NO_SELECTED_PANEL_DESCENDANT,0,0,,,CONTAINMENT,,,,,,,,,,,,,,,,,,,,,,,,,,,,,,,,,
475,Fig. 2,ID475__fig2.png,GRID,140,AXIS_FALLBACK,,,,,,,,"103,299,652,924",105,245,245,0.95,leftmost column whose run is >= 0.95 of the longest (245 px),105:245px;246:68px;141:54px;140:54px;279:52px;174:46px,,,,,,,,,,,,,,,,,,,,,,,,,,,,,,,,,,,,,,,,,,,,,,,,,,
475,Fig. 2,ID475__fig2.png,GRID,140,AXIS_FALLBACK,,,,,,,,"103,299,652,924",105,245,245,0.95,leftmost column whose run is >= 0.95 of the longest (245 px),105:245px;246:68px;141:54px;140:54px;279:52px;174:46px,,,,,,,,,,,,,,,,,,,,,,,,,,,,,,,,,,,,,,,,,,,,,,,,,,
475,Fig. 2,ID475__fig2.png,GRID,140,AXIS_FALLBACK,,,,,,,,"103,299,652,924",105,245,245,0.95,leftmost column whose run is >= 0.95 of the longest (245 px),105:245px;246:68px;141:54px;140:54px;279:52px;174:46px,,,,,,,,,,,,,,,,,,,,,,,,,,,,,,,,,,,,,,,,,,,,,,,,,,
475,Fig. 2,ID475__fig2.png,GRID,140,ORPHAN,,,,37,,,,,,,,,,,,,,,,"336,402,690,846",66,156,OFFERED,,,,,,,,,"103,299,652,924",,right,,,,,,,,,,,,,,74,,,,,,,,,,,,,,,,
475,Fig. 2,ID475__fig2.png,GRID,140,GATE,,,,37,,,,,,,,,,,,,,,,"336,402,690,846",,,,,,,,,,,,"103,299,652,924",,right,True,O,O,-,X,O,-,,,,,,,,,,,,,,,,,,,,,,,
475,Fig. 2,ID475__fig2.png,GRID,140,GATE_WHY,,,,,,,,,,,,,,,,,,,,"336,402,690,846",,,,,,,,,,,,"103,299,652,924",,,,,,,,,,"축 없음, 잉크 0.105","행 겹침 1.00, 패널 행 652-924, 조각 690-846",이 클립에서 캡션을 읽지 못했다,"건너는 간격 75 px, 패널 내부의 가장 큰 간격 74 px","밑변에 선 열 0.00, 축 범위 안 잉크 1.00 (교집합 1.00)",막대·눈금이 2→3개뿐이라 규칙성을 잴 수 없다,,,,,,,,,,,,,,,,,
475,Fig. 2,ID475__fig2.png,GRID,140,POST,,,,,,,,,,,,,,,,,,,,"336,402,690,846",,,WOULD_CONTAIN_ANOTHER_PANEL,,,,,,,,,"103,299,652,924",,,,,,,,,,,,,,,,,"103,402,652,924",,,,,,,,,,,,,,,
475,Fig. 2,ID475__fig2.png,GRID,140,AXIS_FALLBACK,,,,,,,,"103,299,652,924",105,245,245,0.95,leftmost column whose run is >= 0.95 of the longest (245 px),105:245px;246:68px;141:54px;140:54px;279:52px;174:46px,,,,,,,,,,,,,,,,,,,,,,,,,,,,,,,,,,,,,,,,,,,,,,,,,,
475,Fig. 2,ID475__fig2.png,GRID,140,AXIS_FALLBACK,,,,,,,,"103,299,652,924",105,245,245,0.95,leftmost column whose run is >= 0.95 of the longest (245 px),105:245px;246:68px;141:54px;140:54px;279:52px;174:46px,,,,,,,,,,,,,,,,,,,,,,,,,,,,,,,,,,,,,,,,,,,,,,,,,,
475,Fig. 2,ID475__fig2.png,GRID,140,AXIS_FALLBACK,,,,,,,,"103,299,652,924",105,245,245,0.95,leftmost column whose run is >= 0.95 of the longest (245 px),105:245px;246:68px;141:54px;140:54px;279:52px;174:46px,,,,,,,,,,,,,,,,,,,,,,,,,,,,,,,,,,,,,,,,,,,,,,,,,,
475,Fig. 2,ID475__fig2.png,GRID,140,ORPHAN,,,,70,,,,,,,,,,,,,,,,"369,401,910,924",32,14,OFFERED,,,,,,,,,"103,299,652,924",,right,,,,,,,,,,,,,,74,,,,,,,,,,,,,,,,
475,Fig. 2,ID475__fig2.png,GRID,140,GATE,,,,70,,,,,,,,,,,,,,,,"369,401,910,924",,,,,,,,,,,,"103,299,652,924",,right,True,O,O,-,X,O,-,,,,,,,,,,,,,,,,,,,,,,,
475,Fig. 2,ID475__fig2.png,GRID,140,GATE_WHY,,,,,,,,,,,,,,,,,,,,"369,401,910,924",,,,,,,,,,,,"103,299,652,924",,,,,,,,,,"축 없음, 잉크 0.446","행 겹침 1.00, 패널 행 652-924, 조각 910-924",이 클립에서 캡션을 읽지 못했다,밑변 행 786에 조각 쪽 잉크가 없다,"밑변에 선 열 0.00, 축 범위 안 잉크 1.20 (교집합 0.00)",막대·눈금이 2→3개뿐이라 규칙성을 잴 수 없다,,,,,,,,,,,,,,,,,
475,Fig. 2,ID475__fig2.png,GRID,140,POST,,,,,,,,,,,,,,,,,,,,"369,401,910,924",,,WOULD_CONTAIN_ANOTHER_PANEL,,,,,,,,,"103,299,652,924",,,,,,,,,,,,,,,,,"103,401,652,924",,,,,,,,,,,,,,,
475,Fig. 2,ID475__fig2.png,GRID,140,ORPHAN,,,,,,,,,,,,,,,,,,,,"533,554,60,301",21,241,NO_PANEL_IN_REACH,0,left 72px share 1.00 reach 39 [gap] | right 219px share 1.00 reach 34 [gap],,,,,,,,,,,,,,,,,,,,,,,,,,,,,,,,,,,,,,,
475,Fig. 2,ID475__fig2.png,GRID,140,PIECE_RELATION,,,,,,,,,,,,,,,,,,,,"533,554,60,301",,,,,,OPPOSITE_HALF_UNIQUE_PANEL,1,0,"626,904,156,258",,CONTAINMENT,,,,,,,,,,,,,,,,,,,,,,,,,,,,,,,,,
475,Fig. 2,ID475__fig2.png,GRID,140,AXIS_FALLBACK,,,,,,,,"626,904,156,258",853,102,102,0.95,leftmost column whose run is >= 0.95 of the longest (102 px),853:102px;748:93px;747:93px;852:16px;869:15px;868:15px,,,,,,,,,,,,,,,,,,,,,,,,,,,,,,,,,,,,,,,,,,,,,,,,,,
475,Fig. 2,ID475__fig2.png,GRID,140,AXIS_FALLBACK,,,,,,,,"626,904,156,258",853,102,102,0.95,leftmost column whose run is >= 0.95 of the longest (102 px),853:102px;748:93px;747:93px;852:16px;869:15px;868:15px,,,,,,,,,,,,,,,,,,,,,,,,,,,,,,,,,,,,,,,,,,,,,,,,,,
475,Fig. 2,ID475__fig2.png,GRID,140,AXIS_FALLBACK,,,,,,,,"626,904,156,258",853,102,102,0.95,leftmost column whose run is >= 0.95 of the longest (102 px),853:102px;748:93px;747:93px;852:16px;869:15px;868:15px,,,,,,,,,,,,,,,,,,,,,,,,,,,,,,,,,,,,,,,,,,,,,,,,,,
475,Fig. 2,ID475__fig2.png,GRID,140,GATE_SHADOW,9,,,,18,,,,,,,,,,,,,,,"533,554,60,301",,,,,,,,,,,,"626,904,156,258",col,left,False,O,X,-,X,X,-,,,,,,,,,,,,,,,,,,,,,,,
475,Fig. 2,ID475__fig2.png,GRID,140,GATE_SHADOW_WHY,,,,,,,,,,,,,,,,,,,,"533,554,60,301",,,,,,,,,,,,"626,904,156,258",,,,,,,,,,"축 없음, 잉크 0.256","행 겹침 1.00, 패널 행 156-258, 조각 60-301",이 클립에서 캡션을 읽지 못했다,"건너는 간격 197 px, 패널 내부의 가장 큰 간격 39 px","밑변에 선 열 0.00, 축 범위 안 잉크 0.43 (교집합 0.43)",막대·눈금이 0→0개뿐이라 규칙성을 잴 수 없다,,,,,,,,,,,,,,,,,
475,Fig. 2,ID475__fig2.png,GRID,140,ORPHAN,,,,,,,,,,,,,,,,,,,,"524,546,346,598",22,252,NO_PANEL_IN_REACH,0,left 89px share 0.87 reach 74 [gap] | right 227px share 1.00 reach 34 [gap],,,,,,,,,,,,,,,,,,,,,,,,,,,,,,,,,,,,,,,
475,Fig. 2,ID475__fig2.png,GRID,140,PIECE_RELATION,,,,,,,,,,,,,,,,,,,,"524,546,346,598",,,,,,OPPOSITE_HALF_UNIQUE_PANEL,1,0,"635,904,476,617",,CONTAINMENT,,,,,,,,,,,,,,,,,,,,,,,,,,,,,,,,,
475,Fig. 2,ID475__fig2.png,GRID,140,AXIS_FALLBACK,,,,,,,,"635,904,476,617",887,81,81,0.95,leftmost column whose run is >= 0.95 of the longest (81 px),888:81px;887:81px;676:68px;675:68px;782:58px;781:58px,,,,,,,,,,,,,,,,,,,,,,,,,,,,,,,,,,,,,,,,,,,,,,,,,,
475,Fig. 2,ID475__fig2.png,GRID,140,AXIS_FALLBACK,,,,,,,,"635,904,476,617",887,81,81,0.95,leftmost column whose run is >= 0.95 of the longest (81 px),888:81px;887:81px;676:68px;675:68px;782:58px;781:58px,,,,,,,,,,,,,,,,,,,,,,,,,,,,,,,,,,,,,,,,,,,,,,,,,,
475,Fig. 2,ID475__fig2.png,GRID,140,AXIS_FALLBACK,,,,,,,,"635,904,476,617",887,81,81,0.95,leftmost column whose run is >= 0.95 of the longest (81 px),888:81px;887:81px;676:68px;675:68px;782:58px;781:58px,,,,,,,,,,,,,,,,,,,,,,,,,,,,,,,,,,,,,,,,,,,,,,,,,,
475,Fig. 2,ID475__fig2.png,GRID,140,GATE_SHADOW,10,,,,16,,,,,,,,,,,,,,,"524,546,346,598",,,,,,,,,,,,"635,904,476,617",col,left,False,O,X,-,X,X,-,,,,,,,,,,,,,,,,,,,,,,,
475,Fig. 2,ID475__fig2.png,GRID,140,GATE_SHADOW_WHY,,,,,,,,,,,,,,,,,,,,"524,546,346,598",,,,,,,,,,,,"635,904,476,617",,,,,,,,,,"축 없음, 잉크 0.253","행 겹침 0.87, 패널 행 476-617, 조각 346-598",이 클립에서 캡션을 읽지 못했다,"건너는 간격 150 px, 패널 내부의 가장 큰 간격 74 px","밑변에 선 열 0.00, 축 범위 안 잉크 0.32 (교집합 0.32)",막대·눈금이 0→0개뿐이라 규칙성을 잴 수 없다,,,,,,,,,,,,,,,,,
475,Fig. 2,ID475__fig2.png,GRID,140,ORPHAN,,,,,,,,,,,,,,,,,,,,"634,797,910,924",163,14,NO_PANEL_IN_REACH,0,overlap 0px share 1.00 reach 34 | right 335px share 1.00 reach 74 [gap],,,,,,,,,,,,,,,,,,,,,,,,,,,,,,,,,,,,,,,
475,Fig. 2,ID475__fig2.png,GRID,140,PIECE_RELATION,,,,,,,,,,,,,,,,,,,,"634,797,910,924",,,,,,NO_SELECTED_PANEL_DESCENDANT,0,0,,,CONTAINMENT,,,,,,,,,,,,,,,,,,,,,,,,,,,,,,,,,
475,Fig. 2,ID475__fig2.png,GRID,140,ORPHAN,,,,,,,,,,,,,,,,,,,,"884,902,910,924",18,14,NO_PANEL_IN_REACH,0,overlap 0px share 1.00 reach 34 | right 585px share 1.00 reach 74 [gap],,,,,,,,,,,,,,,,,,,,,,,,,,,,,,,,,,,,,,,
475,Fig. 2,ID475__fig2.png,GRID,140,PIECE_RELATION,,,,,,,,,,,,,,,,,,,,"884,902,910,924",,,,,,NO_SELECTED_PANEL_DESCENDANT,0,0,,,CONTAINMENT,,,,,,,,,,,,,,,,,,,,,,,,,,,,,,,,,
475,Fig. 2,ID475__fig2.png,GRID,140,AXIS_FALLBACK,,,,,,,,"103,595,158,482",105,144,144,0.95,leftmost column whose run is >= 0.95 of the longest (144 px),105:144px;141:61px;140:61px;352:51px;247:45px;246:45px,,,,,,,,,,,,,,,,,,,,,,,,,,,,,,,,,,,,,,,,,,,,,,,,,,
475,Fig. 2,ID475__fig2.png,GRID,140,AXIS_FALLBACK,,,,,,,,"103,596,480,771",105,119,119,0.95,leftmost column whose run is >= 0.95 of the longest (119 px),105:119px;175:68px;174:68px;280:54px;279:54px;386:48px,,,,,,,,,,,,,,,,,,,,,,,,,,,,,,,,,,,,,,,,,,,,,,,,,,
475,Fig. 2,ID475__fig2.png,GRID,140,AXIS_FALLBACK,,,,,,,,"604,957,158,482",607,145,145,0.95,leftmost column whose run is >= 0.95 of the longest (145 px),607:145px;748:117px;854:112px;853:112px;642:106px;747:91px,,,,,,,,,,,,,,,,,,,,,,,,,,,,,,,,,,,,,,,,,,,,,,,,,,
475,Fig. 2,ID475__fig2.png,GRID,140,AXIS_FALLBACK,,,,,,,,"604,904,480,771",606,128,128,0.95,leftmost column whose run is >= 0.95 of the longest (128 px),606:128px;607:114px;748:86px;747:86px;888:81px;887:81px,,,,,,,,,,,,,,,,,,,,,,,,,,,,,,,,,,,,,,,,,,,,,,,,,,
475,Fig. 2,ID475__fig2.png,GRID,140,AXIS_FALLBACK,,,,,,,,"103,595,28,160",105,104,104,0.95,leftmost column whose run is >= 0.95 of the longest (104 px),105:104px;175:63px;174:63px;352:37px;351:37px;140:37px,,,,,,,,,,,,,,,,,,,,,,,,,,,,,,,,,,,,,,,,,,,,,,,,,,
475,Fig. 2,ID475__fig2.png,GRID,140,AXIS_FALLBACK,,,,,,,,"604,904,33,160",607,102,102,0.95,leftmost column whose run is >= 0.95 of the longest (102 px),607:102px;642:78px;641:78px;888:33px;887:33px;675:30px,,,,,,,,,,,,,,,,,,,,,,,,,,,,,,,,,,,,,,,,,,,,,,,,,,
475,Fig. 2,ID475__fig2.png,GRID,140,AXIS_FALLBACK,,,,,,,,"103,314,28,322",105,246,246,0.95,leftmost column whose run is >= 0.95 of the longest (246 px),105:246px;175:63px;174:63px;140:37px;280:36px;279:36px,,,,,,,,,,,,,,,,,,,,,,,,,,,,,,,,,,,,,,,,,,,,,,,,,,
475,Fig. 2,ID475__fig2.png,GRID,140,AXIS_FALLBACK,,,,,,,,"103,297,332,620",105,244,244,0.95,leftmost column whose run is >= 0.95 of the longest (244 px),105:244px;175:68px;174:68px;141:61px;140:61px;280:54px,,,,,,,,,,,,,,,,,,,,,,,,,,,,,,,,,,,,,,,,,,,,,,,,,,
475,Fig. 2,ID475__fig2.png,GRID,140,AXIS_FALLBACK,,,,,,,,"103,299,652,924",105,245,245,0.95,leftmost column whose run is >= 0.95 of the longest (245 px),105:245px;246:68px;141:54px;140:54px;279:52px;174:46px,,,,,,,,,,,,,,,,,,,,,,,,,,,,,,,,,,,,,,,,,,,,,,,,,,
475,Fig. 2,ID475__fig2.png,GRID,140,AXIS_FALLBACK,,,,,,,,"336,402,776,924",351,70,70,0.95,leftmost column whose run is >= 0.95 of the longest (70 px),352:70px;351:70px;353:23px;367:22px;366:22px;365:22px,,,,,,,,,,,,,,,,,,,,,,,,,,,,,,,,,,,,,,,,,,,,,,,,,,
475,Fig. 2,ID475__fig2.png,GRID,140,AXIS_FALLBACK,,,,,,,,"626,904,156,258",853,102,102,0.95,leftmost column whose run is >= 0.95 of the longest (102 px),853:102px;748:93px;747:93px;852:16px;869:15px;868:15px,,,,,,,,,,,,,,,,,,,,,,,,,,,,,,,,,,,,,,,,,,,,,,,,,,
475,Fig. 2,ID475__fig2.png,GRID,140,AXIS_FALLBACK,,,,,,,,"618,904,308,476",748,117,117,0.95,leftmost column whose run is >= 0.95 of the longest (117 px),748:117px;854:112px;853:112px;642:106px;749:59px;763:58px,,,,,,,,,,,,,,,,,,,,,,,,,,,,,,,,,,,,,,,,,,,,,,,,,,
475,Fig. 2,ID475__fig2.png,GRID,140,AXIS_FALLBACK,,,,,,,,"635,904,476,617",887,81,81,0.95,leftmost column whose run is >= 0.95 of the longest (81 px),888:81px;887:81px;676:68px;675:68px;782:58px;781:58px,,,,,,,,,,,,,,,,,,,,,,,,,,,,,,,,,,,,,,,,,,,,,,,,,,
475,Fig. 2,ID475__fig2.png,GRID,140,AXIS_FALLBACK,,,,,,,,"618,904,617,765",747,85,85,0.95,leftmost column whose run is >= 0.95 of the longest (85 px),748:85px;747:85px;887:66px;886:66px;675:59px;661:32px,,,,,,,,,,,,,,,,,,,,,,,,,,,,,,,,,,,,,,,,,,,,,,,,,,
475,Fig. 2,ID475__fig2.png,GRID,140,AXIS_FALLBACK,,,,,,,,"618,904,765,924",642,77,77,0.95,leftmost column whose run is >= 0.95 of the longest (77 px),642:77px;782:76px;781:76px;854:73px;853:73px;796:33px,,,,,,,,,,,,,,,,,,,,,,,,,,,,,,,,,,,,,,,,,,,,,,,,,,
475,Fig. 2,ID475__fig2.png,GRID,140,AXIS_FALLBACK,,,,,,,,"103,595,54,482",105,246,246,0.95,leftmost column whose run is >= 0.95 of the longest (246 px),105:246px;175:63px;174:63px;141:61px;140:61px;352:51px,,,,,,,,,,,,,,,,,,,,,,,,,,,,,,,,,,,,,,,,,,,,,,,,,,
475,Fig. 2,ID475__fig2.png,GRID,140,AXIS_CANDIDATES,,,,,,,,"103,595,54,482",105,,,,leftmost of 1 free runs,105:56-302:free,1,0,56-302,398,128.4,,,,,,,,,,,,,,,,,,,,,,,,,,,,,,,,,,,,,,,,,,,,,
475,Fig. 2,ID475__fig2.png,GRID,140,AXIS_FALLBACK,,,,,,,,"103,596,353,771",105,244,244,0.95,leftmost column whose run is >= 0.95 of the longest (244 px),105:244px;175:68px;174:68px;141:61px;140:61px;280:54px,,,,,,,,,,,,,,,,,,,,,,,,,,,,,,,,,,,,,,,,,,,,,,,,,,
475,Fig. 2,ID475__fig2.png,GRID,140,AXIS_CANDIDATES,,,,,,,,"103,596,353,771",105,,,,leftmost of 1 free runs,105:355-599:free,1,0,355-599,398,125.4,,,,,,,,,,,,,,,,,,,,,,,,,,,,,,,,,,,,,,,,,,,,,
475,Fig. 2,ID475__fig2.png,GRID,140,AXIS_FALLBACK,,,,,,,,"604,957,56,482",607,245,245,0.95,leftmost column whose run is >= 0.95 of the longest (245 px),607:245px;748:117px;854:112px;853:112px;642:106px;747:93px,,,,,,,,,,,,,,,,,,,,,,,,,,,,,,,,,,,,,,,,,,,,,,,,,,
475,Fig. 2,ID475__fig2.png,GRID,140,AXIS_CANDIDATES,,,,,,,,"604,957,56,482",607,,,,leftmost of 1 free runs,607:58-303:free;607:349-594:clipped,1,1,58-303,815,127.8,,,,,,,,,,,,,,,,,,,,,,,,,,,,,,,,,,,,,,,,,,,,,
475,Fig. 2,ID475__fig2.png,GRID,140,AXIS_FALLBACK,,,,,,,,"103,595,28,304",105,246,246,0.95,leftmost column whose run is >= 0.95 of the longest (246 px),105:246px;175:63px;174:63px;352:37px;351:37px;140:37px,,,,,,,,,,,,,,,,,,,,,,,,,,,,,,,,,,,,,,,,,,,,,,,,,,
475,Fig. 2,ID475__fig2.png,GRID,140,AXIS_CANDIDATES,,,,,,,,"103,595,28,304",105,,,,leftmost of 1 free runs,105:56-302:free,1,0,56-302,398,82.8,,,,,,,,,,,,,,,,,,,,,,,,,,,,,,,,,,,,,,,,,,,,,
475,Fig. 2,ID475__fig2.png,GRID,140,AXIS_FALLBACK,,,,,,,,"604,904,480,890",606,245,245,0.95,leftmost column whose run is >= 0.95 of the longest (245 px),606:245px;607:114px;748:86px;747:86px;888:81px;887:81px,,,,,,,,,,,,,,,,,,,,,,,,,,,,,,,,,,,,,,,,,,,,,,,,,,
475,Fig. 2,ID475__fig2.png,GRID,140,AXIS_CANDIDATES,,,,,,,,"604,904,480,890",606,,,,leftmost of 1 free runs,606:643-888:free,1,0,643-888,784,123.0,,,,,,,,,,,,,,,,,,,,,,,,,,,,,,,,,,,,,,,,,,,,,
475,Fig. 2,ID475__fig2.png,GRID,140,AXIS_FALLBACK,,,,,,,,"103,595,28,160",105,104,104,0.95,leftmost column whose run is >= 0.95 of the longest (104 px),105:104px;175:63px;174:63px;352:37px;351:37px;140:37px,,,,,,,,,,,,,,,,,,,,,,,,,,,,,,,,,,,,,,,,,,,,,,,,,,
475,Fig. 2,ID475__fig2.png,GRID,140,AXIS_CANDIDATES,,,,,,,,"103,595,28,160",174,,,,leftmost of 2 free runs,174:69-132:free;175:69-132:free;105:56-302:clipped,2,1,69-132,398,39.6,,,,,,,,,,,,,,,,,,,,,,,,,,,,,,,,,,,,,,,,,,,,,
475,Fig. 2,ID475__fig2.png,GRID,140,AXIS_FALLBACK,,,,,,,,"618,904,308,476",748,117,117,0.95,leftmost column whose run is >= 0.95 of the longest (117 px),748:117px;854:112px;853:112px;642:106px;749:59px;763:58px,,,,,,,,,,,,,,,,,,,,,,,,,,,,,,,,,,,,,,,,,,,,,,,,,,
475,Fig. 2,ID475__fig2.png,GRID,140,AXIS_CANDIDATES,,,,,,,,"618,904,308,476",641,,,,leftmost of 34 free runs,641:422-473:free;642:367-473:free;733:415-473:free;734:415-473:free;735:415-473:free;736:415-473:free;737:415-473:free;738:415-473:free;739:415-473:free;740:415-473:free;741:415-473:free;742:415-473:free;743:415-473:free;744:415-473:free;745:415-473:free;746:415-473:free;747:415-473:free;748:356-473:free;749:414-473:free;750:415-473:free;751:415-473:free;752:415-473:free;753:415-473:free;754:415-473:free;755:415-473:free;756:415-473:free;757:415-473:free;758:415-473:free;759:415-473:free;760:415-473:free;761:415-473:free;762:415-473:free;763:415-473:free;764:416-473:free,34,0,422-473,789,50.4,,,,,,,,,,,,,,,,,,,,,,,,,,,,,,,,,,,,,,,,,,,,,
475,Fig. 2,ID475__fig2.png,GRID,140,AXIS_FALLBACK,,,,,,,,"618,904,765,924",642,77,77,0.95,leftmost column whose run is >= 0.95 of the longest (77 px),642:77px;782:76px;781:76px;854:73px;853:73px;796:33px,,,,,,,,,,,,,,,,,,,,,,,,,,,,,,,,,,,,,,,,,,,,,,,,,,
475,Fig. 2,ID475__fig2.png,GRID,140,AXIS_CANDIDATES,,,,,,,,"618,904,765,924",781,,,,leftmost of 2 free runs,781:797-873:free;782:797-873:free;642:765-842:clipped,2,1,797-873,789,47.7,,,,,,,,,,,,,,,,,,,,,,,,,,,,,,,,,,,,,,,,,,,,,
475,Fig. 2,ID475__fig2.png,GRID,140,AXIS_FALLBACK,,,,,,,,"604,904,33,305",607,245,245,0.95,leftmost column whose run is >= 0.95 of the longest (245 px),607:245px;853:102px;748:93px;747:93px;642:78px;641:78px,,,,,,,,,,,,,,,,,,,,,,,,,,,,,,,,,,,,,,,,,,,,,,,,,,
475,Fig. 2,ID475__fig2.png,GRID,140,AXIS_CANDIDATES,,,,,,,,"604,904,33,305",607,,,,leftmost of 3 free runs,607:58-303:free;747:156-249:free;748:156-249:free,3,0,58-303,784,81.6,,,,,,,,,,,,,,,,,,,,,,,,,,,,,,,,,,,,,,,,,,,,,
475,Fig. 2,ID475__fig2.png,GRID,140,AXIS_FALLBACK,,,,,,,,"618,904,617,765",747,85,85,0.95,leftmost column whose run is >= 0.95 of the longest (85 px),748:85px;747:85px;887:66px;886:66px;675:59px;661:32px,,,,,,,,,,,,,,,,,,,,,,,,,,,,,,,,,,,,,,,,,,,,,,,,,,
475,Fig. 2,ID475__fig2.png,GRID,140,AXIS_CANDIDATES,,,,,,,,"618,904,617,765",675,,,,leftmost of 1 free runs,675:675-734:free;747:680-766:clipped;748:680-766:clipped,1,2,675-734,789,44.4,,,,,,,,,,,,,,,,,,,,,,,,,,,,,,,,,,,,,,,,,,,,,
475,Fig. 2,ID475__fig2.png,GRID,140,AXIS_FALLBACK,,,,,,,,"604,904,33,160",607,102,102,0.95,leftmost column whose run is >= 0.95 of the longest (102 px),607:102px;642:78px;641:78px;888:33px;887:33px;675:30px,,,,,,,,,,,,,,,,,,,,,,,,,,,,,,,,,,,,,,,,,,,,,,,,,,
475,Fig. 2,ID475__fig2.png,GRID,140,AXIS_CANDIDATES,,,,,,,,"604,904,33,160",641,,,,leftmost of 2 free runs,641:79-157:free;642:79-157:free;607:58-303:clipped,2,1,79-157,784,38.1,,,,,,,,,,,,,,,,,,,,,,,,,,,,,,,,,,,,,,,,,,,,,
475,Fig. 2,ID475__fig2.png,GRID,140,AXIS_FALLBACK,,,,,,,,"635,904,476,617",887,81,81,0.95,leftmost column whose run is >= 0.95 of the longest (81 px),888:81px;887:81px;676:68px;675:68px;782:58px;781:58px,,,,,,,,,,,,,,,,,,,,,,,,,,,,,,,,,,,,,,,,,,,,,,,,,,
475,Fig. 2,ID475__fig2.png,GRID,140,AXIS_CANDIDATES,,,,,,,,"635,904,476,617",675,,,,leftmost of 4 free runs,675:484-552:free;676:484-552:free;781:493-551:free;782:493-551:free,4,0,484-552,796,42.3,,,,,,,,,,,,,,,,,,,,,,,,,,,,,,,,,,,,,,,,,,,,,
475,Fig. 2,ID475__fig2.png,GRID,140,AXIS_FALLBACK,,,,,,,,"626,904,156,258",853,102,102,0.95,leftmost column whose run is >= 0.95 of the longest (102 px),853:102px;748:93px;747:93px;852:16px;869:15px;868:15px,,,,,,,,,,,,,,,,,,,,,,,,,,,,,,,,,,,,,,,,,,,,,,,,,,
475,Fig. 2,ID475__fig2.png,GRID,140,AXIS_CANDIDATES,,,,,,,,"626,904,156,258",747,,,,no free run; leftmost of 2 clipped,747:156-249:clipped;748:156-249:clipped,0,2,156-249,792,30.6,,,,,,,,,,,,,,,,,,,,,,,,,,,,,,,,,,,,,,,,,,,,,
475,Fig. 2,ID475__fig2.png,GRID,140,AXIS_FALLBACK,,,,,,,,"336,402,776,924",351,70,70,0.95,leftmost column whose run is >= 0.95 of the longest (70 px),352:70px;351:70px;353:23px;367:22px;366:22px;365:22px,,,,,,,,,,,,,,,,,,,,,,,,,,,,,,,,,,,,,,,,,,,,,,,,,,
475,Fig. 2,ID475__fig2.png,GRID,140,AXIS_CANDIDATES,,,,,,,,"336,402,776,924",351,,,,no free run; leftmost of 2 clipped,351:776-846:clipped;352:776-846:clipped,0,2,776-846,375,44.4,,,,,,,,,,,,,,,,,,,,,,,,,,,,,,,,,,,,,,,,,,,,,
475,Fig. 2,ID475__fig2.png,PLAIN,140,SELECTED_PASS,,,,,,,,,,,,,,,,,,,,,,,,,,,,,,,,,,,,,,,,,,,,,,,,,,"(1, 0, 6, -6)",6,,,,,,,,,,,,,
475,Fig. 2,ID475__fig2.png,PLAIN,140,SELECTED,,,,,,,,"31,403,28,322",,,,,,,,,,,,,,,,,,,,,,,,P01,,,,,,,,,,,,,,,,,,,,,,,,AXIS_ATTESTED,anchor,105,154,LADDER_OK,6,1,,
475,Fig. 2,ID475__fig2.png,PLAIN,140,SELECTED,,,,,,,,"533,904,33,322",,,,,,,,,,,,,,,,,,,,,,,,P02,,,,,,,,,,,,,,,,,,,,,,,,AXIS_ATTESTED,anchor,607,155,LADDER_OK,6,1,,ADOPTED_ORPHAN
475,Fig. 2,ID475__fig2.png,PLAIN,140,SELECTED,,,,,,,,"22,403,332,620",,,,,,,,,,,,,,,,,,,,,,,,P03,,,,,,,,,,,,,,,,,,,,,,,,AXIS_ATTESTED,anchor,105,476,LADDER_OK,7,2,,
475,Fig. 2,ID475__fig2.png,PLAIN,140,SELECTED,,,,,,,,"524,957,332,620",,,,,,,,,,,,,,,,,,,,,,,,P04,,,,,,,,,,,,,,,,,,,,,,,,AXIS_ATTESTED,anchor,607,472,LADDER_OK,6,3,,ADOPTED_ORPHAN
475,Fig. 2,ID475__fig2.png,PLAIN,140,SELECTED,,,,,,,,"538,904,638,892",,,,,,,,,,,,,,,,,,,,,,,,P05,,,,,,,,,,,,,,,,,,,,,,,,AXIS_ATTESTED,anchor,606,765,LADDER_OK,9,1,,
475,Fig. 2,ID475__fig2.png,PLAIN,140,SELECTED,,,,,,,,"103,402,652,924",,,,,,,,,,,,,,,,,,,,,,,,P06,,,,,,,,,,,,,,,,,,,,,,,,AXIS_ATTESTED,anchor,105,786,LADDER_OK,9,3,,ADOPTED_ORPHAN
