pid,fig,png,mode,ink,kind,box,selected_x,run_len,longest,tie,reason,candidates,n_free,n_clipped,selected_run,search_to,need_overlap,orphan,w,h,outcome,n_candidates,nearest,panel,side,gap,reach,accepted,c_data_no_axis,c_rows,c_caption,c_baseline,c_coords,c_regular,why_data_no_axis,why_rows,why_caption,why_baseline,why_coords,why_regular,grown,candidate_x,boundary,run,chosen,baseline_y,n_labels,ladder_ok,resid_px,spacing_cv,detail,score,n_rows,axis_status,axis_from,spine_x,status,n_bars,fragment,source,rule,measured,threshold
475,Fig. 1,ID475__fig1.png,OFF,140,AXIS_FALLBACK,"428,500,834,951",444,117,117,0.95,leftmost column whose run is >= 0.95 of the longest (117 px),445:117px;444:117px;482:63px;481:63px;461:27px;460:27px,,,,,,,,,,,,,,,,,,,,,,,,,,,,,,,,,,,,,,,,,,,,,,,,,,,
475,Fig. 1,ID475__fig1.png,OFF,140,AXIS_FALLBACK,"609,967,31,301",645,238,238,0.95,leftmost column whose run is >= 0.95 of the longest (238 px),645:238px;798:74px;797:74px;913:65px;912:65px;684:64px,,,,,,,,,,,,,,,,,,,,,,,,,,,,,,,,,,,,,,,,,,,,,,,,,,,
475,Fig. 1,ID475__fig1.png,OFF,140,AXIS_FALLBACK,"428,500,510,664",445,120,120,0.95,leftmost column whose run is >= 0.95 of the longest (120 px),446:120px;445:120px;499:63px;482:63px;481:63px;466:63px,,,,,,,,,,,,,,,,,,,,,,,,,,,,,,,,,,,,,,,,,,,,,,,,,,,
475,Fig. 1,ID475__fig1.png,OFF,140,AXIS_FALLBACK,"428,500,510,664",445,120,120,0.95,leftmost column whose run is >= 0.95 of the longest (120 px),446:120px;445:120px;499:63px;482:63px;481:63px;466:63px,,,,,,,,,,,,,,,,,,,,,,,,,,,,,,,,,,,,,,,,,,,,,,,,,,,
475,Fig. 1,ID475__fig1.png,OFF,140,AXIS_FALLBACK,"428,500,834,951",444,117,117,0.95,leftmost column whose run is >= 0.95 of the longest (117 px),445:117px;444:117px;482:63px;481:63px;461:27px;460:27px,,,,,,,,,,,,,,,,,,,,,,,,,,,,,,,,,,,,,,,,,,,,,,,,,,,
475,Fig. 1,ID475__fig1.png,OFF,140,AXIS_FALLBACK,"609,967,31,301",645,238,238,0.95,leftmost column whose run is >= 0.95 of the longest (238 px),645:238px;798:74px;797:74px;913:65px;912:65px;684:64px,,,,,,,,,,,,,,,,,,,,,,,,,,,,,,,,,,,,,,,,,,,,,,,,,,,
475,Fig. 1,ID475__fig1.png,OFF,140,AXIS_FALLBACK,"612,967,403,619",678,106,111,0.95,leftmost column whose run is >= 0.95 of the longest (111 px),912:111px;911:111px;796:108px;795:108px;678:106px;679:105px,,,,,,,,,,,,,,,,,,,,,,,,,,,,,,,,,,,,,,,,,,,,,,,,,,,
475,Fig. 1,ID475__fig1.png,OFF,140,AXIS_FALLBACK,"609,967,738,938",679,102,103,0.95,leftmost column whose run is >= 0.95 of the longest (103 px),797:103px;796:103px;680:102px;679:102px;914:99px;913:99px,,,,,,,,,,,,,,,,,,,,,,,,,,,,,,,,,,,,,,,,,,,,,,,,,,,
475,Fig. 1,ID475__fig1.png,OFF,140,AXIS_CANDIDATES,"609,967,31,301",645,,,,no free run; leftmost of 1 clipped,645:63-327:clipped,0,1,63-327,823,81.0,,,,,,,,,,,,,,,,,,,,,,,,,,,,,,,,,,,,,,,,,,,,,,
475,Fig. 1,ID475__fig1.png,OFF,140,AXIS_FALLBACK,"609,967,31,301",645,238,238,0.95,leftmost column whose run is >= 0.95 of the longest (238 px),645:238px;798:74px;797:74px;913:65px;912:65px;684:64px,,,,,,,,,,,,,,,,,,,,,,,,,,,,,,,,,,,,,,,,,,,,,,,,,,,
475,Fig. 1,ID475__fig1.png,OFF,140,AXIS_CANDIDATES,"428,500,834,951",444,,,,no free run; leftmost of 2 clipped,444:834-951:clipped;445:834-951:clipped,0,2,834-951,471,35.1,,,,,,,,,,,,,,,,,,,,,,,,,,,,,,,,,,,,,,,,,,,,,,
475,Fig. 1,ID475__fig1.png,OFF,140,AXIS_FALLBACK,"428,500,834,951",444,117,117,0.95,leftmost column whose run is >= 0.95 of the longest (117 px),445:117px;444:117px;482:63px;481:63px;461:27px;460:27px,,,,,,,,,,,,,,,,,,,,,,,,,,,,,,,,,,,,,,,,,,,,,,,,,,,
475,Fig. 1,ID475__fig1.png,OFF,140,AXIS_CANDIDATES,"428,500,510,664",445,,,,no free run; leftmost of 4 clipped,445:510-630:clipped;446:510-630:clipped;465:510-573:clipped;466:510-573:clipped,0,4,510-630,471,46.2,,,,,,,,,,,,,,,,,,,,,,,,,,,,,,,,,,,,,,,,,,,,,,
475,Fig. 1,ID475__fig1.png,OFF,140,AXIS_FALLBACK,"428,500,510,664",445,120,120,0.95,leftmost column whose run is >= 0.95 of the longest (120 px),446:120px;445:120px;499:63px;482:63px;481:63px;466:63px,,,,,,,,,,,,,,,,,,,,,,,,,,,,,,,,,,,,,,,,,,,,,,,,,,,
475,Fig. 1,ID475__fig1.png,OFF,140,AXIS_CANDIDATES,"612,967,403,619",679,,,,leftmost of 3 free runs,679:513-618:free;795:406-514:free;796:406-514:free;678:513-619:clipped,3,1,513-618,825,64.8,,,,,,,,,,,,,,,,,,,,,,,,,,,,,,,,,,,,,,,,,,,,,,
475,Fig. 1,ID475__fig1.png,OFF,140,AXIS_FALLBACK,"612,967,403,619",678,106,111,0.95,leftmost column whose run is >= 0.95 of the longest (111 px),912:111px;911:111px;796:108px;795:108px;678:106px;679:105px,,,,,,,,,,,,,,,,,,,,,,,,,,,,,,,,,,,,,,,,,,,,,,,,,,,
475,Fig. 1,ID475__fig1.png,OFF,140,AXIS_CANDIDATES,"609,967,738,938",679,,,,leftmost of 2 free runs,679:835-937:free;680:835-937:free;796:835-938:clipped;797:835-938:clipped,2,2,835-937,823,60.0,,,,,,,,,,,,,,,,,,,,,,,,,,,,,,,,,,,,,,,,,,,,,,
475,Fig. 1,ID475__fig1.png,OFF,140,AXIS_FALLBACK,"609,967,738,938",679,102,103,0.95,leftmost column whose run is >= 0.95 of the longest (103 px),797:103px;796:103px;680:102px;679:102px;914:99px;913:99px,,,,,,,,,,,,,,,,,,,,,,,,,,,,,,,,,,,,,,,,,,,,,,,,,,,
475,Fig. 1,ID475__fig1.png,OFF,140,ORPHAN,,,,,,,,,,,,,"106,501,27,297",395,270,NO_PANEL_IN_REACH,0,left 108px share 0.99 reach 34 [gap] | overlap 0px share 0.00 reach 34 [share],,,,,,,,,,,,,,,,,,,,,,,,,,,,,,,,,,,,,,,,
475,Fig. 1,ID475__fig1.png,OFF,140,ORPHAN,,,,,,,,,,,,,"142,487,317,341",345,24,NO_PANEL_IN_REACH,0,left 122px share 0.00 reach 34 [gap] [share] | overlap 0px share 0.00 reach 34 [share],,,,,,,,,,,,,,,,,,,,,,,,,,,,,,,,,,,,,,,,
475,Fig. 1,ID475__fig1.png,OFF,140,ORPHAN,,,,,,,,,,,,,"99,384,370,664",285,294,NO_PANEL_IN_REACH,0,left 44px share 1.00 reach 34 [gap],,,,,,,,,,,,,,,,,,,,,,,,,,,,,,,,,,,,,,,,
475,Fig. 1,ID475__fig1.png,OFF,140,ORPHAN,,,,,,,,,,,,,"92,273,695,975",181,280,NO_PANEL_IN_REACH,0,left 155px share 1.00 reach 34 [gap],,,,,,,,,,,,,,,,,,,,,,,,,,,,,,,,,,,,,,,,
475,Fig. 1,ID475__fig1.png,OFF,140,ORPHAN,,,,,,,,,,,,,"311,383,834,975",72,141,NO_PANEL_IN_REACH,0,left 45px share 1.00 reach 34 [gap],,,,,,,,,,,,,,,,,,,,,,,,,,,,,,,,,,,,,,,,
475,Fig. 1,ID475__fig1.png,OFF,140,ORPHAN,,,,,,,,,,,,,"435,469,961,975",34,14,NO_PANEL_IN_REACH,0,left 140px share 0.00 reach 34 [gap] [share] | overlap 0px share 0.00 reach 34 [share],,,,,,,,,,,,,,,,,,,,,,,,,,,,,,,,,,,,,,,,
475,Fig. 1,ID475__fig1.png,OFF,140,AXIS_FALLBACK,"609,967,31,301",645,238,238,0.95,leftmost column whose run is >= 0.95 of the longest (238 px),645:238px;798:74px;797:74px;913:65px;912:65px;684:64px,,,,,,,,,,,,,,,,,,,,,,,,,,,,,,,,,,,,,,,,,,,,,,,,,,,
475,Fig. 1,ID475__fig1.png,OFF,140,AXIS_FALLBACK,"609,967,31,301",645,238,238,0.95,leftmost column whose run is >= 0.95 of the longest (238 px),645:238px;798:74px;797:74px;913:65px;912:65px;684:64px,,,,,,,,,,,,,,,,,,,,,,,,,,,,,,,,,,,,,,,,,,,,,,,,,,,
475,Fig. 1,ID475__fig1.png,OFF,140,AXIS_FALLBACK,"609,967,31,301",645,238,238,0.95,leftmost column whose run is >= 0.95 of the longest (238 px),645:238px;798:74px;797:74px;913:65px;912:65px;684:64px,,,,,,,,,,,,,,,,,,,,,,,,,,,,,,,,,,,,,,,,,,,,,,,,,,,
475,Fig. 1,ID475__fig1.png,OFF,140,ORPHAN,,,,,,,,,,,,,"572,590,116,273",18,157,OFFERED,,,"609,967,31,301",left,19,34,,,,,,,,,,,,,,,,,,,,,,,,,,,,,,,,,,,,
475,Fig. 1,ID475__fig1.png,OFF,140,GATE,,,,,,,,,,,,,"572,590,116,273",,,,,,"609,967,31,301",left,19,,True,O,O,-,X,O,-,,,,,,,,,,,,,,,,,,,,,,,,,,,,,
475,Fig. 1,ID475__fig1.png,OFF,140,GATE_WHY,,,,,,,,,,,,,"572,590,116,273",,,,,,"609,967,31,301",,,,,,,,,,,"축 없음, 잉크 0.337","행 겹침 1.00, 패널 행 31-327, 조각 116-273",이 클립에서 캡션을 읽지 못했다,"건너는 간격 59 px, 패널 내부의 가장 큰 간격 1 px","밑변에 선 열 0.00, 축 범위 안 잉크 1.00 (교집합 1.00)",막대·눈금이 0→0개뿐이라 규칙성을 잴 수 없다,,,,,,,,,,,,,,,,,,,,,,,
475,Fig. 1,ID475__fig1.png,OFF,140,POST,,,,,,,,,,,,,"572,590,116,273",,,ADOPTED,,,"609,967,31,301",,,,,,,,,,,,,,,,,"572,967,31,301",,,,,,,,,,,,,,,,,,,,,,
475,Fig. 1,ID475__fig1.png,OFF,140,ORPHAN,,,,,,,,,,,,,"609,831,320,341",222,21,NO_PANEL_IN_REACH,0,overlap 0px share 0.00 reach 34 [share] | right 109px share 0.00 reach 34 [gap] [share],,,,,,,,,,,,,,,,,,,,,,,,,,,,,,,,,,,,,,,,
475,Fig. 1,ID475__fig1.png,OFF,140,ORPHAN,,,,,,,,,,,,,"924,944,326,341",20,15,NO_PANEL_IN_REACH,0,overlap 0px share 0.00 reach 34 [share] | right 424px share 0.00 reach 34 [gap] [share],,,,,,,,,,,,,,,,,,,,,,,,,,,,,,,,,,,,,,,,
475,Fig. 1,ID475__fig1.png,OFF,140,ORPHAN,,,,,,,,,,,,,"565,850,373,669",285,296,NO_PANEL_IN_REACH,0,overlap 0px share 1.00 reach 34 | right 65px share 1.00 reach 34 [gap],,,,,,,,,,,,,,,,,,,,,,,,,,,,,,,,,,,,,,,,
475,Fig. 1,ID475__fig1.png,OFF,140,ORPHAN,,,,,,,,,,,,,"553,852,695,981",299,286,NO_PANEL_IN_REACH,0,overlap 0px share 1.00 reach 61 | right 53px share 1.00 reach 34 [gap],,,,,,,,,,,,,,,,,,,,,,,,,,,,,,,,,,,,,,,,
475,Fig. 1,ID475__fig1.png,OFF,140,ORPHAN,,,,,,,,,,,,,"895,969,403,880",74,477,NO_PANEL_IN_REACH,0,overlap 0px share 1.00 reach 34 | right 395px share 1.00 reach 34 [gap],,,,,,,,,,,,,,,,,,,,,,,,,,,,,,,,,,,,,,,,
475,Fig. 1,ID475__fig1.png,OFF,140,ORPHAN,,,,,,,,,,,,,"924,944,966,981",20,15,NO_PANEL_IN_REACH,0,overlap 0px share 0.00 reach 34 [share] | right 424px share 0.00 reach 34 [gap] [share],,,,,,,,,,,,,,,,,,,,,,,,,,,,,,,,,,,,,,,,
475,Fig. 1,ID475__fig1.png,OFF,140,AXIS_CANDIDATES,"191,490,27,145",,,,,no run long enough,,0,0,,370,35.4,,,,,,,,,,,,,,,,,,,,,,,,,,,,,,,,,,,,,,,,,,,,,,
475,Fig. 1,ID475__fig1.png,OFF,140,AXIS_FALLBACK,"191,490,27,145",482,66,66,0.95,leftmost column whose run is >= 0.95 of the longest (66 px),483:66px;482:66px;204:18px;198:18px;431:17px;430:17px,,,,,,,,,,,,,,,,,,,,,,,,,,,,,,,,,,,,,,,,,,,,,,,,,,,
475,Fig. 1,ID475__fig1.png,OFF,140,AXIS_FALLBACK,"191,490,27,145",482,66,66,0.95,leftmost column whose run is >= 0.95 of the longest (66 px),483:66px;482:66px;204:18px;198:18px;431:17px;430:17px,,,,,,,,,,,,,,,,,,,,,,,,,,,,,,,,,,,,,,,,,,,,,,,,,,,
475,Fig. 1,ID475__fig1.png,OFF,140,AXIS_CANDIDATES,"191,501,145,225",216,,,,no free run; leftmost of 7 clipped,216:171-226:clipped;217:171-226:clipped;236:176-225:clipped;237:174-226:clipped;269:174-226:clipped;270:175-225:clipped;352:172-226:clipped,0,7,171-226,377,24.0,,,,,,,,,,,,,,,,,,,,,,,,,,,,,,,,,,,,,,,,,,,,,,
475,Fig. 1,ID475__fig1.png,OFF,140,AXIS_FALLBACK,"191,501,145,225",466,80,80,0.95,leftmost column whose run is >= 0.95 of the longest (80 px),499:80px;467:80px;466:80px;500:79px;217:54px;216:54px,,,,,,,,,,,,,,,,,,,,,,,,,,,,,,,,,,,,,,,,,,,,,,,,,,,
475,Fig. 1,ID475__fig1.png,OFF,140,AXIS_CANDIDATES,"197,500,225,341",331,,,,no free run; leftmost of 2 clipped,331:224-277:clipped;332:224-277:clipped,0,2,224-277,378,34.8,,,,,,,,,,,,,,,,,,,,,,,,,,,,,,,,,,,,,,,,,,,,,,
475,Fig. 1,ID475__fig1.png,OFF,140,AXIS_FALLBACK,"197,500,225,341",446,68,68,0.95,leftmost column whose run is >= 0.95 of the longest (68 px),447:68px;446:68px;332:52px;331:52px;463:19px;462:19px,,,,,,,,,,,,,,,,,,,,,,,,,,,,,,,,,,,,,,,,,,,,,,,,,,,
475,Fig. 1,ID475__fig1.png,OFF,140,AXIS_CANDIDATES,"191,500,375,511",328,,,,no free run; leftmost of 2 clipped,328:448-512:clipped;329:448-512:clipped,0,2,448-512,376,40.8,,,,,,,,,,,,,,,,,,,,,,,,,,,,,,,,,,,,,,,,,,,,,,
475,Fig. 1,ID475__fig1.png,OFF,140,AXIS_FALLBACK,"191,500,375,511",328,63,63,0.95,leftmost column whose run is >= 0.95 of the longest (63 px),329:63px;328:63px;196:21px;195:20px;194:18px;193:15px,,,,,,,,,,,,,,,,,,,,,,,,,,,,,,,,,,,,,,,,,,,,,,,,,,,
475,Fig. 1,ID475__fig1.png,OFF,140,AXIS_CANDIDATES,"192,500,511,720",249,,,,leftmost of 2 free runs,249:559-627:free;250:559-627:free;212:510-575:clipped;213:510-575:clipped;349:510-576:clipped;350:510-576:clipped,2,4,559-627,376,62.7,,,,,,,,,,,,,,,,,,,,,,,,,,,,,,,,,,,,,,,,,,,,,,
475,Fig. 1,ID475__fig1.png,OFF,140,AXIS_FALLBACK,"192,500,511,720",445,119,119,0.95,leftmost column whose run is >= 0.95 of the longest (119 px),446:119px;445:119px;250:68px;249:68px;383:65px;382:65px,,,,,,,,,,,,,,,,,,,,,,,,,,,,,,,,,,,,,,,,,,,,,,,,,,,
475,Fig. 1,ID475__fig1.png,OFF,140,AXIS_CANDIDATES,"194,500,834,975",247,,,,leftmost of 5 free runs,247:852-916:free;248:852-916:free;249:852-916:free;364:865-921:free;365:865-921:free;327:834-879:clipped;328:834-879:clipped,5,2,852-916,377,42.3,,,,,,,,,,,,,,,,,,,,,,,,,,,,,,,,,,,,,,,,,,,,,,
475,Fig. 1,ID475__fig1.png,OFF,140,AXIS_FALLBACK,"194,500,834,975",444,117,117,0.95,leftmost column whose run is >= 0.95 of the longest (117 px),445:117px;444:117px;249:64px;248:64px;247:64px;482:63px,,,,,,,,,,,,,,,,,,,,,,,,,,,,,,,,,,,,,,,,,,,,,,,,,,,
475,Fig. 1,ID475__fig1.png,OFF,140,ORPHAN,,,,,,,,,,,,,"106,501,27,297",395,270,NO_PANEL_IN_REACH,0,overlap 0px share 1.00 reach 34,,,,,,,,,,,,,,,,,,,,,,,,,,,,,,,,,,,,,,,,
475,Fig. 1,ID475__fig1.png,OFF,140,ORPHAN,,,,,,,,,,,,,"142,487,317,341",345,24,NO_PANEL_IN_REACH,0,overlap 0px share 1.00 reach 34,,,,,,,,,,,,,,,,,,,,,,,,,,,,,,,,,,,,,,,,
475,Fig. 1,ID475__fig1.png,OFF,140,ORPHAN,,,,,,,,,,,,,"99,384,370,664",285,294,NO_PANEL_IN_REACH,0,overlap 0px share 1.00 reach 44,,,,,,,,,,,,,,,,,,,,,,,,,,,,,,,,,,,,,,,,
475,Fig. 1,ID475__fig1.png,OFF,140,ORPHAN,,,,,,,,,,,,,"92,273,695,975",181,280,NO_PANEL_IN_REACH,0,overlap 0px share 1.00 reach 34,,,,,,,,,,,,,,,,,,,,,,,,,,,,,,,,,,,,,,,,
475,Fig. 1,ID475__fig1.png,OFF,140,ORPHAN,,,,,,,,,,,,,"311,383,834,975",72,141,NO_PANEL_IN_REACH,0,overlap 0px share 1.00 reach 34,,,,,,,,,,,,,,,,,,,,,,,,,,,,,,,,,,,,,,,,
475,Fig. 1,ID475__fig1.png,OFF,140,ORPHAN,,,,,,,,,,,,,"435,469,961,975",34,14,NO_PANEL_IN_REACH,0,overlap 0px share 1.00 reach 34,,,,,,,,,,,,,,,,,,,,,,,,,,,,,,,,,,,,,,,,
475,Fig. 1,ID475__fig1.png,OFF,140,ORPHAN,,,,,,,,,,,,,"572,590,116,273",18,157,NO_PANEL_IN_REACH,0,right 71px share 1.00 reach 34 [gap],,,,,,,,,,,,,,,,,,,,,,,,,,,,,,,,,,,,,,,,
475,Fig. 1,ID475__fig1.png,OFF,140,ORPHAN,,,,,,,,,,,,,"609,831,320,341",222,21,NO_PANEL_IN_REACH,0,right 109px share 1.00 reach 34 [gap],,,,,,,,,,,,,,,,,,,,,,,,,,,,,,,,,,,,,,,,
475,Fig. 1,ID475__fig1.png,OFF,140,ORPHAN,,,,,,,,,,,,,"924,944,326,341",20,15,NO_PANEL_IN_REACH,0,right 424px share 1.00 reach 34 [gap],,,,,,,,,,,,,,,,,,,,,,,,,,,,,,,,,,,,,,,,
475,Fig. 1,ID475__fig1.png,OFF,140,AXIS_FALLBACK,"192,500,511,720",445,119,119,0.95,leftmost column whose run is >= 0.95 of the longest (119 px),446:119px;445:119px;250:68px;249:68px;383:65px;382:65px,,,,,,,,,,,,,,,,,,,,,,,,,,,,,,,,,,,,,,,,,,,,,,,,,,,
475,Fig. 1,ID475__fig1.png,OFF,140,AXIS_FALLBACK,"192,500,511,720",445,119,119,0.95,leftmost column whose run is >= 0.95 of the longest (119 px),446:119px;445:119px;250:68px;249:68px;383:65px;382:65px,,,,,,,,,,,,,,,,,,,,,,,,,,,,,,,,,,,,,,,,,,,,,,,,,,,
475,Fig. 1,ID475__fig1.png,OFF,140,AXIS_FALLBACK,"192,500,511,720",445,119,119,0.95,leftmost column whose run is >= 0.95 of the longest (119 px),446:119px;445:119px;250:68px;249:68px;383:65px;382:65px,,,,,,,,,,,,,,,,,,,,,,,,,,,,,,,,,,,,,,,,,,,,,,,,,,,
475,Fig. 1,ID475__fig1.png,OFF,140,ORPHAN,,,,,,,,,,,,,"565,850,373,669",285,296,OFFERED,,,"192,500,511,720",right,65,98,,,,,,,,,,,,,,,,,,,,,,,,,,,,,,,,,,,,
475,Fig. 1,ID475__fig1.png,OFF,140,GATE,,,,,,,,,,,,,"565,850,373,669",,,,,,"192,500,511,720",right,65,,False,O,X,-,O,X,-,,,,,,,,,,,,,,,,,,,,,,,,,,,,,
475,Fig. 1,ID475__fig1.png,OFF,140,GATE_WHY,,,,,,,,,,,,,"565,850,373,669",,,,,,"192,500,511,720",,,,,,,,,,,"축 없음, 잉크 0.056","행 겹침 0.76, 패널 행 511-720, 조각 373-669",이 클립에서 캡션을 읽지 못했다,"건너는 간격 72 px, 패널 내부의 가장 큰 간격 98 px","밑변에 선 열 0.05, 축 범위 안 잉크 0.12 (교집합 0.12)",막대·눈금이 0→0개뿐이라 규칙성을 잴 수 없다,,,,,,,,,,,,,,,,,,,,,,,
475,Fig. 1,ID475__fig1.png,OFF,140,ORPHAN,,,,,,,,,,,,,"553,852,695,981",299,286,NO_PANEL_IN_REACH,0,right 53px share 1.00 reach 34 [gap],,,,,,,,,,,,,,,,,,,,,,,,,,,,,,,,,,,,,,,,
475,Fig. 1,ID475__fig1.png,OFF,140,ORPHAN,,,,,,,,,,,,,"895,969,403,880",74,477,NO_PANEL_IN_REACH,0,right 395px share 1.00 reach 98 [gap],,,,,,,,,,,,,,,,,,,,,,,,,,,,,,,,,,,,,,,,
475,Fig. 1,ID475__fig1.png,OFF,140,ORPHAN,,,,,,,,,,,,,"924,944,966,981",20,15,NO_PANEL_IN_REACH,0,right 424px share 0.60 reach 34 [gap],,,,,,,,,,,,,,,,,,,,,,,,,,,,,,,,,,,,,,,,
475,Fig. 1,ID475__fig1.png,OFF,140,AXIS_FALLBACK,"609,967,31,301",645,238,238,0.95,leftmost column whose run is >= 0.95 of the longest (238 px),645:238px;798:74px;797:74px;913:65px;912:65px;684:64px,,,,,,,,,,,,,,,,,,,,,,,,,,,,,,,,,,,,,,,,,,,,,,,,,,,
475,Fig. 1,ID475__fig1.png,OFF,140,AXIS_FALLBACK,"428,500,834,951",444,117,117,0.95,leftmost column whose run is >= 0.95 of the longest (117 px),445:117px;444:117px;482:63px;481:63px;461:27px;460:27px,,,,,,,,,,,,,,,,,,,,,,,,,,,,,,,,,,,,,,,,,,,,,,,,,,,
475,Fig. 1,ID475__fig1.png,OFF,140,AXIS_FALLBACK,"428,500,510,664",445,120,120,0.95,leftmost column whose run is >= 0.95 of the longest (120 px),446:120px;445:120px;499:63px;482:63px;481:63px;466:63px,,,,,,,,,,,,,,,,,,,,,,,,,,,,,,,,,,,,,,,,,,,,,,,,,,,
475,Fig. 1,ID475__fig1.png,OFF,140,AXIS_FALLBACK,"612,967,403,619",678,106,111,0.95,leftmost column whose run is >= 0.95 of the longest (111 px),912:111px;911:111px;796:108px;795:108px;678:106px;679:105px,,,,,,,,,,,,,,,,,,,,,,,,,,,,,,,,,,,,,,,,,,,,,,,,,,,
475,Fig. 1,ID475__fig1.png,OFF,140,AXIS_FALLBACK,"609,967,738,938",679,102,103,0.95,leftmost column whose run is >= 0.95 of the longest (103 px),797:103px;796:103px;680:102px;679:102px;914:99px;913:99px,,,,,,,,,,,,,,,,,,,,,,,,,,,,,,,,,,,,,,,,,,,,,,,,,,,
475,Fig. 1,ID475__fig1.png,OFF,140,AXIS_FALLBACK,"572,967,31,301",645,238,238,0.95,leftmost column whose run is >= 0.95 of the longest (238 px),645:238px;798:74px;797:74px;913:65px;912:65px;684:64px,,,,,,,,,,,,,,,,,,,,,,,,,,,,,,,,,,,,,,,,,,,,,,,,,,,
475,Fig. 1,ID475__fig1.png,OFF,140,AXIS_FALLBACK,"191,490,27,145",482,66,66,0.95,leftmost column whose run is >= 0.95 of the longest (66 px),483:66px;482:66px;204:18px;198:18px;431:17px;430:17px,,,,,,,,,,,,,,,,,,,,,,,,,,,,,,,,,,,,,,,,,,,,,,,,,,,
475,Fig. 1,ID475__fig1.png,OFF,140,AXIS_FALLBACK,"191,501,145,225",466,80,80,0.95,leftmost column whose run is >= 0.95 of the longest (80 px),499:80px;467:80px;466:80px;500:79px;217:54px;216:54px,,,,,,,,,,,,,,,,,,,,,,,,,,,,,,,,,,,,,,,,,,,,,,,,,,,
475,Fig. 1,ID475__fig1.png,OFF,140,AXIS_FALLBACK,"197,500,225,341",446,68,68,0.95,leftmost column whose run is >= 0.95 of the longest (68 px),447:68px;446:68px;332:52px;331:52px;463:19px;462:19px,,,,,,,,,,,,,,,,,,,,,,,,,,,,,,,,,,,,,,,,,,,,,,,,,,,
475,Fig. 1,ID475__fig1.png,OFF,140,AXIS_FALLBACK,"191,500,375,511",328,63,63,0.95,leftmost column whose run is >= 0.95 of the longest (63 px),329:63px;328:63px;196:21px;195:20px;194:18px;193:15px,,,,,,,,,,,,,,,,,,,,,,,,,,,,,,,,,,,,,,,,,,,,,,,,,,,
475,Fig. 1,ID475__fig1.png,OFF,140,AXIS_FALLBACK,"192,500,511,720",445,119,119,0.95,leftmost column whose run is >= 0.95 of the longest (119 px),446:119px;445:119px;250:68px;249:68px;383:65px;382:65px,,,,,,,,,,,,,,,,,,,,,,,,,,,,,,,,,,,,,,,,,,,,,,,,,,,
475,Fig. 1,ID475__fig1.png,OFF,140,AXIS_FALLBACK,"194,500,834,975",444,117,117,0.95,leftmost column whose run is >= 0.95 of the longest (117 px),445:117px;444:117px;249:64px;248:64px;247:64px;482:63px,,,,,,,,,,,,,,,,,,,,,,,,,,,,,,,,,,,,,,,,,,,,,,,,,,,
475,Fig. 1,ID475__fig1.png,OFF,140,AXIS_FALLBACK,"572,967,31,329",645,264,264,0.95,leftmost column whose run is >= 0.95 of the longest (264 px),645:264px;798:74px;797:74px;913:65px;912:65px;684:64px,,,,,,,,,,,,,,,,,,,,,,,,,,,,,,,,,,,,,,,,,,,,,,,,,,,
475,Fig. 1,ID475__fig1.png,OFF,140,AXIS_CANDIDATES,"572,967,31,329",645,,,,leftmost of 1 free runs,645:63-327:free,1,0,63-327,809,89.4,,,,,,,,,,,,,,,,,,,,,,,,,,,,,,,,,,,,,,,,,,,,,,
475,Fig. 1,ID475__fig1.png,OFF,140,AXIS_SHADOW_LADDER,"572,967,31,329",,,,,,,,,,,,,,,,,,,,,,,,,,,,,,,,,,,,645,free,63-327,True,227,9,True,0.29,0.0064,"9 labels, -0.151 value/px, ladder residual 0.3 px",,,,,,,,,,,,
475,Fig. 1,ID475__fig1.png,OFF,140,AXIS_FALLBACK,"609,967,31,329",645,264,264,0.95,leftmost column whose run is >= 0.95 of the longest (264 px),645:264px;798:74px;797:74px;913:65px;912:65px;684:64px,,,,,,,,,,,,,,,,,,,,,,,,,,,,,,,,,,,,,,,,,,,,,,,,,,,
475,Fig. 1,ID475__fig1.png,OFF,140,AXIS_CANDIDATES,"609,967,31,329",645,,,,leftmost of 1 free runs,645:63-327:free,1,0,63-327,823,89.4,,,,,,,,,,,,,,,,,,,,,,,,,,,,,,,,,,,,,,,,,,,,,,
475,Fig. 1,ID475__fig1.png,OFF,140,AXIS_SHADOW_LADDER,"609,967,31,329",,,,,,,,,,,,,,,,,,,,,,,,,,,,,,,,,,,,645,free,63-327,True,227,9,True,0.29,0.0064,"9 labels, -0.151 value/px, ladder residual 0.3 px",,,,,,,,,,,,
475,Fig. 1,ID475__fig1.png,OFF,140,AXIS_FALLBACK,"572,967,31,301",645,238,238,0.95,leftmost column whose run is >= 0.95 of the longest (238 px),645:238px;798:74px;797:74px;913:65px;912:65px;684:64px,,,,,,,,,,,,,,,,,,,,,,,,,,,,,,,,,,,,,,,,,,,,,,,,,,,
475,Fig. 1,ID475__fig1.png,OFF,140,AXIS_CANDIDATES,"572,967,31,301",645,,,,no free run; leftmost of 1 clipped,645:63-327:clipped,0,1,63-327,809,81.0,,,,,,,,,,,,,,,,,,,,,,,,,,,,,,,,,,,,,,,,,,,,,,
475,Fig. 1,ID475__fig1.png,OFF,140,AXIS_SHADOW_LADDER,"572,967,31,301",,,,,,,,,,,,,,,,,,,,,,,,,,,,,,,,,,,,645,clipped,63-327,True,227,8,True,0.29,0.0069,"8 labels, -0.151 value/px, ladder residual 0.3 px",,,,,,,,,,,,
475,Fig. 1,ID475__fig1.png,OFF,140,AXIS_FALLBACK,"609,967,31,301",645,238,238,0.95,leftmost column whose run is >= 0.95 of the longest (238 px),645:238px;798:74px;797:74px;913:65px;912:65px;684:64px,,,,,,,,,,,,,,,,,,,,,,,,,,,,,,,,,,,,,,,,,,,,,,,,,,,
475,Fig. 1,ID475__fig1.png,OFF,140,AXIS_CANDIDATES,"609,967,31,301",645,,,,no free run; leftmost of 1 clipped,645:63-327:clipped,0,1,63-327,823,81.0,,,,,,,,,,,,,,,,,,,,,,,,,,,,,,,,,,,,,,,,,,,,,,
475,Fig. 1,ID475__fig1.png,OFF,140,AXIS_SHADOW_LADDER,"609,967,31,301",,,,,,,,,,,,,,,,,,,,,,,,,,,,,,,,,,,,645,clipped,63-327,True,227,8,True,0.29,0.0069,"8 labels, -0.151 value/px, ladder residual 0.3 px",,,,,,,,,,,,
475,Fig. 1,ID475__fig1.png,OFF,140,AXIS_FALLBACK,"612,967,403,619",678,106,111,0.95,leftmost column whose run is >= 0.95 of the longest (111 px),912:111px;911:111px;796:108px;795:108px;678:106px;679:105px,,,,,,,,,,,,,,,,,,,,,,,,,,,,,,,,,,,,,,,,,,,,,,,,,,,
475,Fig. 1,ID475__fig1.png,OFF,140,AXIS_CANDIDATES,"612,967,403,619",679,,,,leftmost of 3 free runs,679:513-618:free;795:406-514:free;796:406-514:free;678:513-619:clipped,3,1,513-618,825,64.8,,,,,,,,,,,,,,,,,,,,,,,,,,,,,,,,,,,,,,,,,,,,,,
475,Fig. 1,ID475__fig1.png,OFF,140,AXIS_SHADOW_LADDER,"612,967,403,619",,,,,,,,,,,,,,,,,,,,,,,,,,,,,,,,,,,,679,free,513-618,False,513,6,True,0.03,0.0012,"4 labels, -0.150 value/px, ladder residual 0.0 px; SUBSET: dropped 10@580, 15@613 (values are not monotone with pixel row: [15.0, 10.0, 0.0, -5.0, 10.0, 15.0])",,,,,,,,,,,,
475,Fig. 1,ID475__fig1.png,OFF,140,AXIS_SHADOW_LADDER,"612,967,403,619",,,,,,,,,,,,,,,,,,,,,,,,,,,,,,,,,,,,795,free,406-514,False,513,2,False,,,only 2 label(s); 3 needed to check a ladder,,,,,,,,,,,,
475,Fig. 1,ID475__fig1.png,OFF,140,AXIS_SHADOW_LADDER,"612,967,403,619",,,,,,,,,,,,,,,,,,,,,,,,,,,,,,,,,,,,796,free,406-514,False,513,1,False,,,only 1 label(s); 3 needed to check a ladder,,,,,,,,,,,,
475,Fig. 1,ID475__fig1.png,OFF,140,AXIS_SHADOW_LADDER,"612,967,403,619",,,,,,,,,,,,,,,,,,,,,,,,,,,,,,,,,,,,678,clipped,513-619,True,513,3,True,0.03,0.0008,"3 labels, -0.150 value/px, ladder residual 0.0 px",,,,,,,,,,,,
475,Fig. 1,ID475__fig1.png,OFF,140,AXIS_FALLBACK,"194,500,834,975",444,117,117,0.95,leftmost column whose run is >= 0.95 of the longest (117 px),445:117px;444:117px;249:64px;248:64px;247:64px;482:63px,,,,,,,,,,,,,,,,,,,,,,,,,,,,,,,,,,,,,,,,,,,,,,,,,,,
475,Fig. 1,ID475__fig1.png,OFF,140,AXIS_CANDIDATES,"194,500,834,975",247,,,,leftmost of 5 free runs,247:852-916:free;248:852-916:free;249:852-916:free;364:865-921:free;365:865-921:free;327:834-879:clipped;328:834-879:clipped,5,2,852-916,377,42.3,,,,,,,,,,,,,,,,,,,,,,,,,,,,,,,,,,,,,,,,,,,,,,
475,Fig. 1,ID475__fig1.png,OFF,140,AXIS_SHADOW_LADDER,"194,500,834,975",,,,,,,,,,,,,,,,,,,,,,,,,,,,,,,,,,,,247,free,852-916,True,835,3,True,0.00,0.0000,"3 labels, -0.011 value/px, ladder residual 0.0 px",,,,,,,,,,,,
475,Fig. 1,ID475__fig1.png,OFF,140,AXIS_SHADOW_LADDER,"194,500,834,975",,,,,,,,,,,,,,,,,,,,,,,,,,,,,,,,,,,,248,free,852-916,False,835,3,True,0.00,0.0000,"3 labels, -0.011 value/px, ladder residual 0.0 px",,,,,,,,,,,,
475,Fig. 1,ID475__fig1.png,OFF,140,AXIS_SHADOW_LADDER,"194,500,834,975",,,,,,,,,,,,,,,,,,,,,,,,,,,,,,,,,,,,249,free,852-916,False,835,4,True,0.12,0.0031,"4 labels, -0.011 value/px, ladder residual 0.1 px",,,,,,,,,,,,
475,Fig. 1,ID475__fig1.png,OFF,140,AXIS_SHADOW_LADDER,"194,500,834,975",,,,,,,,,,,,,,,,,,,,,,,,,,,,,,,,,,,,364,free,865-921,False,835,4,True,0.12,0.0031,"4 labels, -0.011 value/px, ladder residual 0.1 px",,,,,,,,,,,,
475,Fig. 1,ID475__fig1.png,OFF,140,AXIS_SHADOW_LADDER,"194,500,834,975",,,,,,,,,,,,,,,,,,,,,,,,,,,,,,,,,,,,365,free,865-921,False,835,4,True,0.12,0.0031,"4 labels, -0.011 value/px, ladder residual 0.1 px",,,,,,,,,,,,
475,Fig. 1,ID475__fig1.png,OFF,140,AXIS_SHADOW_LADDER,"194,500,834,975",,,,,,,,,,,,,,,,,,,,,,,,,,,,,,,,,,,,327,clipped,834-879,False,835,4,True,0.12,0.0031,"4 labels, -0.011 value/px, ladder residual 0.1 px",,,,,,,,,,,,
475,Fig. 1,ID475__fig1.png,OFF,140,AXIS_SHADOW_LADDER,"194,500,834,975",,,,,,,,,,,,,,,,,,,,,,,,,,,,,,,,,,,,328,clipped,834-879,False,835,4,True,0.12,0.0031,"4 labels, -0.011 value/px, ladder residual 0.1 px",,,,,,,,,,,,
475,Fig. 1,ID475__fig1.png,OFF,140,AXIS_SHADOW_LADDER,"194,500,834,975",,,,,,,,,,,,,,,,,,,,,,,,,,,,,,,,,,,,444,fallback,,False,835,4,True,0.12,0.0031,"4 labels, -0.011 value/px, ladder residual 0.1 px",,,,,,,,,,,,
475,Fig. 1,ID475__fig1.png,OFF,140,AXIS_FALLBACK,"191,501,145,225",466,80,80,0.95,leftmost column whose run is >= 0.95 of the longest (80 px),499:80px;467:80px;466:80px;500:79px;217:54px;216:54px,,,,,,,,,,,,,,,,,,,,,,,,,,,,,,,,,,,,,,,,,,,,,,,,,,,
475,Fig. 1,ID475__fig1.png,OFF,140,AXIS_CANDIDATES,"191,501,145,225",216,,,,no free run; leftmost of 7 clipped,216:171-226:clipped;217:171-226:clipped;236:176-225:clipped;237:174-226:clipped;269:174-226:clipped;270:175-225:clipped;352:172-226:clipped,0,7,171-226,377,24.0,,,,,,,,,,,,,,,,,,,,,,,,,,,,,,,,,,,,,,,,,,,,,,
475,Fig. 1,ID475__fig1.png,OFF,140,AXIS_SHADOW_LADDER,"191,501,145,225",,,,,,,,,,,,,,,,,,,,,,,,,,,,,,,,,,,,216,clipped,171-226,True,224,3,True,0.11,0.0050,"3 labels, -0.151 value/px, ladder residual 0.1 px",,,,,,,,,,,,
475,Fig. 1,ID475__fig1.png,OFF,140,AXIS_SHADOW_LADDER,"191,501,145,225",,,,,,,,,,,,,,,,,,,,,,,,,,,,,,,,,,,,217,clipped,171-226,False,224,3,True,0.11,0.0050,"3 labels, -0.151 value/px, ladder residual 0.1 px",,,,,,,,,,,,
475,Fig. 1,ID475__fig1.png,OFF,140,AXIS_SHADOW_LADDER,"191,501,145,225",,,,,,,,,,,,,,,,,,,,,,,,,,,,,,,,,,,,236,clipped,176-225,False,224,3,True,0.11,0.0050,"3 labels, -0.151 value/px, ladder residual 0.1 px",,,,,,,,,,,,
475,Fig. 1,ID475__fig1.png,OFF,140,AXIS_SHADOW_LADDER,"191,501,145,225",,,,,,,,,,,,,,,,,,,,,,,,,,,,,,,,,,,,237,clipped,174-226,False,224,3,True,0.11,0.0050,"3 labels, -0.151 value/px, ladder residual 0.1 px",,,,,,,,,,,,
475,Fig. 1,ID475__fig1.png,OFF,140,AXIS_SHADOW_LADDER,"191,501,145,225",,,,,,,,,,,,,,,,,,,,,,,,,,,,,,,,,,,,269,clipped,174-226,False,224,3,True,0.00,0.0000,"3 labels, -0.150 value/px, ladder residual 0.0 px",,,,,,,,,,,,
475,Fig. 1,ID475__fig1.png,OFF,140,AXIS_SHADOW_LADDER,"191,501,145,225",,,,,,,,,,,,,,,,,,,,,,,,,,,,,,,,,,,,270,clipped,175-225,False,224,3,True,0.00,0.0000,"3 labels, -0.150 value/px, ladder residual 0.0 px",,,,,,,,,,,,
475,Fig. 1,ID475__fig1.png,OFF,140,AXIS_SHADOW_LADDER,"191,501,145,225",,,,,,,,,,,,,,,,,,,,,,,,,,,,,,,,,,,,352,clipped,172-226,False,224,3,True,0.11,0.0050,"3 labels, -0.151 value/px, ladder residual 0.1 px",,,,,,,,,,,,
475,Fig. 1,ID475__fig1.png,OFF,140,AXIS_SHADOW_LADDER,"191,501,145,225",,,,,,,,,,,,,,,,,,,,,,,,,,,,,,,,,,,,466,fallback,,False,224,3,True,0.11,0.0050,"3 labels, -0.151 value/px, ladder residual 0.1 px",,,,,,,,,,,,
475,Fig. 1,ID475__fig1.png,OFF,140,AXIS_FALLBACK,"428,500,834,951",444,117,117,0.95,leftmost column whose run is >= 0.95 of the longest (117 px),445:117px;444:117px;482:63px;481:63px;461:27px;460:27px,,,,,,,,,,,,,,,,,,,,,,,,,,,,,,,,,,,,,,,,,,,,,,,,,,,
475,Fig. 1,ID475__fig1.png,OFF,140,AXIS_CANDIDATES,"428,500,834,951",444,,,,no free run; leftmost of 2 clipped,444:834-951:clipped;445:834-951:clipped,0,2,834-951,471,35.1,,,,,,,,,,,,,,,,,,,,,,,,,,,,,,,,,,,,,,,,,,,,,,
475,Fig. 1,ID475__fig1.png,OFF,140,AXIS_SHADOW_LADDER,"428,500,834,951",,,,,,,,,,,,,,,,,,,,,,,,,,,,,,,,,,,,444,clipped,834-951,True,835,0,False,,,only 0 label(s); 3 needed to check a ladder,,,,,,,,,,,,
475,Fig. 1,ID475__fig1.png,OFF,140,AXIS_SHADOW_LADDER,"428,500,834,951",,,,,,,,,,,,,,,,,,,,,,,,,,,,,,,,,,,,445,clipped,834-951,False,835,1,False,,,only 1 label(s); 3 needed to check a ladder,,,,,,,,,,,,
475,Fig. 1,ID475__fig1.png,OFF,140,AXIS_FALLBACK,"609,967,738,938",679,102,103,0.95,leftmost column whose run is >= 0.95 of the longest (103 px),797:103px;796:103px;680:102px;679:102px;914:99px;913:99px,,,,,,,,,,,,,,,,,,,,,,,,,,,,,,,,,,,,,,,,,,,,,,,,,,,
475,Fig. 1,ID475__fig1.png,OFF,140,AXIS_CANDIDATES,"609,967,738,938",679,,,,leftmost of 2 free runs,679:835-937:free;680:835-937:free;796:835-938:clipped;797:835-938:clipped,2,2,835-937,823,60.0,,,,,,,,,,,,,,,,,,,,,,,,,,,,,,,,,,,,,,,,,,,,,,
475,Fig. 1,ID475__fig1.png,OFF,140,AXIS_SHADOW_LADDER,"609,967,738,938",,,,,,,,,,,,,,,,,,,,,,,,,,,,,,,,,,,,679,free,835-937,True,835,3,True,0.56,0.0183,"3 labels, -0.011 value/px, ladder residual 0.6 px",,,,,,,,,,,,
475,Fig. 1,ID475__fig1.png,OFF,140,AXIS_SHADOW_LADDER,"609,967,738,938",,,,,,,,,,,,,,,,,,,,,,,,,,,,,,,,,,,,680,free,835-937,False,835,3,True,0.28,0.0094,"3 labels, -0.011 value/px, ladder residual 0.3 px",,,,,,,,,,,,
475,Fig. 1,ID475__fig1.png,OFF,140,AXIS_SHADOW_LADDER,"609,967,738,938",,,,,,,,,,,,,,,,,,,,,,,,,,,,,,,,,,,,796,clipped,835-938,False,835,2,False,,,only 2 label(s); 3 needed to check a ladder,,,,,,,,,,,,
475,Fig. 1,ID475__fig1.png,OFF,140,AXIS_SHADOW_LADDER,"609,967,738,938",,,,,,,,,,,,,,,,,,,,,,,,,,,,,,,,,,,,797,clipped,835-938,False,835,2,False,,,only 2 label(s); 3 needed to check a ladder,,,,,,,,,,,,
475,Fig. 1,ID475__fig1.png,OFF,140,AXIS_FALLBACK,"192,500,511,720",445,119,119,0.95,leftmost column whose run is >= 0.95 of the longest (119 px),446:119px;445:119px;250:68px;249:68px;383:65px;382:65px,,,,,,,,,,,,,,,,,,,,,,,,,,,,,,,,,,,,,,,,,,,,,,,,,,,
475,Fig. 1,ID475__fig1.png,OFF,140,AXIS_CANDIDATES,"192,500,511,720",249,,,,leftmost of 2 free runs,249:559-627:free;250:559-627:free;212:510-575:clipped;213:510-575:clipped;349:510-576:clipped;350:510-576:clipped,2,4,559-627,376,62.7,,,,,,,,,,,,,,,,,,,,,,,,,,,,,,,,,,,,,,,,,,,,,,
475,Fig. 1,ID475__fig1.png,OFF,140,AXIS_SHADOW_LADDER,"192,500,511,720",,,,,,,,,,,,,,,,,,,,,,,,,,,,,,,,,,,,249,free,559-627,True,575,8,True,0.18,0.0062,"4 labels, -0.149 value/px, ladder residual 0.2 px; SUBSET: dropped 4@611, 20@643, 1.5@701, 1.5@704 (values are not monotone with pixel row: [0.0, -5.0, -10.0, -15.0, 4.0, 20.0, 1.5, 1.5])",,,,,,,,,,,,
475,Fig. 1,ID475__fig1.png,OFF,140,AXIS_SHADOW_LADDER,"192,500,511,720",,,,,,,,,,,,,,,,,,,,,,,,,,,,,,,,,,,,250,free,559-627,False,575,6,True,0.17,0.0075,"3 labels, -0.150 value/px, ladder residual 0.2 px; SUBSET: dropped 4@611, -20@643, 1.5@701 (values are not monotone with pixel row: [-5.0, -10.0, -15.0, 4.0, -20.0, 1.5])",,,,,,,,,,,,
475,Fig. 1,ID475__fig1.png,OFF,140,AXIS_SHADOW_LADDER,"192,500,511,720",,,,,,,,,,,,,,,,,,,,,,,,,,,,,,,,,,,,212,clipped,510-575,False,575,4,True,0.00,0.0000,"3 labels, 0.150 value/px, ladder residual 0.0 px  [AXIS_INVERTED: values rise as the pixel row rises]; SUBSET: dropped -5@543 (value-per-pixel varies 56.1% across the ladder)",,,,,,,,,,,,
475,Fig. 1,ID475__fig1.png,OFF,140,AXIS_SHADOW_LADDER,"192,500,511,720",,,,,,,,,,,,,,,,,,,,,,,,,,,,,,,,,,,,213,clipped,510-575,False,575,5,True,0.00,0.0000,"3 labels, 0.150 value/px, ladder residual 0.0 px  [AXIS_INVERTED: values rise as the pixel row rises]; SUBSET: dropped -5@543, 5@701 (values are not monotone with pixel row: [-5.0, 10.0, 15.0, 20.0, 5.0])",,,,,,,,,,,,
475,Fig. 1,ID475__fig1.png,OFF,140,AXIS_SHADOW_LADDER,"192,500,511,720",,,,,,,,,,,,,,,,,,,,,,,,,,,,,,,,,,,,349,clipped,510-576,False,575,6,True,0.00,0.0000,"3 labels, 0.150 value/px, ladder residual 0.0 px  [AXIS_INVERTED: values rise as the pixel row rises]; SUBSET: dropped 0@510, -5@543, 2@701 (values are not monotone with pixel row: [0.0, -5.0, 10.0, 15.0, 20.0, 2.0])",,,,,,,,,,,,
475,Fig. 1,ID475__fig1.png,OFF,140,AXIS_SHADOW_LADDER,"192,500,511,720",,,,,,,,,,,,,,,,,,,,,,,,,,,,,,,,,,,,350,clipped,510-576,False,572,6,True,0.00,0.0000,"3 labels, 0.150 value/px, ladder residual 0.0 px  [AXIS_INVERTED: values rise as the pixel row rises]; SUBSET: dropped 0@510, -5@543, 2@701 (values are not monotone with pixel row: [0.0, -5.0, 10.0, 15.0, 20.0, 2.0])",,,,,,,,,,,,
475,Fig. 1,ID475__fig1.png,OFF,140,AXIS_SHADOW_LADDER,"192,500,511,720",,,,,,,,,,,,,,,,,,,,,,,,,,,,,,,,,,,,445,fallback,,False,572,6,True,0.00,0.0000,"3 labels, 0.150 value/px, ladder residual 0.0 px  [AXIS_INVERTED: values rise as the pixel row rises]; SUBSET: dropped 0@510, -5@543, 2@701 (values are not monotone with pixel row: [0.0, -5.0, 10.0, 15.0, 20.0, 2.0])",,,,,,,,,,,,
475,Fig. 1,ID475__fig1.png,OFF,140,AXIS_FALLBACK,"191,500,375,511",328,63,63,0.95,leftmost column whose run is >= 0.95 of the longest (63 px),329:63px;328:63px;196:21px;195:20px;194:18px;193:15px,,,,,,,,,,,,,,,,,,,,,,,,,,,,,,,,,,,,,,,,,,,,,,,,,,,
475,Fig. 1,ID475__fig1.png,OFF,140,AXIS_CANDIDATES,"191,500,375,511",328,,,,no free run; leftmost of 2 clipped,328:448-512:clipped;329:448-512:clipped,0,2,448-512,376,40.8,,,,,,,,,,,,,,,,,,,,,,,,,,,,,,,,,,,,,,,,,,,,,,
475,Fig. 1,ID475__fig1.png,OFF,140,AXIS_SHADOW_LADDER,"191,500,375,511",,,,,,,,,,,,,,,,,,,,,,,,,,,,,,,,,,,,328,clipped,448-512,True,510,5,True,0.07,0.0025,"5 labels, -0.150 value/px, ladder residual 0.1 px",,,,,,,,,,,,
475,Fig. 1,ID475__fig1.png,OFF,140,AXIS_SHADOW_LADDER,"191,500,375,511",,,,,,,,,,,,,,,,,,,,,,,,,,,,,,,,,,,,329,clipped,448-512,False,510,5,True,0.07,0.0025,"5 labels, -0.150 value/px, ladder residual 0.1 px",,,,,,,,,,,,
475,Fig. 1,ID475__fig1.png,OFF,140,AXIS_FALLBACK,"191,490,27,145",482,66,66,0.95,leftmost column whose run is >= 0.95 of the longest (66 px),483:66px;482:66px;204:18px;198:18px;431:17px;430:17px,,,,,,,,,,,,,,,,,,,,,,,,,,,,,,,,,,,,,,,,,,,,,,,,,,,
475,Fig. 1,ID475__fig1.png,OFF,140,AXIS_CANDIDATES,"191,490,27,145",,,,,no run long enough,,0,0,,370,35.4,,,,,,,,,,,,,,,,,,,,,,,,,,,,,,,,,,,,,,,,,,,,,,
475,Fig. 1,ID475__fig1.png,OFF,140,AXIS_SHADOW_LADDER,"191,490,27,145",,,,,,,,,,,,,,,,,,,,,,,,,,,,,,,,,,,,482,fallback,,True,79,3,True,0.06,0.0025,"3 labels, -0.150 value/px, ladder residual 0.1 px",,,,,,,,,,,,
475,Fig. 1,ID475__fig1.png,OFF,140,AXIS_FALLBACK,"197,500,225,341",446,68,68,0.95,leftmost column whose run is >= 0.95 of the longest (68 px),447:68px;446:68px;332:52px;331:52px;463:19px;462:19px,,,,,,,,,,,,,,,,,,,,,,,,,,,,,,,,,,,,,,,,,,,,,,,,,,,
475,Fig. 1,ID475__fig1.png,OFF,140,AXIS_CANDIDATES,"197,500,225,341",331,,,,no free run; leftmost of 2 clipped,331:224-277:clipped;332:224-277:clipped,0,2,224-277,378,34.8,,,,,,,,,,,,,,,,,,,,,,,,,,,,,,,,,,,,,,,,,,,,,,
475,Fig. 1,ID475__fig1.png,OFF,140,AXIS_SHADOW_LADDER,"197,500,225,341",,,,,,,,,,,,,,,,,,,,,,,,,,,,,,,,,,,,331,clipped,224-277,True,243,4,True,0.27,0.0096,"4 labels, -0.151 value/px, ladder residual 0.3 px",,,,,,,,,,,,
475,Fig. 1,ID475__fig1.png,OFF,140,AXIS_SHADOW_LADDER,"197,500,225,341",,,,,,,,,,,,,,,,,,,,,,,,,,,,,,,,,,,,332,clipped,224-277,False,243,4,True,0.27,0.0096,"4 labels, -0.151 value/px, ladder residual 0.3 px",,,,,,,,,,,,
475,Fig. 1,ID475__fig1.png,OFF,140,AXIS_SHADOW_LADDER,"197,500,225,341",,,,,,,,,,,,,,,,,,,,,,,,,,,,,,,,,,,,446,fallback,,False,225,4,True,0.27,0.0096,"4 labels, -0.151 value/px, ladder residual 0.3 px",,,,,,,,,,,,
475,Fig. 1,ID475__fig1.png,OFF,140,AXIS_FALLBACK,"428,500,510,664",445,120,120,0.95,leftmost column whose run is >= 0.95 of the longest (120 px),446:120px;445:120px;499:63px;482:63px;481:63px;466:63px,,,,,,,,,,,,,,,,,,,,,,,,,,,,,,,,,,,,,,,,,,,,,,,,,,,
475,Fig. 1,ID475__fig1.png,OFF,140,AXIS_CANDIDATES,"428,500,510,664",445,,,,no free run; leftmost of 4 clipped,445:510-630:clipped;446:510-630:clipped;465:510-573:clipped;466:510-573:clipped,0,4,510-630,471,46.2,,,,,,,,,,,,,,,,,,,,,,,,,,,,,,,,,,,,,,,,,,,,,,
475,Fig. 1,ID475__fig1.png,OFF,140,AXIS_SHADOW_LADDER,"428,500,510,664",,,,,,,,,,,,,,,,,,,,,,,,,,,,,,,,,,,,445,clipped,510-630,True,572,1,False,,,only 1 label(s); 3 needed to check a ladder,,,,,,,,,,,,
475,Fig. 1,ID475__fig1.png,OFF,140,AXIS_SHADOW_LADDER,"428,500,510,664",,,,,,,,,,,,,,,,,,,,,,,,,,,,,,,,,,,,446,clipped,510-630,False,572,1,False,,,only 1 label(s); 3 needed to check a ladder,,,,,,,,,,,,
475,Fig. 1,ID475__fig1.png,OFF,140,AXIS_SHADOW_LADDER,"428,500,510,664",,,,,,,,,,,,,,,,,,,,,,,,,,,,,,,,,,,,465,clipped,510-573,False,572,1,False,,,only 1 label(s); 3 needed to check a ladder,,,,,,,,,,,,
475,Fig. 1,ID475__fig1.png,OFF,140,AXIS_SHADOW_LADDER,"428,500,510,664",,,,,,,,,,,,,,,,,,,,,,,,,,,,,,,,,,,,466,clipped,510-573,False,572,1,False,,,only 1 label(s); 3 needed to check a ladder,,,,,,,,,,,,
475,Fig. 1,ID475__fig1.png,PLAIN,140,AXIS_FALLBACK,"92,527,739,930",444,96,96,0.95,leftmost column whose run is >= 0.95 of the longest (96 px),445:96px;444:96px;249:64px;248:64px;247:64px;482:63px,,,,,,,,,,,,,,,,,,,,,,,,,,,,,,,,,,,,,,,,,,,,,,,,,,,
475,Fig. 1,ID475__fig1.png,PLAIN,140,AXIS_FALLBACK,"609,967,31,341",645,264,264,0.95,leftmost column whose run is >= 0.95 of the longest (264 px),645:264px;798:74px;797:74px;913:65px;912:65px;684:64px,,,,,,,,,,,,,,,,,,,,,,,,,,,,,,,,,,,,,,,,,,,,,,,,,,,
475,Fig. 1,ID475__fig1.png,PLAIN,140,AXIS_FALLBACK,"565,966,373,619",678,106,111,0.95,leftmost column whose run is >= 0.95 of the longest (111 px),912:111px;911:111px;796:108px;795:108px;678:106px;679:105px,,,,,,,,,,,,,,,,,,,,,,,,,,,,,,,,,,,,,,,,,,,,,,,,,,,
475,Fig. 1,ID475__fig1.png,PLAIN,140,AXIS_FALLBACK,"428,500,510,664",445,120,120,0.95,leftmost column whose run is >= 0.95 of the longest (120 px),446:120px;445:120px;499:63px;482:63px;481:63px;466:63px,,,,,,,,,,,,,,,,,,,,,,,,,,,,,,,,,,,,,,,,,,,,,,,,,,,
475,Fig. 1,ID475__fig1.png,PLAIN,140,AXIS_FALLBACK,"428,500,510,664",445,120,120,0.95,leftmost column whose run is >= 0.95 of the longest (120 px),446:120px;445:120px;499:63px;482:63px;481:63px;466:63px,,,,,,,,,,,,,,,,,,,,,,,,,,,,,,,,,,,,,,,,,,,,,,,,,,,
475,Fig. 1,ID475__fig1.png,PLAIN,140,AXIS_FALLBACK,"92,527,739,930",444,96,96,0.95,leftmost column whose run is >= 0.95 of the longest (96 px),445:96px;444:96px;249:64px;248:64px;247:64px;482:63px,,,,,,,,,,,,,,,,,,,,,,,,,,,,,,,,,,,,,,,,,,,,,,,,,,,
475,Fig. 1,ID475__fig1.png,PLAIN,140,AXIS_FALLBACK,"609,967,31,341",645,264,264,0.95,leftmost column whose run is >= 0.95 of the longest (264 px),645:264px;798:74px;797:74px;913:65px;912:65px;684:64px,,,,,,,,,,,,,,,,,,,,,,,,,,,,,,,,,,,,,,,,,,,,,,,,,,,
475,Fig. 1,ID475__fig1.png,PLAIN,140,AXIS_FALLBACK,"565,966,373,619",678,106,111,0.95,leftmost column whose run is >= 0.95 of the longest (111 px),912:111px;911:111px;796:108px;795:108px;678:106px;679:105px,,,,,,,,,,,,,,,,,,,,,,,,,,,,,,,,,,,,,,,,,,,,,,,,,,,
475,Fig. 1,ID475__fig1.png,PLAIN,140,AXIS_FALLBACK,"609,967,738,938",679,102,103,0.95,leftmost column whose run is >= 0.95 of the longest (103 px),797:103px;796:103px;680:102px;679:102px;914:99px;913:99px,,,,,,,,,,,,,,,,,,,,,,,,,,,,,,,,,,,,,,,,,,,,,,,,,,,
475,Fig. 1,ID475__fig1.png,PLAIN,140,AXIS_FALLBACK,"565,966,738,938",679,102,103,0.95,leftmost column whose run is >= 0.95 of the longest (103 px),797:103px;796:103px;680:102px;679:102px;914:99px;913:99px,,,,,,,,,,,,,,,,,,,,,,,,,,,,,,,,,,,,,,,,,,,,,,,,,,,
475,Fig. 1,ID475__fig1.png,PLAIN,140,AXIS_CANDIDATES,"609,967,31,341",645,,,,leftmost of 1 free runs,645:63-327:free,1,0,63-327,823,93.0,,,,,,,,,,,,,,,,,,,,,,,,,,,,,,,,,,,,,,,,,,,,,,
475,Fig. 1,ID475__fig1.png,PLAIN,140,AXIS_FALLBACK,"609,967,31,341",645,264,264,0.95,leftmost column whose run is >= 0.95 of the longest (264 px),645:264px;798:74px;797:74px;913:65px;912:65px;684:64px,,,,,,,,,,,,,,,,,,,,,,,,,,,,,,,,,,,,,,,,,,,,,,,,,,,
475,Fig. 1,ID475__fig1.png,PLAIN,140,AXIS_CANDIDATES,"565,966,373,619",679,,,,leftmost of 3 free runs,679:513-618:free;795:406-514:free;796:406-514:free;678:513-619:clipped,3,1,513-618,805,73.8,,,,,,,,,,,,,,,,,,,,,,,,,,,,,,,,,,,,,,,,,,,,,,
475,Fig. 1,ID475__fig1.png,PLAIN,140,AXIS_FALLBACK,"565,966,373,619",678,106,111,0.95,leftmost column whose run is >= 0.95 of the longest (111 px),912:111px;911:111px;796:108px;795:108px;678:106px;679:105px,,,,,,,,,,,,,,,,,,,,,,,,,,,,,,,,,,,,,,,,,,,,,,,,,,,
475,Fig. 1,ID475__fig1.png,PLAIN,140,AXIS_CANDIDATES,"92,527,739,930",247,,,,leftmost of 3 free runs,247:852-916:free;248:852-916:free;249:852-916:free,3,0,852-916,353,57.3,,,,,,,,,,,,,,,,,,,,,,,,,,,,,,,,,,,,,,,,,,,,,,
475,Fig. 1,ID475__fig1.png,PLAIN,140,AXIS_FALLBACK,"92,527,739,930",444,96,96,0.95,leftmost column whose run is >= 0.95 of the longest (96 px),445:96px;444:96px;249:64px;248:64px;247:64px;482:63px,,,,,,,,,,,,,,,,,,,,,,,,,,,,,,,,,,,,,,,,,,,,,,,,,,,
475,Fig. 1,ID475__fig1.png,PLAIN,140,AXIS_CANDIDATES,"428,500,510,664",445,,,,no free run; leftmost of 4 clipped,445:510-630:clipped;446:510-630:clipped;465:510-573:clipped;466:510-573:clipped,0,4,510-630,471,46.2,,,,,,,,,,,,,,,,,,,,,,,,,,,,,,,,,,,,,,,,,,,,,,
475,Fig. 1,ID475__fig1.png,PLAIN,140,AXIS_FALLBACK,"428,500,510,664",445,120,120,0.95,leftmost column whose run is >= 0.95 of the longest (120 px),446:120px;445:120px;499:63px;482:63px;481:63px;466:63px,,,,,,,,,,,,,,,,,,,,,,,,,,,,,,,,,,,,,,,,,,,,,,,,,,,
475,Fig. 1,ID475__fig1.png,PLAIN,140,AXIS_CANDIDATES,"609,967,738,938",679,,,,leftmost of 2 free runs,679:835-937:free;680:835-937:free;796:835-938:clipped;797:835-938:clipped,2,2,835-937,823,60.0,,,,,,,,,,,,,,,,,,,,,,,,,,,,,,,,,,,,,,,,,,,,,,
475,Fig. 1,ID475__fig1.png,PLAIN,140,AXIS_FALLBACK,"609,967,738,938",679,102,103,0.95,leftmost column whose run is >= 0.95 of the longest (103 px),797:103px;796:103px;680:102px;679:102px;914:99px;913:99px,,,,,,,,,,,,,,,,,,,,,,,,,,,,,,,,,,,,,,,,,,,,,,,,,,,
475,Fig. 1,ID475__fig1.png,PLAIN,140,AXIS_CANDIDATES,"565,966,738,938",679,,,,leftmost of 2 free runs,679:835-937:free;680:835-937:free;796:835-938:clipped;797:835-938:clipped,2,2,835-937,805,60.0,,,,,,,,,,,,,,,,,,,,,,,,,,,,,,,,,,,,,,,,,,,,,,
475,Fig. 1,ID475__fig1.png,PLAIN,140,AXIS_FALLBACK,"565,966,738,938",679,102,103,0.95,leftmost column whose run is >= 0.95 of the longest (103 px),797:103px;796:103px;680:102px;679:102px;914:99px;913:99px,,,,,,,,,,,,,,,,,,,,,,,,,,,,,,,,,,,,,,,,,,,,,,,,,,,
475,Fig. 1,ID475__fig1.png,PLAIN,140,ORPHAN,,,,,,,,,,,,,"106,501,27,297",395,270,NO_PANEL_IN_REACH,0,left 108px share 0.99 reach 34 [gap] | overlap 0px share 0.00 reach 34 [share],,,,,,,,,,,,,,,,,,,,,,,,,,,,,,,,,,,,,,,,
475,Fig. 1,ID475__fig1.png,PLAIN,140,ORPHAN,,,,,,,,,,,,,"142,487,317,341",345,24,NO_PANEL_IN_REACH,0,left 122px share 1.00 reach 34 [gap] | overlap 0px share 0.00 reach 34 [share],,,,,,,,,,,,,,,,,,,,,,,,,,,,,,,,,,,,,,,,
475,Fig. 1,ID475__fig1.png,PLAIN,140,ORPHAN,,,,,,,,,,,,,"99,384,370,664",285,294,NO_PANEL_IN_REACH,0,left 181px share 1.00 reach 34 [gap] | overlap 0px share 0.00 reach 34 [share],,,,,,,,,,,,,,,,,,,,,,,,,,,,,,,,,,,,,,,,
475,Fig. 1,ID475__fig1.png,PLAIN,140,ORPHAN,,,,,,,,,,,,,"138,172,695,708",34,13,NO_PANEL_IN_REACH,0,left 437px share 0.00 reach 34 [gap] [share] | overlap 0px share 0.00 reach 34 [share],,,,,,,,,,,,,,,,,,,,,,,,,,,,,,,,,,,,,,,,
475,Fig. 1,ID475__fig1.png,PLAIN,140,ORPHAN,,,,,,,,,,,,,"192,211,696,720",19,24,NO_PANEL_IN_REACH,0,left 398px share 0.00 reach 34 [gap] [share] | overlap 0px share 0.00 reach 34 [share],,,,,,,,,,,,,,,,,,,,,,,,,,,,,,,,,,,,,,,,
475,Fig. 1,ID475__fig1.png,PLAIN,140,ORPHAN,,,,,,,,,,,,,"130,469,949,975",339,26,NO_PANEL_IN_REACH,0,left 140px share 0.00 reach 34 [gap] [share] | overlap 0px share 0.00 reach 34 [share],,,,,,,,,,,,,,,,,,,,,,,,,,,,,,,,,,,,,,,,
475,Fig. 1,ID475__fig1.png,PLAIN,140,AXIS_FALLBACK,"609,967,31,341",645,264,264,0.95,leftmost column whose run is >= 0.95 of the longest (264 px),645:264px;798:74px;797:74px;913:65px;912:65px;684:64px,,,,,,,,,,,,,,,,,,,,,,,,,,,,,,,,,,,,,,,,,,,,,,,,,,,
475,Fig. 1,ID475__fig1.png,PLAIN,140,AXIS_FALLBACK,"609,967,31,341",645,264,264,0.95,leftmost column whose run is >= 0.95 of the longest (264 px),645:264px;798:74px;797:74px;913:65px;912:65px;684:64px,,,,,,,,,,,,,,,,,,,,,,,,,,,,,,,,,,,,,,,,,,,,,,,,,,,
475,Fig. 1,ID475__fig1.png,PLAIN,140,AXIS_FALLBACK,"609,967,31,341",645,264,264,0.95,leftmost column whose run is >= 0.95 of the longest (264 px),645:264px;798:74px;797:74px;913:65px;912:65px;684:64px,,,,,,,,,,,,,,,,,,,,,,,,,,,,,,,,,,,,,,,,,,,,,,,,,,,
475,Fig. 1,ID475__fig1.png,PLAIN,140,ORPHAN,,,,,,,,,,,,,"572,590,116,254",18,138,OFFERED,,,"609,967,31,341",left,19,34,,,,,,,,,,,,,,,,,,,,,,,,,,,,,,,,,,,,
475,Fig. 1,ID475__fig1.png,PLAIN,140,GATE,,,,,,,,,,,,,"572,590,116,254",,,,,,"609,967,31,341",left,19,,True,O,O,-,X,O,-,,,,,,,,,,,,,,,,,,,,,,,,,,,,,
475,Fig. 1,ID475__fig1.png,PLAIN,140,GATE_WHY,,,,,,,,,,,,,"572,590,116,254",,,,,,"609,967,31,341",,,,,,,,,,,"축 없음, 잉크 0.358","행 겹침 1.00, 패널 행 31-341, 조각 116-254",이 클립에서 캡션을 읽지 못했다,"건너는 간격 59 px, 패널 내부의 가장 큰 간격 1 px","밑변에 선 열 0.00, 축 범위 안 잉크 1.07 (교집합 1.00)",막대·눈금이 0→0개뿐이라 규칙성을 잴 수 없다,,,,,,,,,,,,,,,,,,,,,,,
475,Fig. 1,ID475__fig1.png,PLAIN,140,POST,,,,,,,,,,,,,"572,590,116,254",,,ADOPTED,,,"609,967,31,341",,,,,,,,,,,,,,,,,"572,967,31,341",,,,,,,,,,,,,,,,,,,,,,
475,Fig. 1,ID475__fig1.png,PLAIN,140,ORPHAN,,,,,,,,,,,,,"604,944,640,669",340,29,NO_PANEL_IN_REACH,0,overlap 0px share 0.00 reach 34 [share] | right 104px share 0.83 reach 34 [gap],,,,,,,,,,,,,,,,,,,,,,,,,,,,,,,,,,,,,,,,
475,Fig. 1,ID475__fig1.png,PLAIN,140,AXIS_FALLBACK,"92,527,739,930",444,96,96,0.95,leftmost column whose run is >= 0.95 of the longest (96 px),445:96px;444:96px;249:64px;248:64px;247:64px;482:63px,,,,,,,,,,,,,,,,,,,,,,,,,,,,,,,,,,,,,,,,,,,,,,,,,,,
475,Fig. 1,ID475__fig1.png,PLAIN,140,AXIS_FALLBACK,"92,527,739,930",444,96,96,0.95,leftmost column whose run is >= 0.95 of the longest (96 px),445:96px;444:96px;249:64px;248:64px;247:64px;482:63px,,,,,,,,,,,,,,,,,,,,,,,,,,,,,,,,,,,,,,,,,,,,,,,,,,,
475,Fig. 1,ID475__fig1.png,PLAIN,140,AXIS_FALLBACK,"92,527,739,930",444,96,96,0.95,leftmost column whose run is >= 0.95 of the longest (96 px),445:96px;444:96px;249:64px;248:64px;247:64px;482:63px,,,,,,,,,,,,,,,,,,,,,,,,,,,,,,,,,,,,,,,,,,,,,,,,,,,
475,Fig. 1,ID475__fig1.png,PLAIN,140,ORPHAN,,,,,,,,,,,,,"553,743,695,981",190,286,OFFERED,,,"92,527,739,930",right,26,34,,,,,,,,,,,,,,,,,,,,,,,,,,,,,,,,,,,,
475,Fig. 1,ID475__fig1.png,PLAIN,140,GATE,,,,,,,,,,,,,"553,743,695,981",,,,,,"92,527,739,930",right,26,,False,O,X,-,X,X,-,,,,,,,,,,,,,,,,,,,,,,,,,,,,,
475,Fig. 1,ID475__fig1.png,PLAIN,140,GATE_WHY,,,,,,,,,,,,,"553,743,695,981",,,,,,"92,527,739,930",,,,,,,,,,,"축 없음, 잉크 0.071","행 겹침 1.00, 패널 행 739-930, 조각 695-981",이 클립에서 캡션을 읽지 못했다,"건너는 간격 38 px, 패널 내부의 가장 큰 간격 0 px","밑변에 선 열 0.39, 축 범위 안 잉크 0.33 (교집합 0.33)",막대·눈금이 0→0개뿐이라 규칙성을 잴 수 없다,,,,,,,,,,,,,,,,,,,,,,,
475,Fig. 1,ID475__fig1.png,PLAIN,140,ORPHAN,,,,,,,,,,,,,"792,969,738,981",177,243,NO_PANEL_IN_REACH,0,overlap 0px share 1.00 reach 61 | right 265px share 1.00 reach 34 [gap],,,,,,,,,,,,,,,,,,,,,,,,,,,,,,,,,,,,,,,,
475,Fig. 1,ID475__fig1.png,PLAIN,140,AXIS_CANDIDATES,"191,490,27,145",,,,,no run long enough,,0,0,,370,35.4,,,,,,,,,,,,,,,,,,,,,,,,,,,,,,,,,,,,,,,,,,,,,,
475,Fig. 1,ID475__fig1.png,PLAIN,140,AXIS_FALLBACK,"191,490,27,145",482,66,66,0.95,leftmost column whose run is >= 0.95 of the longest (66 px),483:66px;482:66px;204:18px;198:18px;431:17px;430:17px,,,,,,,,,,,,,,,,,,,,,,,,,,,,,,,,,,,,,,,,,,,,,,,,,,,
475,Fig. 1,ID475__fig1.png,PLAIN,140,AXIS_FALLBACK,"191,490,27,145",482,66,66,0.95,leftmost column whose run is >= 0.95 of the longest (66 px),483:66px;482:66px;204:18px;198:18px;431:17px;430:17px,,,,,,,,,,,,,,,,,,,,,,,,,,,,,,,,,,,,,,,,,,,,,,,,,,,
475,Fig. 1,ID475__fig1.png,PLAIN,140,AXIS_CANDIDATES,"191,501,145,225",216,,,,no free run; leftmost of 7 clipped,216:171-226:clipped;217:171-226:clipped;236:176-225:clipped;237:174-226:clipped;269:174-226:clipped;270:175-225:clipped;352:172-226:clipped,0,7,171-226,377,24.0,,,,,,,,,,,,,,,,,,,,,,,,,,,,,,,,,,,,,,,,,,,,,,
475,Fig. 1,ID475__fig1.png,PLAIN,140,AXIS_FALLBACK,"191,501,145,225",466,80,80,0.95,leftmost column whose run is >= 0.95 of the longest (80 px),499:80px;467:80px;466:80px;500:79px;217:54px;216:54px,,,,,,,,,,,,,,,,,,,,,,,,,,,,,,,,,,,,,,,,,,,,,,,,,,,
475,Fig. 1,ID475__fig1.png,PLAIN,140,AXIS_CANDIDATES,"197,500,225,341",331,,,,no free run; leftmost of 2 clipped,331:224-277:clipped;332:224-277:clipped,0,2,224-277,378,34.8,,,,,,,,,,,,,,,,,,,,,,,,,,,,,,,,,,,,,,,,,,,,,,
475,Fig. 1,ID475__fig1.png,PLAIN,140,AXIS_FALLBACK,"197,500,225,341",446,68,68,0.95,leftmost column whose run is >= 0.95 of the longest (68 px),447:68px;446:68px;332:52px;331:52px;463:19px;462:19px,,,,,,,,,,,,,,,,,,,,,,,,,,,,,,,,,,,,,,,,,,,,,,,,,,,
475,Fig. 1,ID475__fig1.png,PLAIN,140,AXIS_CANDIDATES,"191,500,375,511",328,,,,no free run; leftmost of 2 clipped,328:448-512:clipped;329:448-512:clipped,0,2,448-512,376,40.8,,,,,,,,,,,,,,,,,,,,,,,,,,,,,,,,,,,,,,,,,,,,,,
475,Fig. 1,ID475__fig1.png,PLAIN,140,AXIS_FALLBACK,"191,500,375,511",328,63,63,0.95,leftmost column whose run is >= 0.95 of the longest (63 px),329:63px;328:63px;196:21px;195:20px;194:18px;193:15px,,,,,,,,,,,,,,,,,,,,,,,,,,,,,,,,,,,,,,,,,,,,,,,,,,,
475,Fig. 1,ID475__fig1.png,PLAIN,140,AXIS_CANDIDATES,"192,500,511,720",249,,,,leftmost of 2 free runs,249:559-627:free;250:559-627:free;212:510-575:clipped;213:510-575:clipped;349:510-576:clipped;350:510-576:clipped,2,4,559-627,376,62.7,,,,,,,,,,,,,,,,,,,,,,,,,,,,,,,,,,,,,,,,,,,,,,
475,Fig. 1,ID475__fig1.png,PLAIN,140,AXIS_FALLBACK,"192,500,511,720",445,119,119,0.95,leftmost column whose run is >= 0.95 of the longest (119 px),446:119px;445:119px;250:68px;249:68px;383:65px;382:65px,,,,,,,,,,,,,,,,,,,,,,,,,,,,,,,,,,,,,,,,,,,,,,,,,,,
475,Fig. 1,ID475__fig1.png,PLAIN,140,AXIS_CANDIDATES,"194,500,834,975",247,,,,leftmost of 5 free runs,247:852-916:free;248:852-916:free;249:852-916:free;364:865-921:free;365:865-921:free;327:834-879:clipped;328:834-879:clipped,5,2,852-916,377,42.3,,,,,,,,,,,,,,,,,,,,,,,,,,,,,,,,,,,,,,,,,,,,,,
475,Fig. 1,ID475__fig1.png,PLAIN,140,AXIS_FALLBACK,"194,500,834,975",444,117,117,0.95,leftmost column whose run is >= 0.95 of the longest (117 px),445:117px;444:117px;249:64px;248:64px;247:64px;482:63px,,,,,,,,,,,,,,,,,,,,,,,,,,,,,,,,,,,,,,,,,,,,,,,,,,,
475,Fig. 1,ID475__fig1.png,PLAIN,140,ORPHAN,,,,,,,,,,,,,"106,501,27,297",395,270,NO_PANEL_IN_REACH,0,overlap 0px share 1.00 reach 34,,,,,,,,,,,,,,,,,,,,,,,,,,,,,,,,,,,,,,,,
475,Fig. 1,ID475__fig1.png,PLAIN,140,ORPHAN,,,,,,,,,,,,,"142,487,317,341",345,24,NO_PANEL_IN_REACH,0,overlap 0px share 1.00 reach 34,,,,,,,,,,,,,,,,,,,,,,,,,,,,,,,,,,,,,,,,
475,Fig. 1,ID475__fig1.png,PLAIN,140,ORPHAN,,,,,,,,,,,,,"99,384,370,664",285,294,NO_PANEL_IN_REACH,0,overlap 0px share 1.00 reach 44,,,,,,,,,,,,,,,,,,,,,,,,,,,,,,,,,,,,,,,,
475,Fig. 1,ID475__fig1.png,PLAIN,140,AXIS_FALLBACK,"192,500,511,720",445,119,119,0.95,leftmost column whose run is >= 0.95 of the longest (119 px),446:119px;445:119px;250:68px;249:68px;383:65px;382:65px,,,,,,,,,,,,,,,,,,,,,,,,,,,,,,,,,,,,,,,,,,,,,,,,,,,
475,Fig. 1,ID475__fig1.png,PLAIN,140,AXIS_FALLBACK,"192,500,511,720",445,119,119,0.95,leftmost column whose run is >= 0.95 of the longest (119 px),446:119px;445:119px;250:68px;249:68px;383:65px;382:65px,,,,,,,,,,,,,,,,,,,,,,,,,,,,,,,,,,,,,,,,,,,,,,,,,,,
475,Fig. 1,ID475__fig1.png,PLAIN,140,AXIS_FALLBACK,"192,500,511,720",445,119,119,0.95,leftmost column whose run is >= 0.95 of the longest (119 px),446:119px;445:119px;250:68px;249:68px;383:65px;382:65px,,,,,,,,,,,,,,,,,,,,,,,,,,,,,,,,,,,,,,,,,,,,,,,,,,,
475,Fig. 1,ID475__fig1.png,PLAIN,140,ORPHAN,,,,,,,,,,,,,"138,172,695,708",34,13,OFFERED,,,"192,500,511,720",left,20,98,,,,,,,,,,,,,,,,,,,,,,,,,,,,,,,,,,,,
475,Fig. 1,ID475__fig1.png,PLAIN,140,GATE,,,,,,,,,,,,,"138,172,695,708",,,,,,"192,500,511,720",left,20,,True,O,O,-,O,O,-,,,,,,,,,,,,,,,,,,,,,,,,,,,,,
475,Fig. 1,ID475__fig1.png,PLAIN,140,GATE_WHY,,,,,,,,,,,,,"138,172,695,708",,,,,,"192,500,511,720",,,,,,,,,,,"축 없음, 잉크 0.186","행 겹침 1.00, 패널 행 511-720, 조각 695-708",이 클립에서 캡션을 읽지 못했다,"건너는 간격 87 px, 패널 내부의 가장 큰 간격 98 px","밑변에 선 열 0.00, 축 범위 안 잉크 2.05 (교집합 0.00)",막대·눈금이 0→0개뿐이라 규칙성을 잴 수 없다,,,,,,,,,,,,,,,,,,,,,,,
475,Fig. 1,ID475__fig1.png,PLAIN,140,POST,,,,,,,,,,,,,"138,172,695,708",,,ADOPTED,,,"192,500,511,720",,,,,,,,,,,,,,,,,"138,500,511,720",,,,,,,,,,,,,,,,,,,,,,
475,Fig. 1,ID475__fig1.png,PLAIN,140,ORPHAN,,,,,,,,,,,,,"192,211,696,720",19,24,NO_PANEL_IN_REACH,0,overlap 0px share 1.00 reach 98,,,,,,,,,,,,,,,,,,,,,,,,,,,,,,,,,,,,,,,,
475,Fig. 1,ID475__fig1.png,PLAIN,140,ORPHAN,,,,,,,,,,,,,"130,469,949,975",339,26,NO_PANEL_IN_REACH,0,overlap 0px share 1.00 reach 34,,,,,,,,,,,,,,,,,,,,,,,,,,,,,,,,,,,,,,,,
475,Fig. 1,ID475__fig1.png,PLAIN,140,ORPHAN,,,,,,,,,,,,,"572,590,116,254",18,138,NO_PANEL_IN_REACH,0,right 71px share 1.00 reach 34 [gap],,,,,,,,,,,,,,,,,,,,,,,,,,,,,,,,,,,,,,,,
475,Fig. 1,ID475__fig1.png,PLAIN,140,ORPHAN,,,,,,,,,,,,,"573,587,262,273",14,11,NO_PANEL_IN_REACH,0,right 73px share 1.00 reach 34 [gap],,,,,,,,,,,,,,,,,,,,,,,,,,,,,,,,,,,,,,,,
475,Fig. 1,ID475__fig1.png,PLAIN,140,ORPHAN,,,,,,,,,,,,,"604,944,640,669",340,29,NO_PANEL_IN_REACH,0,right 104px share 1.00 reach 98 [gap],,,,,,,,,,,,,,,,,,,,,,,,,,,,,,,,,,,,,,,,
475,Fig. 1,ID475__fig1.png,PLAIN,140,ORPHAN,,,,,,,,,,,,,"553,743,695,981",190,286,NO_PANEL_IN_REACH,0,right 53px share 1.00 reach 34 [gap],,,,,,,,,,,,,,,,,,,,,,,,,,,,,,,,,,,,,,,,
475,Fig. 1,ID475__fig1.png,PLAIN,140,ORPHAN,,,,,,,,,,,,,"792,969,738,981",177,243,NO_PANEL_IN_REACH,0,right 292px share 1.00 reach 34 [gap],,,,,,,,,,,,,,,,,,,,,,,,,,,,,,,,,,,,,,,,
475,Fig. 1,ID475__fig1.png,PLAIN,140,AXIS_FALLBACK,"609,967,31,341",645,264,264,0.95,leftmost column whose run is >= 0.95 of the longest (264 px),645:264px;798:74px;797:74px;913:65px;912:65px;684:64px,,,,,,,,,,,,,,,,,,,,,,,,,,,,,,,,,,,,,,,,,,,,,,,,,,,
475,Fig. 1,ID475__fig1.png,PLAIN,140,AXIS_FALLBACK,"565,966,373,619",678,106,111,0.95,leftmost column whose run is >= 0.95 of the longest (111 px),912:111px;911:111px;796:108px;795:108px;678:106px;679:105px,,,,,,,,,,,,,,,,,,,,,,,,,,,,,,,,,,,,,,,,,,,,,,,,,,,
475,Fig. 1,ID475__fig1.png,PLAIN,140,AXIS_FALLBACK,"92,527,739,930",444,96,96,0.95,leftmost column whose run is >= 0.95 of the longest (96 px),445:96px;444:96px;249:64px;248:64px;247:64px;482:63px,,,,,,,,,,,,,,,,,,,,,,,,,,,,,,,,,,,,,,,,,,,,,,,,,,,
475,Fig. 1,ID475__fig1.png,PLAIN,140,AXIS_FALLBACK,"428,500,510,664",445,120,120,0.95,leftmost column whose run is >= 0.95 of the longest (120 px),446:120px;445:120px;499:63px;482:63px;481:63px;466:63px,,,,,,,,,,,,,,,,,,,,,,,,,,,,,,,,,,,,,,,,,,,,,,,,,,,
475,Fig. 1,ID475__fig1.png,PLAIN,140,AXIS_FALLBACK,"609,967,738,938",679,102,103,0.95,leftmost column whose run is >= 0.95 of the longest (103 px),797:103px;796:103px;680:102px;679:102px;914:99px;913:99px,,,,,,,,,,,,,,,,,,,,,,,,,,,,,,,,,,,,,,,,,,,,,,,,,,,
475,Fig. 1,ID475__fig1.png,PLAIN,140,AXIS_FALLBACK,"565,966,738,938",679,102,103,0.95,leftmost column whose run is >= 0.95 of the longest (103 px),797:103px;796:103px;680:102px;679:102px;914:99px;913:99px,,,,,,,,,,,,,,,,,,,,,,,,,,,,,,,,,,,,,,,,,,,,,,,,,,,
475,Fig. 1,ID475__fig1.png,PLAIN,140,AXIS_FALLBACK,"572,967,31,341",645,264,264,0.95,leftmost column whose run is >= 0.95 of the longest (264 px),645:264px;798:74px;797:74px;913:65px;912:65px;684:64px,,,,,,,,,,,,,,,,,,,,,,,,,,,,,,,,,,,,,,,,,,,,,,,,,,,
475,Fig. 1,ID475__fig1.png,PLAIN,140,AXIS_FALLBACK,"191,490,27,145",482,66,66,0.95,leftmost column whose run is >= 0.95 of the longest (66 px),483:66px;482:66px;204:18px;198:18px;431:17px;430:17px,,,,,,,,,,,,,,,,,,,,,,,,,,,,,,,,,,,,,,,,,,,,,,,,,,,
475,Fig. 1,ID475__fig1.png,PLAIN,140,AXIS_FALLBACK,"191,501,145,225",466,80,80,0.95,leftmost column whose run is >= 0.95 of the longest (80 px),499:80px;467:80px;466:80px;500:79px;217:54px;216:54px,,,,,,,,,,,,,,,,,,,,,,,,,,,,,,,,,,,,,,,,,,,,,,,,,,,
475,Fig. 1,ID475__fig1.png,PLAIN,140,AXIS_FALLBACK,"197,500,225,341",446,68,68,0.95,leftmost column whose run is >= 0.95 of the longest (68 px),447:68px;446:68px;332:52px;331:52px;463:19px;462:19px,,,,,,,,,,,,,,,,,,,,,,,,,,,,,,,,,,,,,,,,,,,,,,,,,,,
475,Fig. 1,ID475__fig1.png,PLAIN,140,AXIS_FALLBACK,"191,500,375,511",328,63,63,0.95,leftmost column whose run is >= 0.95 of the longest (63 px),329:63px;328:63px;196:21px;195:20px;194:18px;193:15px,,,,,,,,,,,,,,,,,,,,,,,,,,,,,,,,,,,,,,,,,,,,,,,,,,,
475,Fig. 1,ID475__fig1.png,PLAIN,140,AXIS_FALLBACK,"192,500,511,720",445,119,119,0.95,leftmost column whose run is >= 0.95 of the longest (119 px),446:119px;445:119px;250:68px;249:68px;383:65px;382:65px,,,,,,,,,,,,,,,,,,,,,,,,,,,,,,,,,,,,,,,,,,,,,,,,,,,
475,Fig. 1,ID475__fig1.png,PLAIN,140,AXIS_FALLBACK,"194,500,834,975",444,117,117,0.95,leftmost column whose run is >= 0.95 of the longest (117 px),445:117px;444:117px;249:64px;248:64px;247:64px;482:63px,,,,,,,,,,,,,,,,,,,,,,,,,,,,,,,,,,,,,,,,,,,,,,,,,,,
475,Fig. 1,ID475__fig1.png,PLAIN,140,AXIS_FALLBACK,"138,500,511,720",445,119,119,0.95,leftmost column whose run is >= 0.95 of the longest (119 px),446:119px;445:119px;250:68px;249:68px;383:65px;382:65px,,,,,,,,,,,,,,,,,,,,,,,,,,,,,,,,,,,,,,,,,,,,,,,,,,,
475,Fig. 1,ID475__fig1.png,PLAIN,140,AXIS_FALLBACK,"572,967,31,341",645,264,264,0.95,leftmost column whose run is >= 0.95 of the longest (264 px),645:264px;798:74px;797:74px;913:65px;912:65px;684:64px,,,,,,,,,,,,,,,,,,,,,,,,,,,,,,,,,,,,,,,,,,,,,,,,,,,
475,Fig. 1,ID475__fig1.png,PLAIN,140,AXIS_CANDIDATES,"572,967,31,341",645,,,,leftmost of 1 free runs,645:63-327:free,1,0,63-327,809,93.0,,,,,,,,,,,,,,,,,,,,,,,,,,,,,,,,,,,,,,,,,,,,,,
475,Fig. 1,ID475__fig1.png,PLAIN,140,AXIS_SHADOW_LADDER,"572,967,31,341",,,,,,,,,,,,,,,,,,,,,,,,,,,,,,,,,,,,645,free,63-327,True,227,9,True,0.28,0.0071,"9 labels, -0.151 value/px, ladder residual 0.3 px",,,,,,,,,,,,
475,Fig. 1,ID475__fig1.png,PLAIN,140,AXIS_FALLBACK,"609,967,31,341",645,264,264,0.95,leftmost column whose run is >= 0.95 of the longest (264 px),645:264px;798:74px;797:74px;913:65px;912:65px;684:64px,,,,,,,,,,,,,,,,,,,,,,,,,,,,,,,,,,,,,,,,,,,,,,,,,,,
475,Fig. 1,ID475__fig1.png,PLAIN,140,AXIS_CANDIDATES,"609,967,31,341",645,,,,leftmost of 1 free runs,645:63-327:free,1,0,63-327,823,93.0,,,,,,,,,,,,,,,,,,,,,,,,,,,,,,,,,,,,,,,,,,,,,,
475,Fig. 1,ID475__fig1.png,PLAIN,140,AXIS_SHADOW_LADDER,"609,967,31,341",,,,,,,,,,,,,,,,,,,,,,,,,,,,,,,,,,,,645,free,63-327,True,227,9,True,0.28,0.0071,"9 labels, -0.151 value/px, ladder residual 0.3 px",,,,,,,,,,,,
475,Fig. 1,ID475__fig1.png,PLAIN,140,AXIS_FALLBACK,"565,966,373,619",678,106,111,0.95,leftmost column whose run is >= 0.95 of the longest (111 px),912:111px;911:111px;796:108px;795:108px;678:106px;679:105px,,,,,,,,,,,,,,,,,,,,,,,,,,,,,,,,,,,,,,,,,,,,,,,,,,,
475,Fig. 1,ID475__fig1.png,PLAIN,140,AXIS_CANDIDATES,"565,966,373,619",679,,,,leftmost of 3 free runs,679:513-618:free;795:406-514:free;796:406-514:free;678:513-619:clipped,3,1,513-618,805,73.8,,,,,,,,,,,,,,,,,,,,,,,,,,,,,,,,,,,,,,,,,,,,,,
475,Fig. 1,ID475__fig1.png,PLAIN,140,AXIS_SHADOW_LADDER,"565,966,373,619",,,,,,,,,,,,,,,,,,,,,,,,,,,,,,,,,,,,679,free,513-618,False,513,5,True,0.03,0.0008,"3 labels, -0.150 value/px, ladder residual 0.0 px; SUBSET: dropped 10@580, 15@613 (values are not monotone with pixel row: [15.0, 10.0, -5.0, 10.0, 15.0])",,,,,,,,,,,,
475,Fig. 1,ID475__fig1.png,PLAIN,140,AXIS_SHADOW_LADDER,"565,966,373,619",,,,,,,,,,,,,,,,,,,,,,,,,,,,,,,,,,,,795,free,406-514,False,513,3,False,,,"values are not monotone with pixel row: [0.0, 0.0, 5.0]",,,,,,,,,,,,
475,Fig. 1,ID475__fig1.png,PLAIN,140,AXIS_SHADOW_LADDER,"565,966,373,619",,,,,,,,,,,,,,,,,,,,,,,,,,,,,,,,,,,,796,free,406-514,False,513,3,False,,,"values are not monotone with pixel row: [0.0, 5.0, 0.0]",,,,,,,,,,,,
475,Fig. 1,ID475__fig1.png,PLAIN,140,AXIS_SHADOW_LADDER,"565,966,373,619",,,,,,,,,,,,,,,,,,,,,,,,,,,,,,,,,,,,678,clipped,513-619,True,513,5,True,0.03,0.0008,"3 labels, -0.150 value/px, ladder residual 0.0 px; SUBSET: dropped 10@580, 15@613 (values are not monotone with pixel row: [15.0, 10.0, -5.0, 10.0, 15.0])",,,,,,,,,,,,
475,Fig. 1,ID475__fig1.png,PLAIN,140,AXIS_FALLBACK,"92,527,739,953",444,117,117,0.95,leftmost column whose run is >= 0.95 of the longest (117 px),445:117px;444:117px;249:64px;248:64px;247:64px;482:63px,,,,,,,,,,,,,,,,,,,,,,,,,,,,,,,,,,,,,,,,,,,,,,,,,,,
475,Fig. 1,ID475__fig1.png,PLAIN,140,AXIS_CANDIDATES,"92,527,739,953",,,,,no run long enough,,0,0,,353,64.2,,,,,,,,,,,,,,,,,,,,,,,,,,,,,,,,,,,,,,,,,,,,,,
475,Fig. 1,ID475__fig1.png,PLAIN,140,AXIS_SHADOW_LADDER,"92,527,739,953",,,,,,,,,,,,,,,,,,,,,,,,,,,,,,,,,,,,444,fallback,,True,835,1,False,,,only 1 label(s); 3 needed to check a ladder,,,,,,,,,,,,
475,Fig. 1,ID475__fig1.png,PLAIN,140,AXIS_FALLBACK,"92,527,739,930",444,96,96,0.95,leftmost column whose run is >= 0.95 of the longest (96 px),445:96px;444:96px;249:64px;248:64px;247:64px;482:63px,,,,,,,,,,,,,,,,,,,,,,,,,,,,,,,,,,,,,,,,,,,,,,,,,,,
475,Fig. 1,ID475__fig1.png,PLAIN,140,AXIS_CANDIDATES,"92,527,739,930",247,,,,leftmost of 3 free runs,247:852-916:free;248:852-916:free;249:852-916:free,3,0,852-916,353,57.3,,,,,,,,,,,,,,,,,,,,,,,,,,,,,,,,,,,,,,,,,,,,,,
475,Fig. 1,ID475__fig1.png,PLAIN,140,AXIS_SHADOW_LADDER,"92,527,739,930",,,,,,,,,,,,,,,,,,,,,,,,,,,,,,,,,,,,247,free,852-916,True,835,5,True,0.13,0.0032,"5 labels, -0.011 value/px, ladder residual 0.1 px",,,,,,,,,,,,
475,Fig. 1,ID475__fig1.png,PLAIN,140,AXIS_SHADOW_LADDER,"92,527,739,930",,,,,,,,,,,,,,,,,,,,,,,,,,,,,,,,,,,,248,free,852-916,False,835,4,True,0.07,0.0018,"4 labels, -0.011 value/px, ladder residual 0.1 px",,,,,,,,,,,,
475,Fig. 1,ID475__fig1.png,PLAIN,140,AXIS_SHADOW_LADDER,"92,527,739,930",,,,,,,,,,,,,,,,,,,,,,,,,,,,,,,,,,,,249,free,852-916,False,835,4,True,0.07,0.0018,"4 labels, -0.011 value/px, ladder residual 0.1 px",,,,,,,,,,,,
475,Fig. 1,ID475__fig1.png,PLAIN,140,AXIS_SHADOW_LADDER,"92,527,739,930",,,,,,,,,,,,,,,,,,,,,,,,,,,,,,,,,,,,444,fallback,,False,835,0,False,,,only 0 label(s); 3 needed to check a ladder,,,,,,,,,,,,
475,Fig. 1,ID475__fig1.png,PLAIN,140,AXIS_FALLBACK,"565,966,738,938",679,102,103,0.95,leftmost column whose run is >= 0.95 of the longest (103 px),797:103px;796:103px;680:102px;679:102px;914:99px;913:99px,,,,,,,,,,,,,,,,,,,,,,,,,,,,,,,,,,,,,,,,,,,,,,,,,,,
475,Fig. 1,ID475__fig1.png,PLAIN,140,AXIS_CANDIDATES,"565,966,738,938",679,,,,leftmost of 2 free runs,679:835-937:free;680:835-937:free;796:835-938:clipped;797:835-938:clipped,2,2,835-937,805,60.0,,,,,,,,,,,,,,,,,,,,,,,,,,,,,,,,,,,,,,,,,,,,,,
475,Fig. 1,ID475__fig1.png,PLAIN,140,AXIS_SHADOW_LADDER,"565,966,738,938",,,,,,,,,,,,,,,,,,,,,,,,,,,,,,,,,,,,679,free,835-937,True,835,3,True,0.56,0.0183,"3 labels, -0.011 value/px, ladder residual 0.6 px",,,,,,,,,,,,
475,Fig. 1,ID475__fig1.png,PLAIN,140,AXIS_SHADOW_LADDER,"565,966,738,938",,,,,,,,,,,,,,,,,,,,,,,,,,,,,,,,,,,,680,free,835-937,False,835,3,True,0.28,0.0094,"3 labels, -0.011 value/px, ladder residual 0.3 px",,,,,,,,,,,,
475,Fig. 1,ID475__fig1.png,PLAIN,140,AXIS_SHADOW_LADDER,"565,966,738,938",,,,,,,,,,,,,,,,,,,,,,,,,,,,,,,,,,,,796,clipped,835-938,False,835,1,False,,,only 1 label(s); 3 needed to check a ladder,,,,,,,,,,,,
475,Fig. 1,ID475__fig1.png,PLAIN,140,AXIS_SHADOW_LADDER,"565,966,738,938",,,,,,,,,,,,,,,,,,,,,,,,,,,,,,,,,,,,797,clipped,835-938,False,835,1,False,,,only 1 label(s); 3 needed to check a ladder,,,,,,,,,,,,
475,Fig. 1,ID475__fig1.png,PLAIN,140,AXIS_FALLBACK,"138,500,511,720",445,119,119,0.95,leftmost column whose run is >= 0.95 of the longest (119 px),446:119px;445:119px;250:68px;249:68px;383:65px;382:65px,,,,,,,,,,,,,,,,,,,,,,,,,,,,,,,,,,,,,,,,,,,,,,,,,,,
475,Fig. 1,ID475__fig1.png,PLAIN,140,AXIS_CANDIDATES,"138,500,511,720",249,,,,leftmost of 2 free runs,249:559-627:free;250:559-627:free;212:510-575:clipped;213:510-575:clipped;349:510-576:clipped;350:510-576:clipped,2,4,559-627,355,62.7,,,,,,,,,,,,,,,,,,,,,,,,,,,,,,,,,,,,,,,,,,,,,,
475,Fig. 1,ID475__fig1.png,PLAIN,140,AXIS_SHADOW_LADDER,"138,500,511,720",,,,,,,,,,,,,,,,,,,,,,,,,,,,,,,,,,,,249,free,559-627,True,575,8,True,0.18,0.0062,"4 labels, -0.149 value/px, ladder residual 0.2 px; SUBSET: dropped 4@611, 20@643, 1.5@701, 1.5@704 (values are not monotone with pixel row: [0.0, -5.0, -10.0, -15.0, 4.0, 20.0, 1.5, 1.5])",,,,,,,,,,,,
475,Fig. 1,ID475__fig1.png,PLAIN,140,AXIS_SHADOW_LADDER,"138,500,511,720",,,,,,,,,,,,,,,,,,,,,,,,,,,,,,,,,,,,250,free,559-627,False,575,6,True,0.17,0.0075,"3 labels, -0.150 value/px, ladder residual 0.2 px; SUBSET: dropped 4@611, -20@643, 1.5@701 (values are not monotone with pixel row: [-5.0, -10.0, -15.0, 4.0, -20.0, 1.5])",,,,,,,,,,,,
475,Fig. 1,ID475__fig1.png,PLAIN,140,AXIS_SHADOW_LADDER,"138,500,511,720",,,,,,,,,,,,,,,,,,,,,,,,,,,,,,,,,,,,212,clipped,510-575,False,575,4,True,0.00,0.0000,"3 labels, 0.150 value/px, ladder residual 0.0 px  [AXIS_INVERTED: values rise as the pixel row rises]; SUBSET: dropped -5@543 (value-per-pixel varies 56.1% across the ladder)",,,,,,,,,,,,
475,Fig. 1,ID475__fig1.png,PLAIN,140,AXIS_SHADOW_LADDER,"138,500,511,720",,,,,,,,,,,,,,,,,,,,,,,,,,,,,,,,,,,,213,clipped,510-575,False,575,5,True,0.00,0.0000,"3 labels, 0.150 value/px, ladder residual 0.0 px  [AXIS_INVERTED: values rise as the pixel row rises]; SUBSET: dropped -5@543, 5@701 (values are not monotone with pixel row: [-5.0, 10.0, 15.0, 20.0, 5.0])",,,,,,,,,,,,
475,Fig. 1,ID475__fig1.png,PLAIN,140,AXIS_SHADOW_LADDER,"138,500,511,720",,,,,,,,,,,,,,,,,,,,,,,,,,,,,,,,,,,,349,clipped,510-576,False,575,1,False,,,only 1 label(s); 3 needed to check a ladder,,,,,,,,,,,,
475,Fig. 1,ID475__fig1.png,PLAIN,140,AXIS_SHADOW_LADDER,"138,500,511,720",,,,,,,,,,,,,,,,,,,,,,,,,,,,,,,,,,,,350,clipped,510-576,False,572,2,False,,,only 2 label(s); 3 needed to check a ladder,,,,,,,,,,,,
475,Fig. 1,ID475__fig1.png,PLAIN,140,AXIS_SHADOW_LADDER,"138,500,511,720",,,,,,,,,,,,,,,,,,,,,,,,,,,,,,,,,,,,445,fallback,,False,572,1,False,,,only 1 label(s); 3 needed to check a ladder,,,,,,,,,,,,
475,Fig. 1,ID475__fig1.png,CAP,140,AXIS_FALLBACK,"92,527,739,930",444,96,96,0.95,leftmost column whose run is >= 0.95 of the longest (96 px),445:96px;444:96px;249:64px;248:64px;247:64px;482:63px,,,,,,,,,,,,,,,,,,,,,,,,,,,,,,,,,,,,,,,,,,,,,,,,,,,
475,Fig. 1,ID475__fig1.png,CAP,140,AXIS_FALLBACK,"609,967,31,341",645,264,264,0.95,leftmost column whose run is >= 0.95 of the longest (264 px),645:264px;798:74px;797:74px;913:65px;912:65px;684:64px,,,,,,,,,,,,,,,,,,,,,,,,,,,,,,,,,,,,,,,,,,,,,,,,,,,
475,Fig. 1,ID475__fig1.png,CAP,140,AXIS_FALLBACK,"565,966,373,619",678,106,111,0.95,leftmost column whose run is >= 0.95 of the longest (111 px),912:111px;911:111px;796:108px;795:108px;678:106px;679:105px,,,,,,,,,,,,,,,,,,,,,,,,,,,,,,,,,,,,,,,,,,,,,,,,,,,
475,Fig. 1,ID475__fig1.png,CAP,140,AXIS_FALLBACK,"428,500,510,664",445,120,120,0.95,leftmost column whose run is >= 0.95 of the longest (120 px),446:120px;445:120px;499:63px;482:63px;481:63px;466:63px,,,,,,,,,,,,,,,,,,,,,,,,,,,,,,,,,,,,,,,,,,,,,,,,,,,
475,Fig. 1,ID475__fig1.png,CAP,140,AXIS_FALLBACK,"428,500,510,664",445,120,120,0.95,leftmost column whose run is >= 0.95 of the longest (120 px),446:120px;445:120px;499:63px;482:63px;481:63px;466:63px,,,,,,,,,,,,,,,,,,,,,,,,,,,,,,,,,,,,,,,,,,,,,,,,,,,
475,Fig. 1,ID475__fig1.png,CAP,140,AXIS_FALLBACK,"92,527,739,930",444,96,96,0.95,leftmost column whose run is >= 0.95 of the longest (96 px),445:96px;444:96px;249:64px;248:64px;247:64px;482:63px,,,,,,,,,,,,,,,,,,,,,,,,,,,,,,,,,,,,,,,,,,,,,,,,,,,
475,Fig. 1,ID475__fig1.png,CAP,140,AXIS_FALLBACK,"609,967,31,341",645,264,264,0.95,leftmost column whose run is >= 0.95 of the longest (264 px),645:264px;798:74px;797:74px;913:65px;912:65px;684:64px,,,,,,,,,,,,,,,,,,,,,,,,,,,,,,,,,,,,,,,,,,,,,,,,,,,
475,Fig. 1,ID475__fig1.png,CAP,140,AXIS_FALLBACK,"565,966,373,619",678,106,111,0.95,leftmost column whose run is >= 0.95 of the longest (111 px),912:111px;911:111px;796:108px;795:108px;678:106px;679:105px,,,,,,,,,,,,,,,,,,,,,,,,,,,,,,,,,,,,,,,,,,,,,,,,,,,
475,Fig. 1,ID475__fig1.png,CAP,140,AXIS_FALLBACK,"609,967,738,938",679,102,103,0.95,leftmost column whose run is >= 0.95 of the longest (103 px),797:103px;796:103px;680:102px;679:102px;914:99px;913:99px,,,,,,,,,,,,,,,,,,,,,,,,,,,,,,,,,,,,,,,,,,,,,,,,,,,
475,Fig. 1,ID475__fig1.png,CAP,140,AXIS_FALLBACK,"565,966,738,938",679,102,103,0.95,leftmost column whose run is >= 0.95 of the longest (103 px),797:103px;796:103px;680:102px;679:102px;914:99px;913:99px,,,,,,,,,,,,,,,,,,,,,,,,,,,,,,,,,,,,,,,,,,,,,,,,,,,
475,Fig. 1,ID475__fig1.png,CAP,140,AXIS_CANDIDATES,"609,967,31,341",645,,,,leftmost of 1 free runs,645:63-327:free,1,0,63-327,823,93.0,,,,,,,,,,,,,,,,,,,,,,,,,,,,,,,,,,,,,,,,,,,,,,
475,Fig. 1,ID475__fig1.png,CAP,140,AXIS_FALLBACK,"609,967,31,341",645,264,264,0.95,leftmost column whose run is >= 0.95 of the longest (264 px),645:264px;798:74px;797:74px;913:65px;912:65px;684:64px,,,,,,,,,,,,,,,,,,,,,,,,,,,,,,,,,,,,,,,,,,,,,,,,,,,
475,Fig. 1,ID475__fig1.png,CAP,140,AXIS_CANDIDATES,"565,966,373,619",679,,,,leftmost of 3 free runs,679:513-618:free;795:406-514:free;796:406-514:free;678:513-619:clipped,3,1,513-618,805,73.8,,,,,,,,,,,,,,,,,,,,,,,,,,,,,,,,,,,,,,,,,,,,,,
475,Fig. 1,ID475__fig1.png,CAP,140,AXIS_FALLBACK,"565,966,373,619",678,106,111,0.95,leftmost column whose run is >= 0.95 of the longest (111 px),912:111px;911:111px;796:108px;795:108px;678:106px;679:105px,,,,,,,,,,,,,,,,,,,,,,,,,,,,,,,,,,,,,,,,,,,,,,,,,,,
475,Fig. 1,ID475__fig1.png,CAP,140,AXIS_CANDIDATES,"92,527,739,930",247,,,,leftmost of 3 free runs,247:852-916:free;248:852-916:free;249:852-916:free,3,0,852-916,353,57.3,,,,,,,,,,,,,,,,,,,,,,,,,,,,,,,,,,,,,,,,,,,,,,
475,Fig. 1,ID475__fig1.png,CAP,140,AXIS_FALLBACK,"92,527,739,930",444,96,96,0.95,leftmost column whose run is >= 0.95 of the longest (96 px),445:96px;444:96px;249:64px;248:64px;247:64px;482:63px,,,,,,,,,,,,,,,,,,,,,,,,,,,,,,,,,,,,,,,,,,,,,,,,,,,
475,Fig. 1,ID475__fig1.png,CAP,140,AXIS_CANDIDATES,"428,500,510,664",445,,,,no free run; leftmost of 4 clipped,445:510-630:clipped;446:510-630:clipped;465:510-573:clipped;466:510-573:clipped,0,4,510-630,471,46.2,,,,,,,,,,,,,,,,,,,,,,,,,,,,,,,,,,,,,,,,,,,,,,
475,Fig. 1,ID475__fig1.png,CAP,140,AXIS_FALLBACK,"428,500,510,664",445,120,120,0.95,leftmost column whose run is >= 0.95 of the longest (120 px),446:120px;445:120px;499:63px;482:63px;481:63px;466:63px,,,,,,,,,,,,,,,,,,,,,,,,,,,,,,,,,,,,,,,,,,,,,,,,,,,
475,Fig. 1,ID475__fig1.png,CAP,140,AXIS_CANDIDATES,"609,967,738,938",679,,,,leftmost of 2 free runs,679:835-937:free;680:835-937:free;796:835-938:clipped;797:835-938:clipped,2,2,835-937,823,60.0,,,,,,,,,,,,,,,,,,,,,,,,,,,,,,,,,,,,,,,,,,,,,,
475,Fig. 1,ID475__fig1.png,CAP,140,AXIS_FALLBACK,"609,967,738,938",679,102,103,0.95,leftmost column whose run is >= 0.95 of the longest (103 px),797:103px;796:103px;680:102px;679:102px;914:99px;913:99px,,,,,,,,,,,,,,,,,,,,,,,,,,,,,,,,,,,,,,,,,,,,,,,,,,,
475,Fig. 1,ID475__fig1.png,CAP,140,AXIS_CANDIDATES,"565,966,738,938",679,,,,leftmost of 2 free runs,679:835-937:free;680:835-937:free;796:835-938:clipped;797:835-938:clipped,2,2,835-937,805,60.0,,,,,,,,,,,,,,,,,,,,,,,,,,,,,,,,,,,,,,,,,,,,,,
475,Fig. 1,ID475__fig1.png,CAP,140,AXIS_FALLBACK,"565,966,738,938",679,102,103,0.95,leftmost column whose run is >= 0.95 of the longest (103 px),797:103px;796:103px;680:102px;679:102px;914:99px;913:99px,,,,,,,,,,,,,,,,,,,,,,,,,,,,,,,,,,,,,,,,,,,,,,,,,,,
475,Fig. 1,ID475__fig1.png,CAP,140,ORPHAN,,,,,,,,,,,,,"106,501,27,297",395,270,NO_PANEL_IN_REACH,0,left 108px share 0.99 reach 34 [gap] | overlap 0px share 0.00 reach 34 [share],,,,,,,,,,,,,,,,,,,,,,,,,,,,,,,,,,,,,,,,
475,Fig. 1,ID475__fig1.png,CAP,140,ORPHAN,,,,,,,,,,,,,"142,487,317,341",345,24,NO_PANEL_IN_REACH,0,left 122px share 1.00 reach 34 [gap] | overlap 0px share 0.00 reach 34 [share],,,,,,,,,,,,,,,,,,,,,,,,,,,,,,,,,,,,,,,,
475,Fig. 1,ID475__fig1.png,CAP,140,ORPHAN,,,,,,,,,,,,,"99,384,370,664",285,294,NO_PANEL_IN_REACH,0,left 181px share 1.00 reach 34 [gap] | overlap 0px share 0.00 reach 34 [share],,,,,,,,,,,,,,,,,,,,,,,,,,,,,,,,,,,,,,,,
475,Fig. 1,ID475__fig1.png,CAP,140,ORPHAN,,,,,,,,,,,,,"138,172,695,708",34,13,NO_PANEL_IN_REACH,0,left 437px share 0.00 reach 34 [gap] [share] | overlap 0px share 0.00 reach 34 [share],,,,,,,,,,,,,,,,,,,,,,,,,,,,,,,,,,,,,,,,
475,Fig. 1,ID475__fig1.png,CAP,140,ORPHAN,,,,,,,,,,,,,"192,211,696,720",19,24,NO_PANEL_IN_REACH,0,left 398px share 0.00 reach 34 [gap] [share] | overlap 0px share 0.00 reach 34 [share],,,,,,,,,,,,,,,,,,,,,,,,,,,,,,,,,,,,,,,,
475,Fig. 1,ID475__fig1.png,CAP,140,ORPHAN,,,,,,,,,,,,,"130,469,949,975",339,26,NO_PANEL_IN_REACH,0,left 140px share 0.00 reach 34 [gap] [share] | overlap 0px share 0.00 reach 34 [share],,,,,,,,,,,,,,,,,,,,,,,,,,,,,,,,,,,,,,,,
475,Fig. 1,ID475__fig1.png,CAP,140,AXIS_FALLBACK,"609,967,31,341",645,264,264,0.95,leftmost column whose run is >= 0.95 of the longest (264 px),645:264px;798:74px;797:74px;913:65px;912:65px;684:64px,,,,,,,,,,,,,,,,,,,,,,,,,,,,,,,,,,,,,,,,,,,,,,,,,,,
475,Fig. 1,ID475__fig1.png,CAP,140,AXIS_FALLBACK,"609,967,31,341",645,264,264,0.95,leftmost column whose run is >= 0.95 of the longest (264 px),645:264px;798:74px;797:74px;913:65px;912:65px;684:64px,,,,,,,,,,,,,,,,,,,,,,,,,,,,,,,,,,,,,,,,,,,,,,,,,,,
475,Fig. 1,ID475__fig1.png,CAP,140,AXIS_FALLBACK,"609,967,31,341",645,264,264,0.95,leftmost column whose run is >= 0.95 of the longest (264 px),645:264px;798:74px;797:74px;913:65px;912:65px;684:64px,,,,,,,,,,,,,,,,,,,,,,,,,,,,,,,,,,,,,,,,,,,,,,,,,,,
475,Fig. 1,ID475__fig1.png,CAP,140,ORPHAN,,,,,,,,,,,,,"572,590,116,254",18,138,OFFERED,,,"609,967,31,341",left,19,34,,,,,,,,,,,,,,,,,,,,,,,,,,,,,,,,,,,,
475,Fig. 1,ID475__fig1.png,CAP,140,GATE,,,,,,,,,,,,,"572,590,116,254",,,,,,"609,967,31,341",left,19,,True,O,O,-,X,O,-,,,,,,,,,,,,,,,,,,,,,,,,,,,,,
475,Fig. 1,ID475__fig1.png,CAP,140,GATE_WHY,,,,,,,,,,,,,"572,590,116,254",,,,,,"609,967,31,341",,,,,,,,,,,"축 없음, 잉크 0.358","행 겹침 1.00, 패널 행 31-341, 조각 116-254",이 클립에서 캡션을 읽지 못했다,"건너는 간격 59 px, 패널 내부의 가장 큰 간격 1 px","밑변에 선 열 0.00, 축 범위 안 잉크 1.07 (교집합 1.00)",막대·눈금이 0→0개뿐이라 규칙성을 잴 수 없다,,,,,,,,,,,,,,,,,,,,,,,
475,Fig. 1,ID475__fig1.png,CAP,140,POST,,,,,,,,,,,,,"572,590,116,254",,,ADOPTED,,,"609,967,31,341",,,,,,,,,,,,,,,,,"572,967,31,341",,,,,,,,,,,,,,,,,,,,,,
475,Fig. 1,ID475__fig1.png,CAP,140,ORPHAN,,,,,,,,,,,,,"604,944,640,669",340,29,NO_PANEL_IN_REACH,0,overlap 0px share 0.00 reach 34 [share] | right 104px share 0.83 reach 34 [gap],,,,,,,,,,,,,,,,,,,,,,,,,,,,,,,,,,,,,,,,
475,Fig. 1,ID475__fig1.png,CAP,140,AXIS_FALLBACK,"92,527,739,930",444,96,96,0.95,leftmost column whose run is >= 0.95 of the longest (96 px),445:96px;444:96px;249:64px;248:64px;247:64px;482:63px,,,,,,,,,,,,,,,,,,,,,,,,,,,,,,,,,,,,,,,,,,,,,,,,,,,
475,Fig. 1,ID475__fig1.png,CAP,140,AXIS_FALLBACK,"92,527,739,930",444,96,96,0.95,leftmost column whose run is >= 0.95 of the longest (96 px),445:96px;444:96px;249:64px;248:64px;247:64px;482:63px,,,,,,,,,,,,,,,,,,,,,,,,,,,,,,,,,,,,,,,,,,,,,,,,,,,
475,Fig. 1,ID475__fig1.png,CAP,140,AXIS_FALLBACK,"92,527,739,930",444,96,96,0.95,leftmost column whose run is >= 0.95 of the longest (96 px),445:96px;444:96px;249:64px;248:64px;247:64px;482:63px,,,,,,,,,,,,,,,,,,,,,,,,,,,,,,,,,,,,,,,,,,,,,,,,,,,
475,Fig. 1,ID475__fig1.png,CAP,140,ORPHAN,,,,,,,,,,,,,"553,743,695,981",190,286,OFFERED,,,"92,527,739,930",right,26,34,,,,,,,,,,,,,,,,,,,,,,,,,,,,,,,,,,,,
475,Fig. 1,ID475__fig1.png,CAP,140,GATE,,,,,,,,,,,,,"553,743,695,981",,,,,,"92,527,739,930",right,26,,False,O,X,-,X,X,-,,,,,,,,,,,,,,,,,,,,,,,,,,,,,
475,Fig. 1,ID475__fig1.png,CAP,140,GATE_WHY,,,,,,,,,,,,,"553,743,695,981",,,,,,"92,527,739,930",,,,,,,,,,,"축 없음, 잉크 0.071","행 겹침 1.00, 패널 행 739-930, 조각 695-981",이 클립에서 캡션을 읽지 못했다,"건너는 간격 38 px, 패널 내부의 가장 큰 간격 0 px","밑변에 선 열 0.39, 축 범위 안 잉크 0.33 (교집합 0.33)",막대·눈금이 0→0개뿐이라 규칙성을 잴 수 없다,,,,,,,,,,,,,,,,,,,,,,,
475,Fig. 1,ID475__fig1.png,CAP,140,ORPHAN,,,,,,,,,,,,,"792,969,738,981",177,243,NO_PANEL_IN_REACH,0,overlap 0px share 1.00 reach 61 | right 265px share 1.00 reach 34 [gap],,,,,,,,,,,,,,,,,,,,,,,,,,,,,,,,,,,,,,,,
475,Fig. 1,ID475__fig1.png,CAP,140,AXIS_CANDIDATES,"191,490,27,145",,,,,no run long enough,,0,0,,370,35.4,,,,,,,,,,,,,,,,,,,,,,,,,,,,,,,,,,,,,,,,,,,,,,
475,Fig. 1,ID475__fig1.png,CAP,140,AXIS_FALLBACK,"191,490,27,145",482,66,66,0.95,leftmost column whose run is >= 0.95 of the longest (66 px),483:66px;482:66px;204:18px;198:18px;431:17px;430:17px,,,,,,,,,,,,,,,,,,,,,,,,,,,,,,,,,,,,,,,,,,,,,,,,,,,
475,Fig. 1,ID475__fig1.png,CAP,140,AXIS_FALLBACK,"191,490,27,145",482,66,66,0.95,leftmost column whose run is >= 0.95 of the longest (66 px),483:66px;482:66px;204:18px;198:18px;431:17px;430:17px,,,,,,,,,,,,,,,,,,,,,,,,,,,,,,,,,,,,,,,,,,,,,,,,,,,
475,Fig. 1,ID475__fig1.png,CAP,140,AXIS_CANDIDATES,"191,501,145,225",216,,,,no free run; leftmost of 7 clipped,216:171-226:clipped;217:171-226:clipped;236:176-225:clipped;237:174-226:clipped;269:174-226:clipped;270:175-225:clipped;352:172-226:clipped,0,7,171-226,377,24.0,,,,,,,,,,,,,,,,,,,,,,,,,,,,,,,,,,,,,,,,,,,,,,
475,Fig. 1,ID475__fig1.png,CAP,140,AXIS_FALLBACK,"191,501,145,225",466,80,80,0.95,leftmost column whose run is >= 0.95 of the longest (80 px),499:80px;467:80px;466:80px;500:79px;217:54px;216:54px,,,,,,,,,,,,,,,,,,,,,,,,,,,,,,,,,,,,,,,,,,,,,,,,,,,
475,Fig. 1,ID475__fig1.png,CAP,140,AXIS_CANDIDATES,"197,500,225,341",331,,,,no free run; leftmost of 2 clipped,331:224-277:clipped;332:224-277:clipped,0,2,224-277,378,34.8,,,,,,,,,,,,,,,,,,,,,,,,,,,,,,,,,,,,,,,,,,,,,,
475,Fig. 1,ID475__fig1.png,CAP,140,AXIS_FALLBACK,"197,500,225,341",446,68,68,0.95,leftmost column whose run is >= 0.95 of the longest (68 px),447:68px;446:68px;332:52px;331:52px;463:19px;462:19px,,,,,,,,,,,,,,,,,,,,,,,,,,,,,,,,,,,,,,,,,,,,,,,,,,,
475,Fig. 1,ID475__fig1.png,CAP,140,AXIS_CANDIDATES,"191,500,375,511",328,,,,no free run; leftmost of 2 clipped,328:448-512:clipped;329:448-512:clipped,0,2,448-512,376,40.8,,,,,,,,,,,,,,,,,,,,,,,,,,,,,,,,,,,,,,,,,,,,,,
475,Fig. 1,ID475__fig1.png,CAP,140,AXIS_FALLBACK,"191,500,375,511",328,63,63,0.95,leftmost column whose run is >= 0.95 of the longest (63 px),329:63px;328:63px;196:21px;195:20px;194:18px;193:15px,,,,,,,,,,,,,,,,,,,,,,,,,,,,,,,,,,,,,,,,,,,,,,,,,,,
475,Fig. 1,ID475__fig1.png,CAP,140,AXIS_CANDIDATES,"192,500,511,720",249,,,,leftmost of 2 free runs,249:559-627:free;250:559-627:free;212:510-575:clipped;213:510-575:clipped;349:510-576:clipped;350:510-576:clipped,2,4,559-627,376,62.7,,,,,,,,,,,,,,,,,,,,,,,,,,,,,,,,,,,,,,,,,,,,,,
475,Fig. 1,ID475__fig1.png,CAP,140,AXIS_FALLBACK,"192,500,511,720",445,119,119,0.95,leftmost column whose run is >= 0.95 of the longest (119 px),446:119px;445:119px;250:68px;249:68px;383:65px;382:65px,,,,,,,,,,,,,,,,,,,,,,,,,,,,,,,,,,,,,,,,,,,,,,,,,,,
475,Fig. 1,ID475__fig1.png,CAP,140,AXIS_CANDIDATES,"194,500,834,975",247,,,,leftmost of 5 free runs,247:852-916:free;248:852-916:free;249:852-916:free;364:865-921:free;365:865-921:free;327:834-879:clipped;328:834-879:clipped,5,2,852-916,377,42.3,,,,,,,,,,,,,,,,,,,,,,,,,,,,,,,,,,,,,,,,,,,,,,
475,Fig. 1,ID475__fig1.png,CAP,140,AXIS_FALLBACK,"194,500,834,975",444,117,117,0.95,leftmost column whose run is >= 0.95 of the longest (117 px),445:117px;444:117px;249:64px;248:64px;247:64px;482:63px,,,,,,,,,,,,,,,,,,,,,,,,,,,,,,,,,,,,,,,,,,,,,,,,,,,
475,Fig. 1,ID475__fig1.png,CAP,140,ORPHAN,,,,,,,,,,,,,"106,501,27,297",395,270,NO_PANEL_IN_REACH,0,overlap 0px share 1.00 reach 34,,,,,,,,,,,,,,,,,,,,,,,,,,,,,,,,,,,,,,,,
475,Fig. 1,ID475__fig1.png,CAP,140,ORPHAN,,,,,,,,,,,,,"142,487,317,341",345,24,NO_PANEL_IN_REACH,0,overlap 0px share 1.00 reach 34,,,,,,,,,,,,,,,,,,,,,,,,,,,,,,,,,,,,,,,,
475,Fig. 1,ID475__fig1.png,CAP,140,ORPHAN,,,,,,,,,,,,,"99,384,370,664",285,294,NO_PANEL_IN_REACH,0,overlap 0px share 1.00 reach 44,,,,,,,,,,,,,,,,,,,,,,,,,,,,,,,,,,,,,,,,
475,Fig. 1,ID475__fig1.png,CAP,140,AXIS_FALLBACK,"192,500,511,720",445,119,119,0.95,leftmost column whose run is >= 0.95 of the longest (119 px),446:119px;445:119px;250:68px;249:68px;383:65px;382:65px,,,,,,,,,,,,,,,,,,,,,,,,,,,,,,,,,,,,,,,,,,,,,,,,,,,
475,Fig. 1,ID475__fig1.png,CAP,140,AXIS_FALLBACK,"192,500,511,720",445,119,119,0.95,leftmost column whose run is >= 0.95 of the longest (119 px),446:119px;445:119px;250:68px;249:68px;383:65px;382:65px,,,,,,,,,,,,,,,,,,,,,,,,,,,,,,,,,,,,,,,,,,,,,,,,,,,
475,Fig. 1,ID475__fig1.png,CAP,140,AXIS_FALLBACK,"192,500,511,720",445,119,119,0.95,leftmost column whose run is >= 0.95 of the longest (119 px),446:119px;445:119px;250:68px;249:68px;383:65px;382:65px,,,,,,,,,,,,,,,,,,,,,,,,,,,,,,,,,,,,,,,,,,,,,,,,,,,
475,Fig. 1,ID475__fig1.png,CAP,140,ORPHAN,,,,,,,,,,,,,"138,172,695,708",34,13,OFFERED,,,"192,500,511,720",left,20,98,,,,,,,,,,,,,,,,,,,,,,,,,,,,,,,,,,,,
475,Fig. 1,ID475__fig1.png,CAP,140,GATE,,,,,,,,,,,,,"138,172,695,708",,,,,,"192,500,511,720",left,20,,True,O,O,-,O,O,-,,,,,,,,,,,,,,,,,,,,,,,,,,,,,
475,Fig. 1,ID475__fig1.png,CAP,140,GATE_WHY,,,,,,,,,,,,,"138,172,695,708",,,,,,"192,500,511,720",,,,,,,,,,,"축 없음, 잉크 0.186","행 겹침 1.00, 패널 행 511-720, 조각 695-708",이 클립에서 캡션을 읽지 못했다,"건너는 간격 87 px, 패널 내부의 가장 큰 간격 98 px","밑변에 선 열 0.00, 축 범위 안 잉크 2.05 (교집합 0.00)",막대·눈금이 0→0개뿐이라 규칙성을 잴 수 없다,,,,,,,,,,,,,,,,,,,,,,,
475,Fig. 1,ID475__fig1.png,CAP,140,POST,,,,,,,,,,,,,"138,172,695,708",,,ADOPTED,,,"192,500,511,720",,,,,,,,,,,,,,,,,"138,500,511,720",,,,,,,,,,,,,,,,,,,,,,
475,Fig. 1,ID475__fig1.png,CAP,140,ORPHAN,,,,,,,,,,,,,"192,211,696,720",19,24,NO_PANEL_IN_REACH,0,overlap 0px share 1.00 reach 98,,,,,,,,,,,,,,,,,,,,,,,,,,,,,,,,,,,,,,,,
475,Fig. 1,ID475__fig1.png,CAP,140,ORPHAN,,,,,,,,,,,,,"130,469,949,975",339,26,NO_PANEL_IN_REACH,0,overlap 0px share 1.00 reach 34,,,,,,,,,,,,,,,,,,,,,,,,,,,,,,,,,,,,,,,,
475,Fig. 1,ID475__fig1.png,CAP,140,ORPHAN,,,,,,,,,,,,,"572,590,116,254",18,138,NO_PANEL_IN_REACH,0,right 71px share 1.00 reach 34 [gap],,,,,,,,,,,,,,,,,,,,,,,,,,,,,,,,,,,,,,,,
475,Fig. 1,ID475__fig1.png,CAP,140,ORPHAN,,,,,,,,,,,,,"573,587,262,273",14,11,NO_PANEL_IN_REACH,0,right 73px share 1.00 reach 34 [gap],,,,,,,,,,,,,,,,,,,,,,,,,,,,,,,,,,,,,,,,
475,Fig. 1,ID475__fig1.png,CAP,140,ORPHAN,,,,,,,,,,,,,"604,944,640,669",340,29,NO_PANEL_IN_REACH,0,right 104px share 1.00 reach 98 [gap],,,,,,,,,,,,,,,,,,,,,,,,,,,,,,,,,,,,,,,,
475,Fig. 1,ID475__fig1.png,CAP,140,ORPHAN,,,,,,,,,,,,,"553,743,695,981",190,286,NO_PANEL_IN_REACH,0,right 53px share 1.00 reach 34 [gap],,,,,,,,,,,,,,,,,,,,,,,,,,,,,,,,,,,,,,,,
475,Fig. 1,ID475__fig1.png,CAP,140,ORPHAN,,,,,,,,,,,,,"792,969,738,981",177,243,NO_PANEL_IN_REACH,0,right 292px share 1.00 reach 34 [gap],,,,,,,,,,,,,,,,,,,,,,,,,,,,,,,,,,,,,,,,
475,Fig. 1,ID475__fig1.png,CAP,140,AXIS_FALLBACK,"609,967,31,341",645,264,264,0.95,leftmost column whose run is >= 0.95 of the longest (264 px),645:264px;798:74px;797:74px;913:65px;912:65px;684:64px,,,,,,,,,,,,,,,,,,,,,,,,,,,,,,,,,,,,,,,,,,,,,,,,,,,
475,Fig. 1,ID475__fig1.png,CAP,140,AXIS_FALLBACK,"565,966,373,619",678,106,111,0.95,leftmost column whose run is >= 0.95 of the longest (111 px),912:111px;911:111px;796:108px;795:108px;678:106px;679:105px,,,,,,,,,,,,,,,,,,,,,,,,,,,,,,,,,,,,,,,,,,,,,,,,,,,
475,Fig. 1,ID475__fig1.png,CAP,140,AXIS_FALLBACK,"92,527,739,930",444,96,96,0.95,leftmost column whose run is >= 0.95 of the longest (96 px),445:96px;444:96px;249:64px;248:64px;247:64px;482:63px,,,,,,,,,,,,,,,,,,,,,,,,,,,,,,,,,,,,,,,,,,,,,,,,,,,
475,Fig. 1,ID475__fig1.png,CAP,140,AXIS_FALLBACK,"428,500,510,664",445,120,120,0.95,leftmost column whose run is >= 0.95 of the longest (120 px),446:120px;445:120px;499:63px;482:63px;481:63px;466:63px,,,,,,,,,,,,,,,,,,,,,,,,,,,,,,,,,,,,,,,,,,,,,,,,,,,
475,Fig. 1,ID475__fig1.png,CAP,140,AXIS_FALLBACK,"609,967,738,938",679,102,103,0.95,leftmost column whose run is >= 0.95 of the longest (103 px),797:103px;796:103px;680:102px;679:102px;914:99px;913:99px,,,,,,,,,,,,,,,,,,,,,,,,,,,,,,,,,,,,,,,,,,,,,,,,,,,
475,Fig. 1,ID475__fig1.png,CAP,140,AXIS_FALLBACK,"565,966,738,938",679,102,103,0.95,leftmost column whose run is >= 0.95 of the longest (103 px),797:103px;796:103px;680:102px;679:102px;914:99px;913:99px,,,,,,,,,,,,,,,,,,,,,,,,,,,,,,,,,,,,,,,,,,,,,,,,,,,
475,Fig. 1,ID475__fig1.png,CAP,140,AXIS_FALLBACK,"572,967,31,341",645,264,264,0.95,leftmost column whose run is >= 0.95 of the longest (264 px),645:264px;798:74px;797:74px;913:65px;912:65px;684:64px,,,,,,,,,,,,,,,,,,,,,,,,,,,,,,,,,,,,,,,,,,,,,,,,,,,
475,Fig. 1,ID475__fig1.png,CAP,140,AXIS_FALLBACK,"191,490,27,145",482,66,66,0.95,leftmost column whose run is >= 0.95 of the longest (66 px),483:66px;482:66px;204:18px;198:18px;431:17px;430:17px,,,,,,,,,,,,,,,,,,,,,,,,,,,,,,,,,,,,,,,,,,,,,,,,,,,
475,Fig. 1,ID475__fig1.png,CAP,140,AXIS_FALLBACK,"191,501,145,225",466,80,80,0.95,leftmost column whose run is >= 0.95 of the longest (80 px),499:80px;467:80px;466:80px;500:79px;217:54px;216:54px,,,,,,,,,,,,,,,,,,,,,,,,,,,,,,,,,,,,,,,,,,,,,,,,,,,
475,Fig. 1,ID475__fig1.png,CAP,140,AXIS_FALLBACK,"197,500,225,341",446,68,68,0.95,leftmost column whose run is >= 0.95 of the longest (68 px),447:68px;446:68px;332:52px;331:52px;463:19px;462:19px,,,,,,,,,,,,,,,,,,,,,,,,,,,,,,,,,,,,,,,,,,,,,,,,,,,
475,Fig. 1,ID475__fig1.png,CAP,140,AXIS_FALLBACK,"191,500,375,511",328,63,63,0.95,leftmost column whose run is >= 0.95 of the longest (63 px),329:63px;328:63px;196:21px;195:20px;194:18px;193:15px,,,,,,,,,,,,,,,,,,,,,,,,,,,,,,,,,,,,,,,,,,,,,,,,,,,
475,Fig. 1,ID475__fig1.png,CAP,140,AXIS_FALLBACK,"192,500,511,720",445,119,119,0.95,leftmost column whose run is >= 0.95 of the longest (119 px),446:119px;445:119px;250:68px;249:68px;383:65px;382:65px,,,,,,,,,,,,,,,,,,,,,,,,,,,,,,,,,,,,,,,,,,,,,,,,,,,
475,Fig. 1,ID475__fig1.png,CAP,140,AXIS_FALLBACK,"194,500,834,975",444,117,117,0.95,leftmost column whose run is >= 0.95 of the longest (117 px),445:117px;444:117px;249:64px;248:64px;247:64px;482:63px,,,,,,,,,,,,,,,,,,,,,,,,,,,,,,,,,,,,,,,,,,,,,,,,,,,
475,Fig. 1,ID475__fig1.png,CAP,140,AXIS_FALLBACK,"138,500,511,720",445,119,119,0.95,leftmost column whose run is >= 0.95 of the longest (119 px),446:119px;445:119px;250:68px;249:68px;383:65px;382:65px,,,,,,,,,,,,,,,,,,,,,,,,,,,,,,,,,,,,,,,,,,,,,,,,,,,
475,Fig. 1,ID475__fig1.png,GRID,140,AXIS_FALLBACK,"92,527,739,930",444,96,96,0.95,leftmost column whose run is >= 0.95 of the longest (96 px),445:96px;444:96px;249:64px;248:64px;247:64px;482:63px,,,,,,,,,,,,,,,,,,,,,,,,,,,,,,,,,,,,,,,,,,,,,,,,,,,
475,Fig. 1,ID475__fig1.png,GRID,140,AXIS_FALLBACK,"609,967,31,341",645,264,264,0.95,leftmost column whose run is >= 0.95 of the longest (264 px),645:264px;798:74px;797:74px;913:65px;912:65px;684:64px,,,,,,,,,,,,,,,,,,,,,,,,,,,,,,,,,,,,,,,,,,,,,,,,,,,
475,Fig. 1,ID475__fig1.png,GRID,140,AXIS_FALLBACK,"565,966,373,619",678,106,111,0.95,leftmost column whose run is >= 0.95 of the longest (111 px),912:111px;911:111px;796:108px;795:108px;678:106px;679:105px,,,,,,,,,,,,,,,,,,,,,,,,,,,,,,,,,,,,,,,,,,,,,,,,,,,
475,Fig. 1,ID475__fig1.png,GRID,140,AXIS_FALLBACK,"660,969,517,841",678,102,102,0.95,leftmost column whose run is >= 0.95 of the longest (102 px),678:102px;679:101px;914:99px;913:99px;949:46px;948:46px,,,,,,,,,,,,,,,,,,,,,,,,,,,,,,,,,,,,,,,,,,,,,,,,,,,
475,Fig. 1,ID475__fig1.png,GRID,140,AXIS_FALLBACK,"644,966,231,519",795,108,111,0.95,leftmost column whose run is >= 0.95 of the longest (111 px),912:111px;911:111px;796:108px;795:108px;645:96px;798:70px,,,,,,,,,,,,,,,,,,,,,,,,,,,,,,,,,,,,,,,,,,,,,,,,,,,
475,Fig. 1,ID475__fig1.png,GRID,140,AXIS_FALLBACK,"644,1023,31,233",645,170,170,0.95,leftmost column whose run is >= 0.95 of the longest (170 px),645:170px;950:61px;949:61px;948:61px;736:58px;703:58px,,,,,,,,,,,,,,,,,,,,,,,,,,,,,,,,,,,,,,,,,,,,,,,,,,,
475,Fig. 1,ID475__fig1.png,GRID,140,AXIS_FALLBACK,"428,500,510,664",445,120,120,0.95,leftmost column whose run is >= 0.95 of the longest (120 px),446:120px;445:120px;499:63px;482:63px;481:63px;466:63px,,,,,,,,,,,,,,,,,,,,,,,,,,,,,,,,,,,,,,,,,,,,,,,,,,,
475,Fig. 1,ID475__fig1.png,GRID,140,AXIS_FALLBACK,"92,527,739,930",444,96,96,0.95,leftmost column whose run is >= 0.95 of the longest (96 px),445:96px;444:96px;249:64px;248:64px;247:64px;482:63px,,,,,,,,,,,,,,,,,,,,,,,,,,,,,,,,,,,,,,,,,,,,,,,,,,,
475,Fig. 1,ID475__fig1.png,GRID,140,AXIS_FALLBACK,"609,967,31,341",645,264,264,0.95,leftmost column whose run is >= 0.95 of the longest (264 px),645:264px;798:74px;797:74px;913:65px;912:65px;684:64px,,,,,,,,,,,,,,,,,,,,,,,,,,,,,,,,,,,,,,,,,,,,,,,,,,,
475,Fig. 1,ID475__fig1.png,GRID,140,AXIS_FALLBACK,"565,966,373,619",678,106,111,0.95,leftmost column whose run is >= 0.95 of the longest (111 px),912:111px;911:111px;796:108px;795:108px;678:106px;679:105px,,,,,,,,,,,,,,,,,,,,,,,,,,,,,,,,,,,,,,,,,,,,,,,,,,,
475,Fig. 1,ID475__fig1.png,GRID,140,AXIS_CANDIDATES,"660,969,517,841",678,,,,no free run; leftmost of 2 clipped,678:513-619:clipped;679:513-618:clipped,0,2,513-619,845,97.2,,,,,,,,,,,,,,,,,,,,,,,,,,,,,,,,,,,,,,,,,,,,,,
475,Fig. 1,ID475__fig1.png,GRID,140,AXIS_FALLBACK,"660,969,517,841",678,102,102,0.95,leftmost column whose run is >= 0.95 of the longest (102 px),678:102px;679:101px;914:99px;913:99px;949:46px;948:46px,,,,,,,,,,,,,,,,,,,,,,,,,,,,,,,,,,,,,,,,,,,,,,,,,,,
475,Fig. 1,ID475__fig1.png,GRID,140,AXIS_CANDIDATES,"644,966,231,519",795,,,,leftmost of 2 free runs,795:406-514:free;796:406-514:free;645:63-327:clipped,2,1,406-514,837,86.4,,,,,,,,,,,,,,,,,,,,,,,,,,,,,,,,,,,,,,,,,,,,,,
475,Fig. 1,ID475__fig1.png,GRID,140,AXIS_FALLBACK,"644,966,231,519",795,108,111,0.95,leftmost column whose run is >= 0.95 of the longest (111 px),912:111px;911:111px;796:108px;795:108px;645:96px;798:70px,,,,,,,,,,,,,,,,,,,,,,,,,,,,,,,,,,,,,,,,,,,,,,,,,,,
475,Fig. 1,ID475__fig1.png,GRID,140,AXIS_CANDIDATES,"644,1023,31,233",645,,,,no free run; leftmost of 1 clipped,645:63-327:clipped,0,1,63-327,871,60.6,,,,,,,,,,,,,,,,,,,,,,,,,,,,,,,,,,,,,,,,,,,,,,
475,Fig. 1,ID475__fig1.png,GRID,140,AXIS_FALLBACK,"644,1023,31,233",645,170,170,0.95,leftmost column whose run is >= 0.95 of the longest (170 px),645:170px;950:61px;949:61px;948:61px;736:58px;703:58px,,,,,,,,,,,,,,,,,,,,,,,,,,,,,,,,,,,,,,,,,,,,,,,,,,,
475,Fig. 1,ID475__fig1.png,GRID,140,ORPHAN,,,,,,,,,,,,,"106,501,27,297",395,270,NO_PANEL_IN_REACH,0,left 143px share 1.00 reach 34 [gap],,,,,,,,,,,,,,,,,,,,,,,,,,,,,,,,,,,,,,,,
475,Fig. 1,ID475__fig1.png,GRID,140,ORPHAN,,,,,,,,,,,,,"142,487,317,341",345,24,NO_PANEL_IN_REACH,0,left 157px share 1.00 reach 34 [gap],,,,,,,,,,,,,,,,,,,,,,,,,,,,,,,,,,,,,,,,
475,Fig. 1,ID475__fig1.png,GRID,140,ORPHAN,,,,,,,,,,,,,"99,384,370,664",285,294,NO_PANEL_IN_REACH,0,left 260px share 0.52 reach 34 [gap],,,,,,,,,,,,,,,,,,,,,,,,,,,,,,,,,,,,,,,,
475,Fig. 1,ID475__fig1.png,GRID,140,ORPHAN,,,,,,,,,,,,,"138,172,695,708",34,13,NO_PANEL_IN_REACH,0,left 488px share 1.00 reach 61 [gap],,,,,,,,,,,,,,,,,,,,,,,,,,,,,,,,,,,,,,,,
475,Fig. 1,ID475__fig1.png,GRID,140,ORPHAN,,,,,,,,,,,,,"192,211,696,720",19,24,NO_PANEL_IN_REACH,0,left 449px share 1.00 reach 61 [gap],,,,,,,,,,,,,,,,,,,,,,,,,,,,,,,,,,,,,,,,
475,Fig. 1,ID475__fig1.png,GRID,140,ORPHAN,,,,,,,,,,,,,"130,469,949,975",339,26,NO_PANEL_IN_REACH,0,left 191px share 0.00 reach 61 [gap] [share],,,,,,,,,,,,,,,,,,,,,,,,,,,,,,,,,,,,,,,,
475,Fig. 1,ID475__fig1.png,GRID,140,ORPHAN,,,,,,,,,,,,,"572,590,116,254",18,138,NO_PANEL_IN_REACH,0,left 54px share 0.85 reach 34 [gap],,,,,,,,,,,,,,,,,,,,,,,,,,,,,,,,,,,,,,,,
475,Fig. 1,ID475__fig1.png,GRID,140,ORPHAN,,,,,,,,,,,,,"573,587,262,273",14,11,NO_PANEL_IN_REACH,0,left 57px share 1.00 reach 34 [gap],,,,,,,,,,,,,,,,,,,,,,,,,,,,,,,,,,,,,,,,
475,Fig. 1,ID475__fig1.png,GRID,140,ORPHAN,,,,,,,,,,,,,"604,944,640,669",340,29,NO_PANEL_IN_REACH,0,overlap 0px share 1.00 reach 61,,,,,,,,,,,,,,,,,,,,,,,,,,,,,,,,,,,,,,,,
475,Fig. 1,ID475__fig1.png,GRID,140,ORPHAN,,,,,,,,,,,,,"553,743,695,981",190,286,NO_PANEL_IN_REACH,0,overlap 0px share 0.51 reach 61,,,,,,,,,,,,,,,,,,,,,,,,,,,,,,,,,,,,,,,,
475,Fig. 1,ID475__fig1.png,GRID,140,ORPHAN,,,,,,,,,,,,,"792,969,738,981",177,243,NO_PANEL_IN_REACH,0,overlap 0px share 0.42 reach 61 [share],,,,,,,,,,,,,,,,,,,,,,,,,,,,,,,,,,,,,,,,
475,Fig. 1,ID475__fig1.png,GRID,140,AXIS_CANDIDATES,"191,490,27,145",,,,,no run long enough,,0,0,,370,35.4,,,,,,,,,,,,,,,,,,,,,,,,,,,,,,,,,,,,,,,,,,,,,,
475,Fig. 1,ID475__fig1.png,GRID,140,AXIS_FALLBACK,"191,490,27,145",482,66,66,0.95,leftmost column whose run is >= 0.95 of the longest (66 px),483:66px;482:66px;204:18px;198:18px;431:17px;430:17px,,,,,,,,,,,,,,,,,,,,,,,,,,,,,,,,,,,,,,,,,,,,,,,,,,,
475,Fig. 1,ID475__fig1.png,GRID,140,AXIS_FALLBACK,"191,490,27,145",482,66,66,0.95,leftmost column whose run is >= 0.95 of the longest (66 px),483:66px;482:66px;204:18px;198:18px;431:17px;430:17px,,,,,,,,,,,,,,,,,,,,,,,,,,,,,,,,,,,,,,,,,,,,,,,,,,,
475,Fig. 1,ID475__fig1.png,GRID,140,AXIS_CANDIDATES,"191,501,145,225",216,,,,no free run; leftmost of 7 clipped,216:171-226:clipped;217:171-226:clipped;236:176-225:clipped;237:174-226:clipped;269:174-226:clipped;270:175-225:clipped;352:172-226:clipped,0,7,171-226,377,24.0,,,,,,,,,,,,,,,,,,,,,,,,,,,,,,,,,,,,,,,,,,,,,,
475,Fig. 1,ID475__fig1.png,GRID,140,AXIS_FALLBACK,"191,501,145,225",466,80,80,0.95,leftmost column whose run is >= 0.95 of the longest (80 px),499:80px;467:80px;466:80px;500:79px;217:54px;216:54px,,,,,,,,,,,,,,,,,,,,,,,,,,,,,,,,,,,,,,,,,,,,,,,,,,,
475,Fig. 1,ID475__fig1.png,GRID,140,AXIS_CANDIDATES,"197,500,225,341",331,,,,no free run; leftmost of 2 clipped,331:224-277:clipped;332:224-277:clipped,0,2,224-277,378,34.8,,,,,,,,,,,,,,,,,,,,,,,,,,,,,,,,,,,,,,,,,,,,,,
475,Fig. 1,ID475__fig1.png,GRID,140,AXIS_FALLBACK,"197,500,225,341",446,68,68,0.95,leftmost column whose run is >= 0.95 of the longest (68 px),447:68px;446:68px;332:52px;331:52px;463:19px;462:19px,,,,,,,,,,,,,,,,,,,,,,,,,,,,,,,,,,,,,,,,,,,,,,,,,,,
475,Fig. 1,ID475__fig1.png,GRID,140,AXIS_CANDIDATES,"191,500,375,511",328,,,,no free run; leftmost of 2 clipped,328:448-512:clipped;329:448-512:clipped,0,2,448-512,376,40.8,,,,,,,,,,,,,,,,,,,,,,,,,,,,,,,,,,,,,,,,,,,,,,
475,Fig. 1,ID475__fig1.png,GRID,140,AXIS_FALLBACK,"191,500,375,511",328,63,63,0.95,leftmost column whose run is >= 0.95 of the longest (63 px),329:63px;328:63px;196:21px;195:20px;194:18px;193:15px,,,,,,,,,,,,,,,,,,,,,,,,,,,,,,,,,,,,,,,,,,,,,,,,,,,
475,Fig. 1,ID475__fig1.png,GRID,140,AXIS_CANDIDATES,"192,500,511,720",249,,,,leftmost of 2 free runs,249:559-627:free;250:559-627:free;212:510-575:clipped;213:510-575:clipped;349:510-576:clipped;350:510-576:clipped,2,4,559-627,376,62.7,,,,,,,,,,,,,,,,,,,,,,,,,,,,,,,,,,,,,,,,,,,,,,
475,Fig. 1,ID475__fig1.png,GRID,140,AXIS_FALLBACK,"192,500,511,720",445,119,119,0.95,leftmost column whose run is >= 0.95 of the longest (119 px),446:119px;445:119px;250:68px;249:68px;383:65px;382:65px,,,,,,,,,,,,,,,,,,,,,,,,,,,,,,,,,,,,,,,,,,,,,,,,,,,
475,Fig. 1,ID475__fig1.png,GRID,140,AXIS_CANDIDATES,"194,500,834,975",247,,,,leftmost of 5 free runs,247:852-916:free;248:852-916:free;249:852-916:free;364:865-921:free;365:865-921:free;327:834-879:clipped;328:834-879:clipped,5,2,852-916,377,42.3,,,,,,,,,,,,,,,,,,,,,,,,,,,,,,,,,,,,,,,,,,,,,,
475,Fig. 1,ID475__fig1.png,GRID,140,AXIS_FALLBACK,"194,500,834,975",444,117,117,0.95,leftmost column whose run is >= 0.95 of the longest (117 px),445:117px;444:117px;249:64px;248:64px;247:64px;482:63px,,,,,,,,,,,,,,,,,,,,,,,,,,,,,,,,,,,,,,,,,,,,,,,,,,,
475,Fig. 1,ID475__fig1.png,GRID,140,AXIS_CANDIDATES,"703,967,179,227",703,,,,no free run; leftmost of 5 clipped,703:170-228:clipped;736:170-228:clipped;818:178-228:clipped;850:178-228:clipped;851:178-228:clipped,0,5,170-228,861,14.4,,,,,,,,,,,,,,,,,,,,,,,,,,,,,,,,,,,,,,,,,,,,,,
475,Fig. 1,ID475__fig1.png,GRID,140,AXIS_FALLBACK,"703,967,179,227",703,48,48,0.95,leftmost column whose run is >= 0.95 of the longest (48 px),851:48px;850:48px;818:48px;736:48px;703:48px;966:40px,,,,,,,,,,,,,,,,,,,,,,,,,,,,,,,,,,,,,,,,,,,,,,,,,,,
475,Fig. 1,ID475__fig1.png,GRID,140,AXIS_CANDIDATES,"660,969,227,341",683,,,,no free run; leftmost of 4 clipped,683:227-291:clipped;684:227-291:clipped;797:227-301:clipped;798:227-301:clipped,0,4,227-291,845,34.2,,,,,,,,,,,,,,,,,,,,,,,,,,,,,,,,,,,,,,,,,,,,,,
475,Fig. 1,ID475__fig1.png,GRID,140,AXIS_FALLBACK,"660,969,227,341",797,74,74,0.95,leftmost column whose run is >= 0.95 of the longest (74 px),798:74px;797:74px;913:65px;912:65px;684:64px;683:64px,,,,,,,,,,,,,,,,,,,,,,,,,,,,,,,,,,,,,,,,,,,,,,,,,,,
475,Fig. 1,ID475__fig1.png,GRID,140,AXIS_CANDIDATES,"663,930,375,513",795,,,,no free run; leftmost of 2 clipped,795:406-514:clipped;796:406-514:clipped,0,2,406-514,823,41.4,,,,,,,,,,,,,,,,,,,,,,,,,,,,,,,,,,,,,,,,,,,,,,
475,Fig. 1,ID475__fig1.png,GRID,140,AXIS_FALLBACK,"663,930,375,513",795,107,110,0.95,leftmost column whose run is >= 0.95 of the longest (110 px),912:110px;911:110px;796:107px;795:107px;667:24px;666:24px,,,,,,,,,,,,,,,,,,,,,,,,,,,,,,,,,,,,,,,,,,,,,,,,,,,
475,Fig. 1,ID475__fig1.png,GRID,140,AXIS_CANDIDATES,"660,969,513,669",678,,,,no free run; leftmost of 2 clipped,678:513-619:clipped;679:513-618:clipped,0,2,513-619,845,46.8,,,,,,,,,,,,,,,,,,,,,,,,,,,,,,,,,,,,,,,,,,,,,,
475,Fig. 1,ID475__fig1.png,GRID,140,AXIS_FALLBACK,"660,969,513,669",678,106,106,0.95,leftmost column whose run is >= 0.95 of the longest (106 px),678:106px;679:105px;949:46px;948:46px;716:46px;715:46px,,,,,,,,,,,,,,,,,,,,,,,,,,,,,,,,,,,,,,,,,,,,,,,,,,,
475,Fig. 1,ID475__fig1.png,GRID,140,AXIS_CANDIDATES,"660,969,696,836",,,,,no run long enough,,0,0,,845,42.0,,,,,,,,,,,,,,,,,,,,,,,,,,,,,,,,,,,,,,,,,,,,,,
475,Fig. 1,ID475__fig1.png,GRID,140,AXIS_FALLBACK,"660,969,696,836",913,98,98,0.95,leftmost column whose run is >= 0.95 of the longest (98 px),914:98px;913:98px;717:34px;716:34px;663:24px;662:24px,,,,,,,,,,,,,,,,,,,,,,,,,,,,,,,,,,,,,,,,,,,,,,,,,,,
475,Fig. 1,ID475__fig1.png,GRID,140,AXIS_FALLBACK,"660,969,696,836",913,98,98,0.95,leftmost column whose run is >= 0.95 of the longest (98 px),914:98px;913:98px;717:34px;716:34px;663:24px;662:24px,,,,,,,,,,,,,,,,,,,,,,,,,,,,,,,,,,,,,,,,,,,,,,,,,,,
475,Fig. 1,ID475__fig1.png,GRID,140,AXIS_CANDIDATES,"663,969,836,981",679,,,,no free run; leftmost of 4 clipped,679:835-937:clipped;680:835-937:clipped;796:835-938:clipped;797:835-938:clipped,0,4,835-937,846,43.5,,,,,,,,,,,,,,,,,,,,,,,,,,,,,,,,,,,,,,,,,,,,,,
475,Fig. 1,ID475__fig1.png,GRID,140,AXIS_FALLBACK,"663,969,836,981",679,101,102,0.95,leftmost column whose run is >= 0.95 of the longest (102 px),797:102px;796:102px;680:101px;679:101px;834:42px;833:42px,,,,,,,,,,,,,,,,,,,,,,,,,,,,,,,,,,,,,,,,,,,,,,,,,,,
475,Fig. 1,ID475__fig1.png,GRID,140,ORPHAN,,,,,,,,,,,,,"106,501,27,297",395,270,NO_PANEL_IN_REACH,0,left 202px share 1.00 reach 34 [gap] | overlap 0px share 1.00 reach 34,,,,,,,,,,,,,,,,,,,,,,,,,,,,,,,,,,,,,,,,
475,Fig. 1,ID475__fig1.png,GRID,140,ORPHAN,,,,,,,,,,,,,"142,487,317,341",345,24,NO_PANEL_IN_REACH,0,left 173px share 1.00 reach 34 [gap] | overlap 0px share 1.00 reach 34,,,,,,,,,,,,,,,,,,,,,,,,,,,,,,,,,,,,,,,,
475,Fig. 1,ID475__fig1.png,GRID,140,ORPHAN,,,,,,,,,,,,,"99,384,370,664",285,294,NO_PANEL_IN_REACH,0,left 279px share 1.00 reach 34 [gap] | overlap 0px share 1.00 reach 44,,,,,,,,,,,,,,,,,,,,,,,,,,,,,,,,,,,,,,,,
475,Fig. 1,ID475__fig1.png,GRID,140,AXIS_FALLBACK,"192,500,511,720",445,119,119,0.95,leftmost column whose run is >= 0.95 of the longest (119 px),446:119px;445:119px;250:68px;249:68px;383:65px;382:65px,,,,,,,,,,,,,,,,,,,,,,,,,,,,,,,,,,,,,,,,,,,,,,,,,,,
475,Fig. 1,ID475__fig1.png,GRID,140,AXIS_FALLBACK,"192,500,511,720",445,119,119,0.95,leftmost column whose run is >= 0.95 of the longest (119 px),446:119px;445:119px;250:68px;249:68px;383:65px;382:65px,,,,,,,,,,,,,,,,,,,,,,,,,,,,,,,,,,,,,,,,,,,,,,,,,,,
475,Fig. 1,ID475__fig1.png,GRID,140,AXIS_FALLBACK,"192,500,511,720",445,119,119,0.95,leftmost column whose run is >= 0.95 of the longest (119 px),446:119px;445:119px;250:68px;249:68px;383:65px;382:65px,,,,,,,,,,,,,,,,,,,,,,,,,,,,,,,,,,,,,,,,,,,,,,,,,,,
475,Fig. 1,ID475__fig1.png,GRID,140,ORPHAN,,,,,,,,,,,,,"138,172,695,708",34,13,OFFERED,,,"192,500,511,720",left,20,98,,,,,,,,,,,,,,,,,,,,,,,,,,,,,,,,,,,,
475,Fig. 1,ID475__fig1.png,GRID,140,GATE,,,,,,,,,,,,,"138,172,695,708",,,,,,"192,500,511,720",left,20,,True,O,O,-,O,O,-,,,,,,,,,,,,,,,,,,,,,,,,,,,,,
475,Fig. 1,ID475__fig1.png,GRID,140,GATE_WHY,,,,,,,,,,,,,"138,172,695,708",,,,,,"192,500,511,720",,,,,,,,,,,"축 없음, 잉크 0.186","행 겹침 1.00, 패널 행 511-720, 조각 695-708",이 클립에서 캡션을 읽지 못했다,"건너는 간격 87 px, 패널 내부의 가장 큰 간격 98 px","밑변에 선 열 0.00, 축 범위 안 잉크 2.05 (교집합 0.00)",막대·눈금이 0→0개뿐이라 규칙성을 잴 수 없다,,,,,,,,,,,,,,,,,,,,,,,
475,Fig. 1,ID475__fig1.png,GRID,140,POST,,,,,,,,,,,,,"138,172,695,708",,,ADOPTED,,,"192,500,511,720",,,,,,,,,,,,,,,,,"138,500,511,720",,,,,,,,,,,,,,,,,,,,,,
475,Fig. 1,ID475__fig1.png,GRID,140,ORPHAN,,,,,,,,,,,,,"192,211,696,720",19,24,NO_PANEL_IN_REACH,0,left 449px share 1.00 reach 34 [gap] | overlap 0px share 1.00 reach 98,,,,,,,,,,,,,,,,,,,,,,,,,,,,,,,,,,,,,,,,
475,Fig. 1,ID475__fig1.png,GRID,140,ORPHAN,,,,,,,,,,,,,"130,469,949,975",339,26,NO_PANEL_IN_REACH,0,left 194px share 1.00 reach 98 [gap] | overlap 0px share 1.00 reach 34,,,,,,,,,,,,,,,,,,,,,,,,,,,,,,,,,,,,,,,,
475,Fig. 1,ID475__fig1.png,GRID,140,ORPHAN,,,,,,,,,,,,,"572,590,116,254",18,138,NO_PANEL_IN_REACH,0,left 113px share 1.00 reach 34 [gap] | right 71px share 1.00 reach 34 [gap],,,,,,,,,,,,,,,,,,,,,,,,,,,,,,,,,,,,,,,,
475,Fig. 1,ID475__fig1.png,GRID,140,ORPHAN,,,,,,,,,,,,,"573,587,262,273",14,11,NO_PANEL_IN_REACH,0,left 73px share 1.00 reach 34 [gap] | right 73px share 1.00 reach 34 [gap],,,,,,,,,,,,,,,,,,,,,,,,,,,,,,,,,,,,,,,,
475,Fig. 1,ID475__fig1.png,GRID,140,ORPHAN,,,,,,,,,,,,,"604,944,640,669",340,29,NO_PANEL_IN_REACH,0,overlap 0px share 1.00 reach 34 | right 104px share 1.00 reach 98 [gap],,,,,,,,,,,,,,,,,,,,,,,,,,,,,,,,,,,,,,,,
475,Fig. 1,ID475__fig1.png,GRID,140,ORPHAN,,,,,,,,,,,,,"553,743,695,981",190,286,NO_PANEL_IN_REACH,0,overlap 0px share 1.00 reach 34 | right 53px share 1.00 reach 34 [gap],,,,,,,,,,,,,,,,,,,,,,,,,,,,,,,,,,,,,,,,
475,Fig. 1,ID475__fig1.png,GRID,140,ORPHAN,,,,,,,,,,,,,"792,969,738,981",177,243,NO_PANEL_IN_REACH,0,overlap 0px share 1.00 reach 98 | right 292px share 1.00 reach 34 [gap],,,,,,,,,,,,,,,,,,,,,,,,,,,,,,,,,,,,,,,,
475,Fig. 1,ID475__fig1.png,GRID,140,AXIS_FALLBACK,"660,969,517,841",678,102,102,0.95,leftmost column whose run is >= 0.95 of the longest (102 px),678:102px;679:101px;914:99px;913:99px;949:46px;948:46px,,,,,,,,,,,,,,,,,,,,,,,,,,,,,,,,,,,,,,,,,,,,,,,,,,,
475,Fig. 1,ID475__fig1.png,GRID,140,AXIS_FALLBACK,"644,966,231,519",795,108,111,0.95,leftmost column whose run is >= 0.95 of the longest (111 px),912:111px;911:111px;796:108px;795:108px;645:96px;798:70px,,,,,,,,,,,,,,,,,,,,,,,,,,,,,,,,,,,,,,,,,,,,,,,,,,,
475,Fig. 1,ID475__fig1.png,GRID,140,AXIS_FALLBACK,"644,1023,31,233",645,170,170,0.95,leftmost column whose run is >= 0.95 of the longest (170 px),645:170px;950:61px;949:61px;948:61px;736:58px;703:58px,,,,,,,,,,,,,,,,,,,,,,,,,,,,,,,,,,,,,,,,,,,,,,,,,,,
475,Fig. 1,ID475__fig1.png,GRID,140,AXIS_FALLBACK,"191,490,27,145",482,66,66,0.95,leftmost column whose run is >= 0.95 of the longest (66 px),483:66px;482:66px;204:18px;198:18px;431:17px;430:17px,,,,,,,,,,,,,,,,,,,,,,,,,,,,,,,,,,,,,,,,,,,,,,,,,,,
475,Fig. 1,ID475__fig1.png,GRID,140,AXIS_FALLBACK,"191,501,145,225",466,80,80,0.95,leftmost column whose run is >= 0.95 of the longest (80 px),499:80px;467:80px;466:80px;500:79px;217:54px;216:54px,,,,,,,,,,,,,,,,,,,,,,,,,,,,,,,,,,,,,,,,,,,,,,,,,,,
475,Fig. 1,ID475__fig1.png,GRID,140,AXIS_FALLBACK,"197,500,225,341",446,68,68,0.95,leftmost column whose run is >= 0.95 of the longest (68 px),447:68px;446:68px;332:52px;331:52px;463:19px;462:19px,,,,,,,,,,,,,,,,,,,,,,,,,,,,,,,,,,,,,,,,,,,,,,,,,,,
475,Fig. 1,ID475__fig1.png,GRID,140,AXIS_FALLBACK,"191,500,375,511",328,63,63,0.95,leftmost column whose run is >= 0.95 of the longest (63 px),329:63px;328:63px;196:21px;195:20px;194:18px;193:15px,,,,,,,,,,,,,,,,,,,,,,,,,,,,,,,,,,,,,,,,,,,,,,,,,,,
475,Fig. 1,ID475__fig1.png,GRID,140,AXIS_FALLBACK,"192,500,511,720",445,119,119,0.95,leftmost column whose run is >= 0.95 of the longest (119 px),446:119px;445:119px;250:68px;249:68px;383:65px;382:65px,,,,,,,,,,,,,,,,,,,,,,,,,,,,,,,,,,,,,,,,,,,,,,,,,,,
475,Fig. 1,ID475__fig1.png,GRID,140,AXIS_FALLBACK,"194,500,834,975",444,117,117,0.95,leftmost column whose run is >= 0.95 of the longest (117 px),445:117px;444:117px;249:64px;248:64px;247:64px;482:63px,,,,,,,,,,,,,,,,,,,,,,,,,,,,,,,,,,,,,,,,,,,,,,,,,,,
475,Fig. 1,ID475__fig1.png,GRID,140,AXIS_FALLBACK,"703,967,179,227",703,48,48,0.95,leftmost column whose run is >= 0.95 of the longest (48 px),851:48px;850:48px;818:48px;736:48px;703:48px;966:40px,,,,,,,,,,,,,,,,,,,,,,,,,,,,,,,,,,,,,,,,,,,,,,,,,,,
475,Fig. 1,ID475__fig1.png,GRID,140,AXIS_FALLBACK,"660,969,227,341",797,74,74,0.95,leftmost column whose run is >= 0.95 of the longest (74 px),798:74px;797:74px;913:65px;912:65px;684:64px;683:64px,,,,,,,,,,,,,,,,,,,,,,,,,,,,,,,,,,,,,,,,,,,,,,,,,,,
475,Fig. 1,ID475__fig1.png,GRID,140,AXIS_FALLBACK,"663,930,375,513",795,107,110,0.95,leftmost column whose run is >= 0.95 of the longest (110 px),912:110px;911:110px;796:107px;795:107px;667:24px;666:24px,,,,,,,,,,,,,,,,,,,,,,,,,,,,,,,,,,,,,,,,,,,,,,,,,,,
475,Fig. 1,ID475__fig1.png,GRID,140,AXIS_FALLBACK,"660,969,513,669",678,106,106,0.95,leftmost column whose run is >= 0.95 of the longest (106 px),678:106px;679:105px;949:46px;948:46px;716:46px;715:46px,,,,,,,,,,,,,,,,,,,,,,,,,,,,,,,,,,,,,,,,,,,,,,,,,,,
475,Fig. 1,ID475__fig1.png,GRID,140,AXIS_FALLBACK,"660,969,696,836",913,98,98,0.95,leftmost column whose run is >= 0.95 of the longest (98 px),914:98px;913:98px;717:34px;716:34px;663:24px;662:24px,,,,,,,,,,,,,,,,,,,,,,,,,,,,,,,,,,,,,,,,,,,,,,,,,,,
475,Fig. 1,ID475__fig1.png,GRID,140,AXIS_FALLBACK,"663,969,836,981",679,101,102,0.95,leftmost column whose run is >= 0.95 of the longest (102 px),797:102px;796:102px;680:101px;679:101px;834:42px;833:42px,,,,,,,,,,,,,,,,,,,,,,,,,,,,,,,,,,,,,,,,,,,,,,,,,,,
475,Fig. 1,ID475__fig1.png,GRID,140,AXIS_FALLBACK,"138,500,511,720",445,119,119,0.95,leftmost column whose run is >= 0.95 of the longest (119 px),446:119px;445:119px;250:68px;249:68px;383:65px;382:65px,,,,,,,,,,,,,,,,,,,,,,,,,,,,,,,,,,,,,,,,,,,,,,,,,,,
475,Fig. 1,ID475__fig1.png,GRID,140,AXIS_FALLBACK,"644,1023,31,329",645,264,264,0.95,leftmost column whose run is >= 0.95 of the longest (264 px),645:264px;798:74px;797:74px;913:65px;912:65px;684:64px,,,,,,,,,,,,,,,,,,,,,,,,,,,,,,,,,,,,,,,,,,,,,,,,,,,
475,Fig. 1,ID475__fig1.png,GRID,140,AXIS_CANDIDATES,"644,1023,31,329",645,,,,leftmost of 1 free runs,645:63-327:free,1,0,63-327,871,89.4,,,,,,,,,,,,,,,,,,,,,,,,,,,,,,,,,,,,,,,,,,,,,,
475,Fig. 1,ID475__fig1.png,GRID,140,AXIS_SHADOW_LADDER,"644,1023,31,329",,,,,,,,,,,,,,,,,,,,,,,,,,,,,,,,,,,,645,free,63-327,True,227,9,True,0.29,0.0064,"9 labels, -0.151 value/px, ladder residual 0.3 px",,,,,,,,,,,,
475,Fig. 1,ID475__fig1.png,GRID,140,AXIS_FALLBACK,"644,1023,31,233",645,170,170,0.95,leftmost column whose run is >= 0.95 of the longest (170 px),645:170px;950:61px;949:61px;948:61px;736:58px;703:58px,,,,,,,,,,,,,,,,,,,,,,,,,,,,,,,,,,,,,,,,,,,,,,,,,,,
475,Fig. 1,ID475__fig1.png,GRID,140,AXIS_CANDIDATES,"644,1023,31,233",645,,,,no free run; leftmost of 1 clipped,645:63-327:clipped,0,1,63-327,871,60.6,,,,,,,,,,,,,,,,,,,,,,,,,,,,,,,,,,,,,,,,,,,,,,
475,Fig. 1,ID475__fig1.png,GRID,140,AXIS_SHADOW_LADDER,"644,1023,31,233",,,,,,,,,,,,,,,,,,,,,,,,,,,,,,,,,,,,645,clipped,63-327,True,227,6,True,0.15,0.0038,"6 labels, -0.151 value/px, ladder residual 0.2 px",,,,,,,,,,,,
475,Fig. 1,ID475__fig1.png,GRID,140,AXIS_FALLBACK,"660,969,513,669",678,106,106,0.95,leftmost column whose run is >= 0.95 of the longest (106 px),678:106px;679:105px;949:46px;948:46px;716:46px;715:46px,,,,,,,,,,,,,,,,,,,,,,,,,,,,,,,,,,,,,,,,,,,,,,,,,,,
475,Fig. 1,ID475__fig1.png,GRID,140,AXIS_CANDIDATES,"660,969,513,669",678,,,,no free run; leftmost of 2 clipped,678:513-619:clipped;679:513-618:clipped,0,2,513-619,845,46.8,,,,,,,,,,,,,,,,,,,,,,,,,,,,,,,,,,,,,,,,,,,,,,
475,Fig. 1,ID475__fig1.png,GRID,140,AXIS_SHADOW_LADDER,"660,969,513,669",,,,,,,,,,,,,,,,,,,,,,,,,,,,,,,,,,,,678,clipped,513-619,True,513,3,True,0.22,0.0100,"3 labels, 0.149 value/px, ladder residual 0.2 px  [AXIS_INVERTED: values rise as the pixel row rises]",,,,,,,,,,,,
475,Fig. 1,ID475__fig1.png,GRID,140,AXIS_SHADOW_LADDER,"660,969,513,669",,,,,,,,,,,,,,,,,,,,,,,,,,,,,,,,,,,,679,clipped,513-618,False,513,3,True,0.22,0.0100,"3 labels, 0.149 value/px, ladder residual 0.2 px  [AXIS_INVERTED: values rise as the pixel row rises]",,,,,,,,,,,,
475,Fig. 1,ID475__fig1.png,GRID,140,AXIS_FALLBACK,"660,969,227,341",797,74,74,0.95,leftmost column whose run is >= 0.95 of the longest (74 px),798:74px;797:74px;913:65px;912:65px;684:64px;683:64px,,,,,,,,,,,,,,,,,,,,,,,,,,,,,,,,,,,,,,,,,,,,,,,,,,,
475,Fig. 1,ID475__fig1.png,GRID,140,AXIS_CANDIDATES,"660,969,227,341",683,,,,no free run; leftmost of 4 clipped,683:227-291:clipped;684:227-291:clipped;797:227-301:clipped;798:227-301:clipped,0,4,227-291,845,34.2,,,,,,,,,,,,,,,,,,,,,,,,,,,,,,,,,,,,,,,,,,,,,,
475,Fig. 1,ID475__fig1.png,GRID,140,AXIS_SHADOW_LADDER,"660,969,227,341",,,,,,,,,,,,,,,,,,,,,,,,,,,,,,,,,,,,683,clipped,227-291,True,227,4,True,0.23,0.0082,"4 labels, -0.151 value/px, ladder residual 0.2 px",,,,,,,,,,,,
475,Fig. 1,ID475__fig1.png,GRID,140,AXIS_SHADOW_LADDER,"660,969,227,341",,,,,,,,,,,,,,,,,,,,,,,,,,,,,,,,,,,,684,clipped,227-291,False,227,4,True,0.25,0.0086,"4 labels, -0.151 value/px, ladder residual 0.2 px",,,,,,,,,,,,
475,Fig. 1,ID475__fig1.png,GRID,140,AXIS_SHADOW_LADDER,"660,969,227,341",,,,,,,,,,,,,,,,,,,,,,,,,,,,,,,,,,,,797,clipped,227-301,False,227,4,True,0.15,0.0063,"4 labels, -0.151 value/px, ladder residual 0.1 px",,,,,,,,,,,,
475,Fig. 1,ID475__fig1.png,GRID,140,AXIS_SHADOW_LADDER,"660,969,227,341",,,,,,,,,,,,,,,,,,,,,,,,,,,,,,,,,,,,798,clipped,227-301,False,227,4,True,0.15,0.0063,"4 labels, -0.151 value/px, ladder residual 0.1 px",,,,,,,,,,,,
475,Fig. 1,ID475__fig1.png,GRID,140,AXIS_FALLBACK,"703,967,168,230",703,58,58,0.95,leftmost column whose run is >= 0.95 of the longest (58 px),736:58px;703:58px;851:50px;850:50px;818:50px;966:41px,,,,,,,,,,,,,,,,,,,,,,,,,,,,,,,,,,,,,,,,,,,,,,,,,,,
475,Fig. 1,ID475__fig1.png,GRID,140,AXIS_CANDIDATES,"703,967,168,230",703,,,,leftmost of 5 free runs,703:170-228:free;736:170-228:free;818:178-228:free;850:178-228:free;851:178-228:free,5,0,170-228,861,18.6,,,,,,,,,,,,,,,,,,,,,,,,,,,,,,,,,,,,,,,,,,,,,,
475,Fig. 1,ID475__fig1.png,GRID,140,AXIS_SHADOW_LADDER,"703,967,168,230",,,,,,,,,,,,,,,,,,,,,,,,,,,,,,,,,,,,703,free,170-228,True,227,2,False,,,only 2 label(s); 3 needed to check a ladder,,,,,,,,,,,,
475,Fig. 1,ID475__fig1.png,GRID,140,AXIS_SHADOW_LADDER,"703,967,168,230",,,,,,,,,,,,,,,,,,,,,,,,,,,,,,,,,,,,736,free,170-228,False,227,3,False,,,value-per-pixel varies 13.2% across the ladder,,,,,,,,,,,,
475,Fig. 1,ID475__fig1.png,GRID,140,AXIS_SHADOW_LADDER,"703,967,168,230",,,,,,,,,,,,,,,,,,,,,,,,,,,,,,,,,,,,818,free,178-228,False,227,2,False,,,only 2 label(s); 3 needed to check a ladder,,,,,,,,,,,,
475,Fig. 1,ID475__fig1.png,GRID,140,AXIS_SHADOW_LADDER,"703,967,168,230",,,,,,,,,,,,,,,,,,,,,,,,,,,,,,,,,,,,850,free,178-228,False,227,2,False,,,only 2 label(s); 3 needed to check a ladder,,,,,,,,,,,,
475,Fig. 1,ID475__fig1.png,GRID,140,AXIS_SHADOW_LADDER,"703,967,168,230",,,,,,,,,,,,,,,,,,,,,,,,,,,,,,,,,,,,851,free,178-228,False,227,2,False,,,only 2 label(s); 3 needed to check a ladder,,,,,,,,,,,,
475,Fig. 1,ID475__fig1.png,GRID,140,AXIS_FALLBACK,"663,969,836,981",679,101,102,0.95,leftmost column whose run is >= 0.95 of the longest (102 px),797:102px;796:102px;680:101px;679:101px;834:42px;833:42px,,,,,,,,,,,,,,,,,,,,,,,,,,,,,,,,,,,,,,,,,,,,,,,,,,,
475,Fig. 1,ID475__fig1.png,GRID,140,AXIS_CANDIDATES,"663,969,836,981",679,,,,no free run; leftmost of 4 clipped,679:835-937:clipped;680:835-937:clipped;796:835-938:clipped;797:835-938:clipped,0,4,835-937,846,43.5,,,,,,,,,,,,,,,,,,,,,,,,,,,,,,,,,,,,,,,,,,,,,,
475,Fig. 1,ID475__fig1.png,GRID,140,AXIS_SHADOW_LADDER,"663,969,836,981",,,,,,,,,,,,,,,,,,,,,,,,,,,,,,,,,,,,679,clipped,835-937,True,842,4,True,0.20,0.0071,"4 labels, -0.011 value/px, ladder residual 0.2 px",,,,,,,,,,,,
475,Fig. 1,ID475__fig1.png,GRID,140,AXIS_SHADOW_LADDER,"663,969,836,981",,,,,,,,,,,,,,,,,,,,,,,,,,,,,,,,,,,,680,clipped,835-937,False,842,4,True,0.20,0.0071,"4 labels, -0.011 value/px, ladder residual 0.2 px",,,,,,,,,,,,
475,Fig. 1,ID475__fig1.png,GRID,140,AXIS_SHADOW_LADDER,"663,969,836,981",,,,,,,,,,,,,,,,,,,,,,,,,,,,,,,,,,,,796,clipped,835-938,False,842,4,True,0.20,0.0071,"4 labels, -0.011 value/px, ladder residual 0.2 px",,,,,,,,,,,,
475,Fig. 1,ID475__fig1.png,GRID,140,AXIS_SHADOW_LADDER,"663,969,836,981",,,,,,,,,,,,,,,,,,,,,,,,,,,,,,,,,,,,797,clipped,835-938,False,842,4,True,0.20,0.0071,"4 labels, -0.011 value/px, ladder residual 0.2 px",,,,,,,,,,,,
475,Fig. 1,ID475__fig1.png,GRID,140,AXIS_FALLBACK,"660,969,696,836",913,98,98,0.95,leftmost column whose run is >= 0.95 of the longest (98 px),914:98px;913:98px;717:34px;716:34px;663:24px;662:24px,,,,,,,,,,,,,,,,,,,,,,,,,,,,,,,,,,,,,,,,,,,,,,,,,,,
475,Fig. 1,ID475__fig1.png,GRID,140,AXIS_CANDIDATES,"660,969,696,836",,,,,no run long enough,,0,0,,845,42.0,,,,,,,,,,,,,,,,,,,,,,,,,,,,,,,,,,,,,,,,,,,,,,
475,Fig. 1,ID475__fig1.png,GRID,140,AXIS_SHADOW_LADDER,"660,969,696,836",,,,,,,,,,,,,,,,,,,,,,,,,,,,,,,,,,,,913,fallback,,True,835,4,True,0.17,0.0047,"4 labels, -0.011 value/px, ladder residual 0.2 px",,,,,,,,,,,,
475,Fig. 1,ID475__fig1.png,GRID,140,AXIS_FALLBACK,"663,930,375,513",795,107,110,0.95,leftmost column whose run is >= 0.95 of the longest (110 px),912:110px;911:110px;796:107px;795:107px;667:24px;666:24px,,,,,,,,,,,,,,,,,,,,,,,,,,,,,,,,,,,,,,,,,,,,,,,,,,,
475,Fig. 1,ID475__fig1.png,GRID,140,AXIS_CANDIDATES,"663,930,375,513",795,,,,no free run; leftmost of 2 clipped,795:406-514:clipped;796:406-514:clipped,0,2,406-514,823,41.4,,,,,,,,,,,,,,,,,,,,,,,,,,,,,,,,,,,,,,,,,,,,,,
475,Fig. 1,ID475__fig1.png,GRID,140,AXIS_SHADOW_LADDER,"663,930,375,513",,,,,,,,,,,,,,,,,,,,,,,,,,,,,,,,,,,,795,clipped,406-514,True,512,5,True,0.18,0.0054,"5 labels, -0.150 value/px, ladder residual 0.2 px",,,,,,,,,,,,
475,Fig. 1,ID475__fig1.png,GRID,140,AXIS_SHADOW_LADDER,"663,930,375,513",,,,,,,,,,,,,,,,,,,,,,,,,,,,,,,,,,,,796,clipped,406-514,False,512,5,True,0.18,0.0054,"5 labels, -0.150 value/px, ladder residual 0.2 px",,,,,,,,,,,,
475,Fig. 1,ID475__fig1.png,GRID,140,AXIS_FALLBACK,"703,967,179,227",703,48,48,0.95,leftmost column whose run is >= 0.95 of the longest (48 px),851:48px;850:48px;818:48px;736:48px;703:48px;966:40px,,,,,,,,,,,,,,,,,,,,,,,,,,,,,,,,,,,,,,,,,,,,,,,,,,,
475,Fig. 1,ID475__fig1.png,GRID,140,AXIS_CANDIDATES,"703,967,179,227",703,,,,no free run; leftmost of 5 clipped,703:170-228:clipped;736:170-228:clipped;818:178-228:clipped;850:178-228:clipped;851:178-228:clipped,0,5,170-228,861,14.4,,,,,,,,,,,,,,,,,,,,,,,,,,,,,,,,,,,,,,,,,,,,,,
475,Fig. 1,ID475__fig1.png,GRID,140,AXIS_SHADOW_LADDER,"703,967,179,227",,,,,,,,,,,,,,,,,,,,,,,,,,,,,,,,,,,,703,clipped,170-228,True,188,2,False,,,only 2 label(s); 3 needed to check a ladder,,,,,,,,,,,,
475,Fig. 1,ID475__fig1.png,GRID,140,AXIS_SHADOW_LADDER,"703,967,179,227",,,,,,,,,,,,,,,,,,,,,,,,,,,,,,,,,,,,736,clipped,170-228,False,188,3,False,,,value-per-pixel varies 11.6% across the ladder,,,,,,,,,,,,
475,Fig. 1,ID475__fig1.png,GRID,140,AXIS_SHADOW_LADDER,"703,967,179,227",,,,,,,,,,,,,,,,,,,,,,,,,,,,,,,,,,,,818,clipped,178-228,False,188,2,False,,,only 2 label(s); 3 needed to check a ladder,,,,,,,,,,,,
475,Fig. 1,ID475__fig1.png,GRID,140,AXIS_SHADOW_LADDER,"703,967,179,227",,,,,,,,,,,,,,,,,,,,,,,,,,,,,,,,,,,,850,clipped,178-228,False,188,2,False,,,only 2 label(s); 3 needed to check a ladder,,,,,,,,,,,,
475,Fig. 1,ID475__fig1.png,GRID,140,AXIS_SHADOW_LADDER,"703,967,179,227",,,,,,,,,,,,,,,,,,,,,,,,,,,,,,,,,,,,851,clipped,178-228,False,188,2,False,,,only 2 label(s); 3 needed to check a ladder,,,,,,,,,,,,
475,Fig. 1,ID475__fig1.png,OFF,151,AXIS_FALLBACK,"106,501,27,297",179,237,237,0.95,leftmost column whose run is >= 0.95 of the longest (237 px),179:237px;499:81px;467:81px;500:80px;466:80px;447:69px,,,,,,,,,,,,,,,,,,,,,,,,,,,,,,,,,,,,,,,,,,,,,,,,,,,
475,Fig. 1,ID475__fig1.png,OFF,151,AXIS_FALLBACK,"92,273,695,975",173,220,220,0.95,leftmost column whose run is >= 0.95 of the longest (220 px),173:220px;249:65px;248:65px;247:65px;211:40px;210:40px,,,,,,,,,,,,,,,,,,,,,,,,,,,,,,,,,,,,,,,,,,,,,,,,,,,
475,Fig. 1,ID475__fig1.png,OFF,151,AXIS_FALLBACK,"428,500,834,951",444,117,117,0.95,leftmost column whose run is >= 0.95 of the longest (117 px),445:117px;444:117px;482:63px;481:63px;461:27px;460:27px,,,,,,,,,,,,,,,,,,,,,,,,,,,,,,,,,,,,,,,,,,,,,,,,,,,
475,Fig. 1,ID475__fig1.png,OFF,151,AXIS_FALLBACK,"609,967,31,301",645,238,238,0.95,leftmost column whose run is >= 0.95 of the longest (238 px),645:238px;798:74px;797:74px;913:65px;912:65px;684:64px,,,,,,,,,,,,,,,,,,,,,,,,,,,,,,,,,,,,,,,,,,,,,,,,,,,
475,Fig. 1,ID475__fig1.png,OFF,151,AXIS_FALLBACK,"428,500,510,664",445,120,120,0.95,leftmost column whose run is >= 0.95 of the longest (120 px),446:120px;445:120px;499:63px;483:63px;482:63px;481:63px,,,,,,,,,,,,,,,,,,,,,,,,,,,,,,,,,,,,,,,,,,,,,,,,,,,
475,Fig. 1,ID475__fig1.png,OFF,151,AXIS_FALLBACK,"106,501,27,297",179,237,237,0.95,leftmost column whose run is >= 0.95 of the longest (237 px),179:237px;499:81px;467:81px;500:80px;466:80px;447:69px,,,,,,,,,,,,,,,,,,,,,,,,,,,,,,,,,,,,,,,,,,,,,,,,,,,
475,Fig. 1,ID475__fig1.png,OFF,151,AXIS_FALLBACK,"428,500,510,664",445,120,120,0.95,leftmost column whose run is >= 0.95 of the longest (120 px),446:120px;445:120px;499:63px;483:63px;482:63px;481:63px,,,,,,,,,,,,,,,,,,,,,,,,,,,,,,,,,,,,,,,,,,,,,,,,,,,
475,Fig. 1,ID475__fig1.png,OFF,151,AXIS_FALLBACK,"92,273,695,975",173,220,220,0.95,leftmost column whose run is >= 0.95 of the longest (220 px),173:220px;249:65px;248:65px;247:65px;211:40px;210:40px,,,,,,,,,,,,,,,,,,,,,,,,,,,,,,,,,,,,,,,,,,,,,,,,,,,
475,Fig. 1,ID475__fig1.png,OFF,151,AXIS_FALLBACK,"428,500,834,951",444,117,117,0.95,leftmost column whose run is >= 0.95 of the longest (117 px),445:117px;444:117px;482:63px;481:63px;461:27px;460:27px,,,,,,,,,,,,,,,,,,,,,,,,,,,,,,,,,,,,,,,,,,,,,,,,,,,
475,Fig. 1,ID475__fig1.png,OFF,151,AXIS_FALLBACK,"609,967,31,301",645,238,238,0.95,leftmost column whose run is >= 0.95 of the longest (238 px),645:238px;798:74px;797:74px;913:65px;912:65px;684:64px,,,,,,,,,,,,,,,,,,,,,,,,,,,,,,,,,,,,,,,,,,,,,,,,,,,
475,Fig. 1,ID475__fig1.png,OFF,151,AXIS_FALLBACK,"609,967,403,619",795,109,112,0.95,leftmost column whose run is >= 0.95 of the longest (112 px),912:112px;911:112px;796:109px;795:109px;679:106px;678:106px,,,,,,,,,,,,,,,,,,,,,,,,,,,,,,,,,,,,,,,,,,,,,,,,,,,
475,Fig. 1,ID475__fig1.png,OFF,151,AXIS_FALLBACK,"609,967,738,938",679,102,103,0.95,leftmost column whose run is >= 0.95 of the longest (103 px),797:103px;796:103px;680:102px;679:102px;914:99px;913:99px,,,,,,,,,,,,,,,,,,,,,,,,,,,,,,,,,,,,,,,,,,,,,,,,,,,
475,Fig. 1,ID475__fig1.png,OFF,151,AXIS_FALLBACK,"101,268,499,627",212,65,68,0.95,leftmost column whose run is >= 0.95 of the longest (68 px),250:68px;249:68px;213:65px;212:65px;266:51px;267:50px,,,,,,,,,,,,,,,,,,,,,,,,,,,,,,,,,,,,,,,,,,,,,,,,,,,
475,Fig. 1,ID475__fig1.png,OFF,151,AXIS_CANDIDATES,"106,501,27,297",179,,,,no free run; leftmost of 1 clipped,179:60-324:clipped,0,1,60-324,343,81.0,,,,,,,,,,,,,,,,,,,,,,,,,,,,,,,,,,,,,,,,,,,,,,
475,Fig. 1,ID475__fig1.png,OFF,151,AXIS_FALLBACK,"106,501,27,297",179,237,237,0.95,leftmost column whose run is >= 0.95 of the longest (237 px),179:237px;499:81px;467:81px;500:80px;466:80px;447:69px,,,,,,,,,,,,,,,,,,,,,,,,,,,,,,,,,,,,,,,,,,,,,,,,,,,
475,Fig. 1,ID475__fig1.png,OFF,151,AXIS_CANDIDATES,"609,967,31,301",645,,,,no free run; leftmost of 1 clipped,645:63-328:clipped,0,1,63-328,823,81.0,,,,,,,,,,,,,,,,,,,,,,,,,,,,,,,,,,,,,,,,,,,,,,
475,Fig. 1,ID475__fig1.png,OFF,151,AXIS_FALLBACK,"609,967,31,301",645,238,238,0.95,leftmost column whose run is >= 0.95 of the longest (238 px),645:238px;798:74px;797:74px;913:65px;912:65px;684:64px,,,,,,,,,,,,,,,,,,,,,,,,,,,,,,,,,,,,,,,,,,,,,,,,,,,
475,Fig. 1,ID475__fig1.png,OFF,151,AXIS_CANDIDATES,"92,273,695,975",173,,,,leftmost of 1 free runs,173:748-968:free,1,0,748-968,200,84.0,,,,,,,,,,,,,,,,,,,,,,,,,,,,,,,,,,,,,,,,,,,,,,
475,Fig. 1,ID475__fig1.png,OFF,151,AXIS_FALLBACK,"92,273,695,975",173,220,220,0.95,leftmost column whose run is >= 0.95 of the longest (220 px),173:220px;249:65px;248:65px;247:65px;211:40px;210:40px,,,,,,,,,,,,,,,,,,,,,,,,,,,,,,,,,,,,,,,,,,,,,,,,,,,
475,Fig. 1,ID475__fig1.png,OFF,151,AXIS_CANDIDATES,"428,500,834,951",444,,,,no free run; leftmost of 2 clipped,444:834-951:clipped;445:834-951:clipped,0,2,834-951,471,35.1,,,,,,,,,,,,,,,,,,,,,,,,,,,,,,,,,,,,,,,,,,,,,,
475,Fig. 1,ID475__fig1.png,OFF,151,AXIS_FALLBACK,"428,500,834,951",444,117,117,0.95,leftmost column whose run is >= 0.95 of the longest (117 px),445:117px;444:117px;482:63px;481:63px;461:27px;460:27px,,,,,,,,,,,,,,,,,,,,,,,,,,,,,,,,,,,,,,,,,,,,,,,,,,,
475,Fig. 1,ID475__fig1.png,OFF,151,AXIS_CANDIDATES,"428,500,510,664",445,,,,no free run; leftmost of 4 clipped,445:510-630:clipped;446:510-630:clipped;465:510-573:clipped;466:510-573:clipped,0,4,510-630,471,46.2,,,,,,,,,,,,,,,,,,,,,,,,,,,,,,,,,,,,,,,,,,,,,,
475,Fig. 1,ID475__fig1.png,OFF,151,AXIS_FALLBACK,"428,500,510,664",445,120,120,0.95,leftmost column whose run is >= 0.95 of the longest (120 px),446:120px;445:120px;499:63px;483:63px;482:63px;481:63px,,,,,,,,,,,,,,,,,,,,,,,,,,,,,,,,,,,,,,,,,,,,,,,,,,,
475,Fig. 1,ID475__fig1.png,OFF,151,AXIS_CANDIDATES,"609,967,403,619",795,,,,leftmost of 2 free runs,795:406-515:free;796:406-515:free;678:513-619:clipped;679:513-619:clipped,2,2,406-515,823,64.8,,,,,,,,,,,,,,,,,,,,,,,,,,,,,,,,,,,,,,,,,,,,,,
475,Fig. 1,ID475__fig1.png,OFF,151,AXIS_FALLBACK,"609,967,403,619",795,109,112,0.95,leftmost column whose run is >= 0.95 of the longest (112 px),912:112px;911:112px;796:109px;795:109px;679:106px;678:106px,,,,,,,,,,,,,,,,,,,,,,,,,,,,,,,,,,,,,,,,,,,,,,,,,,,
475,Fig. 1,ID475__fig1.png,OFF,151,AXIS_CANDIDATES,"609,967,738,938",679,,,,leftmost of 2 free runs,679:835-937:free;680:835-937:free;796:835-938:clipped;797:835-938:clipped,2,2,835-937,823,60.0,,,,,,,,,,,,,,,,,,,,,,,,,,,,,,,,,,,,,,,,,,,,,,
475,Fig. 1,ID475__fig1.png,OFF,151,AXIS_FALLBACK,"609,967,738,938",679,102,103,0.95,leftmost column whose run is >= 0.95 of the longest (103 px),797:103px;796:103px;680:102px;679:102px;914:99px;913:99px,,,,,,,,,,,,,,,,,,,,,,,,,,,,,,,,,,,,,,,,,,,,,,,,,,,
475,Fig. 1,ID475__fig1.png,OFF,151,AXIS_CANDIDATES,"101,268,499,627",,,,,no run long enough,,0,0,,201,38.4,,,,,,,,,,,,,,,,,,,,,,,,,,,,,,,,,,,,,,,,,,,,,,
475,Fig. 1,ID475__fig1.png,OFF,151,AXIS_FALLBACK,"101,268,499,627",212,65,68,0.95,leftmost column whose run is >= 0.95 of the longest (68 px),250:68px;249:68px;213:65px;212:65px;266:51px;267:50px,,,,,,,,,,,,,,,,,,,,,,,,,,,,,,,,,,,,,,,,,,,,,,,,,,,
475,Fig. 1,ID475__fig1.png,OFF,151,AXIS_FALLBACK,"101,268,499,627",212,65,68,0.95,leftmost column whose run is >= 0.95 of the longest (68 px),250:68px;249:68px;213:65px;212:65px;266:51px;267:50px,,,,,,,,,,,,,,,,,,,,,,,,,,,,,,,,,,,,,,,,,,,,,,,,,,,
475,Fig. 1,ID475__fig1.png,OFF,151,ORPHAN,,,,,,,,,,,,,"142,487,317,341",345,24,NO_PANEL_IN_REACH,0,left 122px share 0.00 reach 34 [gap] [share] | overlap 0px share 0.00 reach 34 [share],,,,,,,,,,,,,,,,,,,,,,,,,,,,,,,,,,,,,,,,
475,Fig. 1,ID475__fig1.png,OFF,151,ORPHAN,,,,,,,,,,,,,"99,384,370,664",285,294,NO_PANEL_IN_REACH,0,left 44px share 1.00 reach 34 [gap] | overlap 0px share 1.00 reach 34,,,,,,,,,,,,,,,,,,,,,,,,,,,,,,,,,,,,,,,,
475,Fig. 1,ID475__fig1.png,OFF,151,ORPHAN,,,,,,,,,,,,,"311,383,834,975",72,141,NO_PANEL_IN_REACH,0,left 45px share 1.00 reach 34 [gap] | overlap 0px share 0.00 reach 34 [share] | right 38px share 1.00 reach 34 [gap],,,,,,,,,,,,,,,,,,,,,,,,,,,,,,,,,,,,,,,,
475,Fig. 1,ID475__fig1.png,OFF,151,ORPHAN,,,,,,,,,,,,,"435,469,961,975",34,14,NO_PANEL_IN_REACH,0,left 140px share 0.00 reach 34 [gap] [share] | overlap 0px share 0.00 reach 34 [share] | right 162px share 1.00 reach 34 [gap],,,,,,,,,,,,,,,,,,,,,,,,,,,,,,,,,,,,,,,,
475,Fig. 1,ID475__fig1.png,OFF,151,AXIS_FALLBACK,"609,967,31,301",645,238,238,0.95,leftmost column whose run is >= 0.95 of the longest (238 px),645:238px;798:74px;797:74px;913:65px;912:65px;684:64px,,,,,,,,,,,,,,,,,,,,,,,,,,,,,,,,,,,,,,,,,,,,,,,,,,,
475,Fig. 1,ID475__fig1.png,OFF,151,AXIS_FALLBACK,"609,967,31,301",645,238,238,0.95,leftmost column whose run is >= 0.95 of the longest (238 px),645:238px;798:74px;797:74px;913:65px;912:65px;684:64px,,,,,,,,,,,,,,,,,,,,,,,,,,,,,,,,,,,,,,,,,,,,,,,,,,,
475,Fig. 1,ID475__fig1.png,OFF,151,AXIS_FALLBACK,"609,967,31,301",645,238,238,0.95,leftmost column whose run is >= 0.95 of the longest (238 px),645:238px;798:74px;797:74px;913:65px;912:65px;684:64px,,,,,,,,,,,,,,,,,,,,,,,,,,,,,,,,,,,,,,,,,,,,,,,,,,,
475,Fig. 1,ID475__fig1.png,OFF,151,ORPHAN,,,,,,,,,,,,,"572,590,116,273",18,157,OFFERED,,,"609,967,31,301",left,19,34,,,,,,,,,,,,,,,,,,,,,,,,,,,,,,,,,,,,
475,Fig. 1,ID475__fig1.png,OFF,151,GATE,,,,,,,,,,,,,"572,590,116,273",,,,,,"609,967,31,301",left,19,,True,O,O,-,X,O,-,,,,,,,,,,,,,,,,,,,,,,,,,,,,,
475,Fig. 1,ID475__fig1.png,OFF,151,GATE_WHY,,,,,,,,,,,,,"572,590,116,273",,,,,,"609,967,31,301",,,,,,,,,,,"축 없음, 잉크 0.352","행 겹침 1.00, 패널 행 31-328, 조각 116-273",이 클립에서 캡션을 읽지 못했다,"건너는 간격 59 px, 패널 내부의 가장 큰 간격 0 px","밑변에 선 열 0.00, 축 범위 안 잉크 1.00 (교집합 1.00)",막대·눈금이 0→0개뿐이라 규칙성을 잴 수 없다,,,,,,,,,,,,,,,,,,,,,,,
475,Fig. 1,ID475__fig1.png,OFF,151,POST,,,,,,,,,,,,,"572,590,116,273",,,ADOPTED,,,"609,967,31,301",,,,,,,,,,,,,,,,,"572,967,31,301",,,,,,,,,,,,,,,,,,,,,,
475,Fig. 1,ID475__fig1.png,OFF,151,ORPHAN,,,,,,,,,,,,,"609,831,320,341",222,21,NO_PANEL_IN_REACH,0,overlap 0px share 0.00 reach 34 [share] | right 108px share 0.00 reach 34 [gap] [share],,,,,,,,,,,,,,,,,,,,,,,,,,,,,,,,,,,,,,,,
475,Fig. 1,ID475__fig1.png,OFF,151,ORPHAN,,,,,,,,,,,,,"924,944,326,341",20,15,NO_PANEL_IN_REACH,0,overlap 0px share 0.00 reach 34 [share] | right 423px share 0.00 reach 34 [gap] [share],,,,,,,,,,,,,,,,,,,,,,,,,,,,,,,,,,,,,,,,
475,Fig. 1,ID475__fig1.png,OFF,151,ORPHAN,,,,,,,,,,,,,"565,850,373,669",285,296,NO_PANEL_IN_REACH,0,overlap 0px share 1.00 reach 34 | right 65px share 1.00 reach 34 [gap],,,,,,,,,,,,,,,,,,,,,,,,,,,,,,,,,,,,,,,,
475,Fig. 1,ID475__fig1.png,OFF,151,ORPHAN,,,,,,,,,,,,,"553,852,695,981",299,286,NO_PANEL_IN_REACH,0,overlap 0px share 1.00 reach 34 | right 280px share 1.00 reach 34 [gap],,,,,,,,,,,,,,,,,,,,,,,,,,,,,,,,,,,,,,,,
475,Fig. 1,ID475__fig1.png,OFF,151,ORPHAN,,,,,,,,,,,,,"895,969,403,880",74,477,NO_PANEL_IN_REACH,0,overlap 0px share 1.00 reach 34 | right 395px share 1.00 reach 34 [gap],,,,,,,,,,,,,,,,,,,,,,,,,,,,,,,,,,,,,,,,
475,Fig. 1,ID475__fig1.png,OFF,151,ORPHAN,,,,,,,,,,,,,"924,944,966,981",20,15,NO_PANEL_IN_REACH,0,overlap 0px share 0.00 reach 34 [share] | right 651px share 0.60 reach 34 [gap],,,,,,,,,,,,,,,,,,,,,,,,,,,,,,,,,,,,,,,,
475,Fig. 1,ID475__fig1.png,OFF,151,AXIS_FALLBACK,"106,501,27,297",179,237,237,0.95,leftmost column whose run is >= 0.95 of the longest (237 px),179:237px;499:81px;467:81px;500:80px;466:80px;447:69px,,,,,,,,,,,,,,,,,,,,,,,,,,,,,,,,,,,,,,,,,,,,,,,,,,,
475,Fig. 1,ID475__fig1.png,OFF,151,AXIS_FALLBACK,"609,967,31,301",645,238,238,0.95,leftmost column whose run is >= 0.95 of the longest (238 px),645:238px;798:74px;797:74px;913:65px;912:65px;684:64px,,,,,,,,,,,,,,,,,,,,,,,,,,,,,,,,,,,,,,,,,,,,,,,,,,,
475,Fig. 1,ID475__fig1.png,OFF,151,AXIS_FALLBACK,"92,273,695,975",173,220,220,0.95,leftmost column whose run is >= 0.95 of the longest (220 px),173:220px;249:65px;248:65px;247:65px;211:40px;210:40px,,,,,,,,,,,,,,,,,,,,,,,,,,,,,,,,,,,,,,,,,,,,,,,,,,,
475,Fig. 1,ID475__fig1.png,OFF,151,AXIS_FALLBACK,"428,500,834,951",444,117,117,0.95,leftmost column whose run is >= 0.95 of the longest (117 px),445:117px;444:117px;482:63px;481:63px;461:27px;460:27px,,,,,,,,,,,,,,,,,,,,,,,,,,,,,,,,,,,,,,,,,,,,,,,,,,,
475,Fig. 1,ID475__fig1.png,OFF,151,AXIS_FALLBACK,"428,500,510,664",445,120,120,0.95,leftmost column whose run is >= 0.95 of the longest (120 px),446:120px;445:120px;499:63px;483:63px;482:63px;481:63px,,,,,,,,,,,,,,,,,,,,,,,,,,,,,,,,,,,,,,,,,,,,,,,,,,,
475,Fig. 1,ID475__fig1.png,OFF,151,AXIS_FALLBACK,"609,967,403,619",795,109,112,0.95,leftmost column whose run is >= 0.95 of the longest (112 px),912:112px;911:112px;796:109px;795:109px;679:106px;678:106px,,,,,,,,,,,,,,,,,,,,,,,,,,,,,,,,,,,,,,,,,,,,,,,,,,,
475,Fig. 1,ID475__fig1.png,OFF,151,AXIS_FALLBACK,"609,967,738,938",679,102,103,0.95,leftmost column whose run is >= 0.95 of the longest (103 px),797:103px;796:103px;680:102px;679:102px;914:99px;913:99px,,,,,,,,,,,,,,,,,,,,,,,,,,,,,,,,,,,,,,,,,,,,,,,,,,,
475,Fig. 1,ID475__fig1.png,OFF,151,AXIS_FALLBACK,"101,268,499,627",212,65,68,0.95,leftmost column whose run is >= 0.95 of the longest (68 px),250:68px;249:68px;213:65px;212:65px;266:51px;267:50px,,,,,,,,,,,,,,,,,,,,,,,,,,,,,,,,,,,,,,,,,,,,,,,,,,,
475,Fig. 1,ID475__fig1.png,OFF,151,AXIS_FALLBACK,"572,967,31,301",645,238,238,0.95,leftmost column whose run is >= 0.95 of the longest (238 px),645:238px;798:74px;797:74px;913:65px;912:65px;684:64px,,,,,,,,,,,,,,,,,,,,,,,,,,,,,,,,,,,,,,,,,,,,,,,,,,,
475,Fig. 1,ID475__fig1.png,OFF,151,AXIS_FALLBACK,"106,501,27,326",179,264,264,0.95,leftmost column whose run is >= 0.95 of the longest (264 px),179:264px;499:81px;467:81px;500:80px;466:80px;447:69px,,,,,,,,,,,,,,,,,,,,,,,,,,,,,,,,,,,,,,,,,,,,,,,,,,,
475,Fig. 1,ID475__fig1.png,OFF,151,AXIS_CANDIDATES,"106,501,27,326",179,,,,leftmost of 1 free runs,179:60-324:free,1,0,60-324,343,89.7,,,,,,,,,,,,,,,,,,,,,,,,,,,,,,,,,,,,,,,,,,,,,,
475,Fig. 1,ID475__fig1.png,OFF,151,AXIS_SHADOW_LADDER,"106,501,27,326",,,,,,,,,,,,,,,,,,,,,,,,,,,,,,,,,,,,179,free,60-324,True,224,9,True,0.29,0.0064,"9 labels, -0.151 value/px, ladder residual 0.3 px",,,,,,,,,,,,
475,Fig. 1,ID475__fig1.png,OFF,151,AXIS_FALLBACK,"572,967,31,330",645,265,265,0.95,leftmost column whose run is >= 0.95 of the longest (265 px),645:265px;798:74px;797:74px;913:65px;912:65px;684:64px,,,,,,,,,,,,,,,,,,,,,,,,,,,,,,,,,,,,,,,,,,,,,,,,,,,
475,Fig. 1,ID475__fig1.png,OFF,151,AXIS_CANDIDATES,"572,967,31,330",645,,,,leftmost of 1 free runs,645:63-328:free,1,0,63-328,809,89.7,,,,,,,,,,,,,,,,,,,,,,,,,,,,,,,,,,,,,,,,,,,,,,
475,Fig. 1,ID475__fig1.png,OFF,151,AXIS_SHADOW_LADDER,"572,967,31,330",,,,,,,,,,,,,,,,,,,,,,,,,,,,,,,,,,,,645,free,63-328,True,227,9,True,0.28,0.0071,"9 labels, -0.151 value/px, ladder residual 0.3 px",,,,,,,,,,,,
475,Fig. 1,ID475__fig1.png,OFF,151,AXIS_FALLBACK,"609,967,31,330",645,265,265,0.95,leftmost column whose run is >= 0.95 of the longest (265 px),645:265px;798:74px;797:74px;913:65px;912:65px;684:64px,,,,,,,,,,,,,,,,,,,,,,,,,,,,,,,,,,,,,,,,,,,,,,,,,,,
475,Fig. 1,ID475__fig1.png,OFF,151,AXIS_CANDIDATES,"609,967,31,330",645,,,,leftmost of 1 free runs,645:63-328:free,1,0,63-328,823,89.7,,,,,,,,,,,,,,,,,,,,,,,,,,,,,,,,,,,,,,,,,,,,,,
475,Fig. 1,ID475__fig1.png,OFF,151,AXIS_SHADOW_LADDER,"609,967,31,330",,,,,,,,,,,,,,,,,,,,,,,,,,,,,,,,,,,,645,free,63-328,True,227,9,True,0.28,0.0071,"9 labels, -0.151 value/px, ladder residual 0.3 px",,,,,,,,,,,,
475,Fig. 1,ID475__fig1.png,OFF,151,AXIS_FALLBACK,"106,501,27,297",179,237,237,0.95,leftmost column whose run is >= 0.95 of the longest (237 px),179:237px;499:81px;467:81px;500:80px;466:80px;447:69px,,,,,,,,,,,,,,,,,,,,,,,,,,,,,,,,,,,,,,,,,,,,,,,,,,,
475,Fig. 1,ID475__fig1.png,OFF,151,AXIS_CANDIDATES,"106,501,27,297",179,,,,no free run; leftmost of 1 clipped,179:60-324:clipped,0,1,60-324,343,81.0,,,,,,,,,,,,,,,,,,,,,,,,,,,,,,,,,,,,,,,,,,,,,,
475,Fig. 1,ID475__fig1.png,OFF,151,AXIS_SHADOW_LADDER,"106,501,27,297",,,,,,,,,,,,,,,,,,,,,,,,,,,,,,,,,,,,179,clipped,60-324,True,224,8,True,0.29,0.0066,"8 labels, -0.151 value/px, ladder residual 0.3 px",,,,,,,,,,,,
475,Fig. 1,ID475__fig1.png,OFF,151,AXIS_FALLBACK,"572,967,31,301",645,238,238,0.95,leftmost column whose run is >= 0.95 of the longest (238 px),645:238px;798:74px;797:74px;913:65px;912:65px;684:64px,,,,,,,,,,,,,,,,,,,,,,,,,,,,,,,,,,,,,,,,,,,,,,,,,,,
475,Fig. 1,ID475__fig1.png,OFF,151,AXIS_CANDIDATES,"572,967,31,301",645,,,,no free run; leftmost of 1 clipped,645:63-328:clipped,0,1,63-328,809,81.0,,,,,,,,,,,,,,,,,,,,,,,,,,,,,,,,,,,,,,,,,,,,,,
475,Fig. 1,ID475__fig1.png,OFF,151,AXIS_SHADOW_LADDER,"572,967,31,301",,,,,,,,,,,,,,,,,,,,,,,,,,,,,,,,,,,,645,clipped,63-328,True,227,8,True,0.29,0.0069,"8 labels, -0.151 value/px, ladder residual 0.3 px",,,,,,,,,,,,
475,Fig. 1,ID475__fig1.png,OFF,151,AXIS_FALLBACK,"609,967,31,301",645,238,238,0.95,leftmost column whose run is >= 0.95 of the longest (238 px),645:238px;798:74px;797:74px;913:65px;912:65px;684:64px,,,,,,,,,,,,,,,,,,,,,,,,,,,,,,,,,,,,,,,,,,,,,,,,,,,
475,Fig. 1,ID475__fig1.png,OFF,151,AXIS_CANDIDATES,"609,967,31,301",645,,,,no free run; leftmost of 1 clipped,645:63-328:clipped,0,1,63-328,823,81.0,,,,,,,,,,,,,,,,,,,,,,,,,,,,,,,,,,,,,,,,,,,,,,
475,Fig. 1,ID475__fig1.png,OFF,151,AXIS_SHADOW_LADDER,"609,967,31,301",,,,,,,,,,,,,,,,,,,,,,,,,,,,,,,,,,,,645,clipped,63-328,True,227,8,True,0.29,0.0069,"8 labels, -0.151 value/px, ladder residual 0.3 px",,,,,,,,,,,,
475,Fig. 1,ID475__fig1.png,OFF,151,AXIS_FALLBACK,"609,967,403,619",795,109,112,0.95,leftmost column whose run is >= 0.95 of the longest (112 px),912:112px;911:112px;796:109px;795:109px;679:106px;678:106px,,,,,,,,,,,,,,,,,,,,,,,,,,,,,,,,,,,,,,,,,,,,,,,,,,,
475,Fig. 1,ID475__fig1.png,OFF,151,AXIS_CANDIDATES,"609,967,403,619",795,,,,leftmost of 2 free runs,795:406-515:free;796:406-515:free;678:513-619:clipped;679:513-619:clipped,2,2,406-515,823,64.8,,,,,,,,,,,,,,,,,,,,,,,,,,,,,,,,,,,,,,,,,,,,,,
475,Fig. 1,ID475__fig1.png,OFF,151,AXIS_SHADOW_LADDER,"609,967,403,619",,,,,,,,,,,,,,,,,,,,,,,,,,,,,,,,,,,,795,free,406-515,True,513,2,False,,,only 2 label(s); 3 needed to check a ladder,,,,,,,,,,,,
475,Fig. 1,ID475__fig1.png,OFF,151,AXIS_SHADOW_LADDER,"609,967,403,619",,,,,,,,,,,,,,,,,,,,,,,,,,,,,,,,,,,,796,free,406-515,False,513,1,False,,,only 1 label(s); 3 needed to check a ladder,,,,,,,,,,,,
475,Fig. 1,ID475__fig1.png,OFF,151,AXIS_SHADOW_LADDER,"609,967,403,619",,,,,,,,,,,,,,,,,,,,,,,,,,,,,,,,,,,,678,clipped,513-619,False,513,3,True,0.03,0.0008,"3 labels, -0.150 value/px, ladder residual 0.0 px",,,,,,,,,,,,
475,Fig. 1,ID475__fig1.png,OFF,151,AXIS_SHADOW_LADDER,"609,967,403,619",,,,,,,,,,,,,,,,,,,,,,,,,,,,,,,,,,,,679,clipped,513-619,False,513,6,True,0.03,0.0012,"4 labels, -0.150 value/px, ladder residual 0.0 px; SUBSET: dropped 10@580, 15@613 (values are not monotone with pixel row: [15.0, 10.0, 0.0, -5.0, 10.0, 15.0])",,,,,,,,,,,,
475,Fig. 1,ID475__fig1.png,OFF,151,AXIS_FALLBACK,"92,273,695,975",173,220,220,0.95,leftmost column whose run is >= 0.95 of the longest (220 px),173:220px;249:65px;248:65px;247:65px;211:40px;210:40px,,,,,,,,,,,,,,,,,,,,,,,,,,,,,,,,,,,,,,,,,,,,,,,,,,,
475,Fig. 1,ID475__fig1.png,OFF,151,AXIS_CANDIDATES,"92,273,695,975",173,,,,leftmost of 1 free runs,173:748-968:free,1,0,748-968,200,84.0,,,,,,,,,,,,,,,,,,,,,,,,,,,,,,,,,,,,,,,,,,,,,,
475,Fig. 1,ID475__fig1.png,OFF,151,AXIS_SHADOW_LADDER,"92,273,695,975",,,,,,,,,,,,,,,,,,,,,,,,,,,,,,,,,,,,173,free,748-968,True,835,7,True,0.27,0.0064,"7 labels, -0.011 value/px, ladder residual 0.3 px",,,,,,,,,,,,
475,Fig. 1,ID475__fig1.png,OFF,151,AXIS_FALLBACK,"428,500,834,951",444,117,117,0.95,leftmost column whose run is >= 0.95 of the longest (117 px),445:117px;444:117px;482:63px;481:63px;461:27px;460:27px,,,,,,,,,,,,,,,,,,,,,,,,,,,,,,,,,,,,,,,,,,,,,,,,,,,
475,Fig. 1,ID475__fig1.png,OFF,151,AXIS_CANDIDATES,"428,500,834,951",444,,,,no free run; leftmost of 2 clipped,444:834-951:clipped;445:834-951:clipped,0,2,834-951,471,35.1,,,,,,,,,,,,,,,,,,,,,,,,,,,,,,,,,,,,,,,,,,,,,,
475,Fig. 1,ID475__fig1.png,OFF,151,AXIS_SHADOW_LADDER,"428,500,834,951",,,,,,,,,,,,,,,,,,,,,,,,,,,,,,,,,,,,444,clipped,834-951,True,835,0,False,,,only 0 label(s); 3 needed to check a ladder,,,,,,,,,,,,
475,Fig. 1,ID475__fig1.png,OFF,151,AXIS_SHADOW_LADDER,"428,500,834,951",,,,,,,,,,,,,,,,,,,,,,,,,,,,,,,,,,,,445,clipped,834-951,False,835,1,False,,,only 1 label(s); 3 needed to check a ladder,,,,,,,,,,,,
475,Fig. 1,ID475__fig1.png,OFF,151,AXIS_FALLBACK,"609,967,738,938",679,102,103,0.95,leftmost column whose run is >= 0.95 of the longest (103 px),797:103px;796:103px;680:102px;679:102px;914:99px;913:99px,,,,,,,,,,,,,,,,,,,,,,,,,,,,,,,,,,,,,,,,,,,,,,,,,,,
475,Fig. 1,ID475__fig1.png,OFF,151,AXIS_CANDIDATES,"609,967,738,938",679,,,,leftmost of 2 free runs,679:835-937:free;680:835-937:free;796:835-938:clipped;797:835-938:clipped,2,2,835-937,823,60.0,,,,,,,,,,,,,,,,,,,,,,,,,,,,,,,,,,,,,,,,,,,,,,
475,Fig. 1,ID475__fig1.png,OFF,151,AXIS_SHADOW_LADDER,"609,967,738,938",,,,,,,,,,,,,,,,,,,,,,,,,,,,,,,,,,,,679,free,835-937,True,835,3,True,0.56,0.0183,"3 labels, -0.011 value/px, ladder residual 0.6 px",,,,,,,,,,,,
475,Fig. 1,ID475__fig1.png,OFF,151,AXIS_SHADOW_LADDER,"609,967,738,938",,,,,,,,,,,,,,,,,,,,,,,,,,,,,,,,,,,,680,free,835-937,False,835,3,True,0.28,0.0094,"3 labels, -0.011 value/px, ladder residual 0.3 px",,,,,,,,,,,,
475,Fig. 1,ID475__fig1.png,OFF,151,AXIS_SHADOW_LADDER,"609,967,738,938",,,,,,,,,,,,,,,,,,,,,,,,,,,,,,,,,,,,796,clipped,835-938,False,835,2,False,,,only 2 label(s); 3 needed to check a ladder,,,,,,,,,,,,
475,Fig. 1,ID475__fig1.png,OFF,151,AXIS_SHADOW_LADDER,"609,967,738,938",,,,,,,,,,,,,,,,,,,,,,,,,,,,,,,,,,,,797,clipped,835-938,False,835,2,False,,,only 2 label(s); 3 needed to check a ladder,,,,,,,,,,,,
475,Fig. 1,ID475__fig1.png,OFF,151,AXIS_FALLBACK,"101,268,499,627",212,65,68,0.95,leftmost column whose run is >= 0.95 of the longest (68 px),250:68px;249:68px;213:65px;212:65px;266:51px;267:50px,,,,,,,,,,,,,,,,,,,,,,,,,,,,,,,,,,,,,,,,,,,,,,,,,,,
475,Fig. 1,ID475__fig1.png,OFF,151,AXIS_CANDIDATES,"101,268,499,627",,,,,no run long enough,,0,0,,201,38.4,,,,,,,,,,,,,,,,,,,,,,,,,,,,,,,,,,,,,,,,,,,,,,
475,Fig. 1,ID475__fig1.png,OFF,151,AXIS_SHADOW_LADDER,"101,268,499,627",,,,,,,,,,,,,,,,,,,,,,,,,,,,,,,,,,,,212,fallback,,True,559,3,True,0.11,0.0050,"3 labels, -0.149 value/px, ladder residual 0.1 px",,,,,,,,,,,,
475,Fig. 1,ID475__fig1.png,OFF,151,AXIS_FALLBACK,"428,500,510,664",445,120,120,0.95,leftmost column whose run is >= 0.95 of the longest (120 px),446:120px;445:120px;499:63px;483:63px;482:63px;481:63px,,,,,,,,,,,,,,,,,,,,,,,,,,,,,,,,,,,,,,,,,,,,,,,,,,,
475,Fig. 1,ID475__fig1.png,OFF,151,AXIS_CANDIDATES,"428,500,510,664",445,,,,no free run; leftmost of 4 clipped,445:510-630:clipped;446:510-630:clipped;465:510-573:clipped;466:510-573:clipped,0,4,510-630,471,46.2,,,,,,,,,,,,,,,,,,,,,,,,,,,,,,,,,,,,,,,,,,,,,,
475,Fig. 1,ID475__fig1.png,OFF,151,AXIS_SHADOW_LADDER,"428,500,510,664",,,,,,,,,,,,,,,,,,,,,,,,,,,,,,,,,,,,445,clipped,510-630,True,572,1,False,,,only 1 label(s); 3 needed to check a ladder,,,,,,,,,,,,
475,Fig. 1,ID475__fig1.png,OFF,151,AXIS_SHADOW_LADDER,"428,500,510,664",,,,,,,,,,,,,,,,,,,,,,,,,,,,,,,,,,,,446,clipped,510-630,False,572,1,False,,,only 1 label(s); 3 needed to check a ladder,,,,,,,,,,,,
475,Fig. 1,ID475__fig1.png,OFF,151,AXIS_SHADOW_LADDER,"428,500,510,664",,,,,,,,,,,,,,,,,,,,,,,,,,,,,,,,,,,,465,clipped,510-573,False,572,1,False,,,only 1 label(s); 3 needed to check a ladder,,,,,,,,,,,,
475,Fig. 1,ID475__fig1.png,OFF,151,AXIS_SHADOW_LADDER,"428,500,510,664",,,,,,,,,,,,,,,,,,,,,,,,,,,,,,,,,,,,466,clipped,510-573,False,572,1,False,,,only 1 label(s); 3 needed to check a ladder,,,,,,,,,,,,
475,Fig. 1,ID475__fig1.png,PLAIN,151,AXIS_FALLBACK,"142,501,27,341",179,264,264,0.95,leftmost column whose run is >= 0.95 of the longest (264 px),179:264px;499:81px;467:81px;500:80px;466:80px;447:69px,,,,,,,,,,,,,,,,,,,,,,,,,,,,,,,,,,,,,,,,,,,,,,,,,,,
475,Fig. 1,ID475__fig1.png,PLAIN,151,AXIS_FALLBACK,"92,500,739,975",173,220,220,0.95,leftmost column whose run is >= 0.95 of the longest (220 px),173:220px;445:117px;444:117px;249:65px;248:65px;247:65px,,,,,,,,,,,,,,,,,,,,,,,,,,,,,,,,,,,,,,,,,,,,,,,,,,,
475,Fig. 1,ID475__fig1.png,PLAIN,151,AXIS_FALLBACK,"609,967,31,341",645,265,265,0.95,leftmost column whose run is >= 0.95 of the longest (265 px),645:265px;798:74px;797:74px;913:65px;912:65px;684:64px,,,,,,,,,,,,,,,,,,,,,,,,,,,,,,,,,,,,,,,,,,,,,,,,,,,
475,Fig. 1,ID475__fig1.png,PLAIN,151,AXIS_FALLBACK,"565,966,373,619",795,109,112,0.95,leftmost column whose run is >= 0.95 of the longest (112 px),912:112px;911:112px;796:109px;795:109px;679:106px;678:106px,,,,,,,,,,,,,,,,,,,,,,,,,,,,,,,,,,,,,,,,,,,,,,,,,,,
475,Fig. 1,ID475__fig1.png,PLAIN,151,AXIS_FALLBACK,"428,500,510,664",445,120,120,0.95,leftmost column whose run is >= 0.95 of the longest (120 px),446:120px;445:120px;499:63px;483:63px;482:63px;481:63px,,,,,,,,,,,,,,,,,,,,,,,,,,,,,,,,,,,,,,,,,,,,,,,,,,,
475,Fig. 1,ID475__fig1.png,PLAIN,151,AXIS_FALLBACK,"142,501,27,341",179,264,264,0.95,leftmost column whose run is >= 0.95 of the longest (264 px),179:264px;499:81px;467:81px;500:80px;466:80px;447:69px,,,,,,,,,,,,,,,,,,,,,,,,,,,,,,,,,,,,,,,,,,,,,,,,,,,
475,Fig. 1,ID475__fig1.png,PLAIN,151,AXIS_FALLBACK,"428,500,510,664",445,120,120,0.95,leftmost column whose run is >= 0.95 of the longest (120 px),446:120px;445:120px;499:63px;483:63px;482:63px;481:63px,,,,,,,,,,,,,,,,,,,,,,,,,,,,,,,,,,,,,,,,,,,,,,,,,,,
475,Fig. 1,ID475__fig1.png,PLAIN,151,AXIS_FALLBACK,"92,500,739,975",173,220,220,0.95,leftmost column whose run is >= 0.95 of the longest (220 px),173:220px;445:117px;444:117px;249:65px;248:65px;247:65px,,,,,,,,,,,,,,,,,,,,,,,,,,,,,,,,,,,,,,,,,,,,,,,,,,,
475,Fig. 1,ID475__fig1.png,PLAIN,151,AXIS_FALLBACK,"609,967,31,341",645,265,265,0.95,leftmost column whose run is >= 0.95 of the longest (265 px),645:265px;798:74px;797:74px;913:65px;912:65px;684:64px,,,,,,,,,,,,,,,,,,,,,,,,,,,,,,,,,,,,,,,,,,,,,,,,,,,
475,Fig. 1,ID475__fig1.png,PLAIN,151,AXIS_FALLBACK,"565,966,373,619",795,109,112,0.95,leftmost column whose run is >= 0.95 of the longest (112 px),912:112px;911:112px;796:109px;795:109px;679:106px;678:106px,,,,,,,,,,,,,,,,,,,,,,,,,,,,,,,,,,,,,,,,,,,,,,,,,,,
475,Fig. 1,ID475__fig1.png,PLAIN,151,AXIS_FALLBACK,"609,967,738,938",679,102,103,0.95,leftmost column whose run is >= 0.95 of the longest (103 px),797:103px;796:103px;680:102px;679:102px;914:99px;913:99px,,,,,,,,,,,,,,,,,,,,,,,,,,,,,,,,,,,,,,,,,,,,,,,,,,,
475,Fig. 1,ID475__fig1.png,PLAIN,151,AXIS_FALLBACK,"565,966,738,938",679,102,103,0.95,leftmost column whose run is >= 0.95 of the longest (103 px),797:103px;796:103px;680:102px;679:102px;914:99px;913:99px,,,,,,,,,,,,,,,,,,,,,,,,,,,,,,,,,,,,,,,,,,,,,,,,,,,
475,Fig. 1,ID475__fig1.png,PLAIN,151,AXIS_CANDIDATES,"142,501,27,341",179,,,,leftmost of 1 free runs,179:60-324:free,1,0,60-324,357,94.2,,,,,,,,,,,,,,,,,,,,,,,,,,,,,,,,,,,,,,,,,,,,,,
475,Fig. 1,ID475__fig1.png,PLAIN,151,AXIS_FALLBACK,"142,501,27,341",179,264,264,0.95,leftmost column whose run is >= 0.95 of the longest (264 px),179:264px;499:81px;467:81px;500:80px;466:80px;447:69px,,,,,,,,,,,,,,,,,,,,,,,,,,,,,,,,,,,,,,,,,,,,,,,,,,,
475,Fig. 1,ID475__fig1.png,PLAIN,151,AXIS_CANDIDATES,"609,967,31,341",645,,,,leftmost of 1 free runs,645:63-328:free,1,0,63-328,823,93.0,,,,,,,,,,,,,,,,,,,,,,,,,,,,,,,,,,,,,,,,,,,,,,
475,Fig. 1,ID475__fig1.png,PLAIN,151,AXIS_FALLBACK,"609,967,31,341",645,265,265,0.95,leftmost column whose run is >= 0.95 of the longest (265 px),645:265px;798:74px;797:74px;913:65px;912:65px;684:64px,,,,,,,,,,,,,,,,,,,,,,,,,,,,,,,,,,,,,,,,,,,,,,,,,,,
475,Fig. 1,ID475__fig1.png,PLAIN,151,AXIS_CANDIDATES,"565,966,373,619",795,,,,leftmost of 2 free runs,795:406-515:free;796:406-515:free;678:513-619:clipped;679:513-619:clipped,2,2,406-515,805,73.8,,,,,,,,,,,,,,,,,,,,,,,,,,,,,,,,,,,,,,,,,,,,,,
475,Fig. 1,ID475__fig1.png,PLAIN,151,AXIS_FALLBACK,"565,966,373,619",795,109,112,0.95,leftmost column whose run is >= 0.95 of the longest (112 px),912:112px;911:112px;796:109px;795:109px;679:106px;678:106px,,,,,,,,,,,,,,,,,,,,,,,,,,,,,,,,,,,,,,,,,,,,,,,,,,,
475,Fig. 1,ID475__fig1.png,PLAIN,151,AXIS_CANDIDATES,"92,500,739,975",173,,,,leftmost of 1 free runs,173:748-968:free,1,0,748-968,336,70.8,,,,,,,,,,,,,,,,,,,,,,,,,,,,,,,,,,,,,,,,,,,,,,
475,Fig. 1,ID475__fig1.png,PLAIN,151,AXIS_FALLBACK,"92,500,739,975",173,220,220,0.95,leftmost column whose run is >= 0.95 of the longest (220 px),173:220px;445:117px;444:117px;249:65px;248:65px;247:65px,,,,,,,,,,,,,,,,,,,,,,,,,,,,,,,,,,,,,,,,,,,,,,,,,,,
475,Fig. 1,ID475__fig1.png,PLAIN,151,AXIS_CANDIDATES,"428,500,510,664",445,,,,no free run; leftmost of 4 clipped,445:510-630:clipped;446:510-630:clipped;465:510-573:clipped;466:510-573:clipped,0,4,510-630,471,46.2,,,,,,,,,,,,,,,,,,,,,,,,,,,,,,,,,,,,,,,,,,,,,,
475,Fig. 1,ID475__fig1.png,PLAIN,151,AXIS_FALLBACK,"428,500,510,664",445,120,120,0.95,leftmost column whose run is >= 0.95 of the longest (120 px),446:120px;445:120px;499:63px;483:63px;482:63px;481:63px,,,,,,,,,,,,,,,,,,,,,,,,,,,,,,,,,,,,,,,,,,,,,,,,,,,
475,Fig. 1,ID475__fig1.png,PLAIN,151,AXIS_CANDIDATES,"609,967,738,938",679,,,,leftmost of 2 free runs,679:835-937:free;680:835-937:free;796:835-938:clipped;797:835-938:clipped,2,2,835-937,823,60.0,,,,,,,,,,,,,,,,,,,,,,,,,,,,,,,,,,,,,,,,,,,,,,
475,Fig. 1,ID475__fig1.png,PLAIN,151,AXIS_FALLBACK,"609,967,738,938",679,102,103,0.95,leftmost column whose run is >= 0.95 of the longest (103 px),797:103px;796:103px;680:102px;679:102px;914:99px;913:99px,,,,,,,,,,,,,,,,,,,,,,,,,,,,,,,,,,,,,,,,,,,,,,,,,,,
475,Fig. 1,ID475__fig1.png,PLAIN,151,AXIS_CANDIDATES,"565,966,738,938",679,,,,leftmost of 2 free runs,679:835-937:free;680:835-937:free;796:835-938:clipped;797:835-938:clipped,2,2,835-937,805,60.0,,,,,,,,,,,,,,,,,,,,,,,,,,,,,,,,,,,,,,,,,,,,,,
475,Fig. 1,ID475__fig1.png,PLAIN,151,AXIS_FALLBACK,"565,966,738,938",679,102,103,0.95,leftmost column whose run is >= 0.95 of the longest (103 px),797:103px;796:103px;680:102px;679:102px;914:99px;913:99px,,,,,,,,,,,,,,,,,,,,,,,,,,,,,,,,,,,,,,,,,,,,,,,,,,,
475,Fig. 1,ID475__fig1.png,PLAIN,151,AXIS_FALLBACK,"142,501,27,341",179,264,264,0.95,leftmost column whose run is >= 0.95 of the longest (264 px),179:264px;499:81px;467:81px;500:80px;466:80px;447:69px,,,,,,,,,,,,,,,,,,,,,,,,,,,,,,,,,,,,,,,,,,,,,,,,,,,
475,Fig. 1,ID475__fig1.png,PLAIN,151,AXIS_FALLBACK,"142,501,27,341",179,264,264,0.95,leftmost column whose run is >= 0.95 of the longest (264 px),179:264px;499:81px;467:81px;500:80px;466:80px;447:69px,,,,,,,,,,,,,,,,,,,,,,,,,,,,,,,,,,,,,,,,,,,,,,,,,,,
475,Fig. 1,ID475__fig1.png,PLAIN,151,AXIS_FALLBACK,"142,501,27,341",179,264,264,0.95,leftmost column whose run is >= 0.95 of the longest (264 px),179:264px;499:81px;467:81px;500:80px;466:80px;447:69px,,,,,,,,,,,,,,,,,,,,,,,,,,,,,,,,,,,,,,,,,,,,,,,,,,,
475,Fig. 1,ID475__fig1.png,PLAIN,151,ORPHAN,,,,,,,,,,,,,"106,124,112,270",18,158,OFFERED,,,"142,501,27,341",left,18,34,,,,,,,,,,,,,,,,,,,,,,,,,,,,,,,,,,,,
475,Fig. 1,ID475__fig1.png,PLAIN,151,GATE,,,,,,,,,,,,,"106,124,112,270",,,,,,"142,501,27,341",left,18,,True,O,O,-,X,O,-,,,,,,,,,,,,,,,,,,,,,,,,,,,,,
475,Fig. 1,ID475__fig1.png,PLAIN,151,GATE_WHY,,,,,,,,,,,,,"106,124,112,270",,,,,,"142,501,27,341",,,,,,,,,,,"축 없음, 잉크 0.354","행 겹침 1.00, 패널 행 27-341, 조각 112-270",이 클립에서 캡션을 읽지 못했다,"건너는 간격 59 px, 패널 내부의 가장 큰 간격 0 px","밑변에 선 열 0.00, 축 범위 안 잉크 1.00 (교집합 1.00)",막대·눈금이 0→0개뿐이라 규칙성을 잴 수 없다,,,,,,,,,,,,,,,,,,,,,,,
475,Fig. 1,ID475__fig1.png,PLAIN,151,POST,,,,,,,,,,,,,"106,124,112,270",,,ADOPTED,,,"142,501,27,341",,,,,,,,,,,,,,,,,"106,501,27,341",,,,,,,,,,,,,,,,,,,,,,
475,Fig. 1,ID475__fig1.png,PLAIN,151,ORPHAN,,,,,,,,,,,,,"99,384,370,664",285,294,NO_PANEL_IN_REACH,0,left 181px share 1.00 reach 34 [gap] | overlap 0px share 0.00 reach 34 [share],,,,,,,,,,,,,,,,,,,,,,,,,,,,,,,,,,,,,,,,
475,Fig. 1,ID475__fig1.png,PLAIN,151,ORPHAN,,,,,,,,,,,,,"138,174,695,729",36,34,NO_PANEL_IN_REACH,0,left 435px share 0.00 reach 34 [gap] [share] | overlap 0px share 0.00 reach 34 [share],,,,,,,,,,,,,,,,,,,,,,,,,,,,,,,,,,,,,,,,
475,Fig. 1,ID475__fig1.png,PLAIN,151,ORPHAN,,,,,,,,,,,,,"192,211,696,720",19,24,NO_PANEL_IN_REACH,0,left 398px share 0.00 reach 34 [gap] [share] | overlap 0px share 0.00 reach 34 [share],,,,,,,,,,,,,,,,,,,,,,,,,,,,,,,,,,,,,,,,
475,Fig. 1,ID475__fig1.png,PLAIN,151,AXIS_FALLBACK,"609,967,31,341",645,265,265,0.95,leftmost column whose run is >= 0.95 of the longest (265 px),645:265px;798:74px;797:74px;913:65px;912:65px;684:64px,,,,,,,,,,,,,,,,,,,,,,,,,,,,,,,,,,,,,,,,,,,,,,,,,,,
475,Fig. 1,ID475__fig1.png,PLAIN,151,AXIS_FALLBACK,"609,967,31,341",645,265,265,0.95,leftmost column whose run is >= 0.95 of the longest (265 px),645:265px;798:74px;797:74px;913:65px;912:65px;684:64px,,,,,,,,,,,,,,,,,,,,,,,,,,,,,,,,,,,,,,,,,,,,,,,,,,,
475,Fig. 1,ID475__fig1.png,PLAIN,151,AXIS_FALLBACK,"609,967,31,341",645,265,265,0.95,leftmost column whose run is >= 0.95 of the longest (265 px),645:265px;798:74px;797:74px;913:65px;912:65px;684:64px,,,,,,,,,,,,,,,,,,,,,,,,,,,,,,,,,,,,,,,,,,,,,,,,,,,
475,Fig. 1,ID475__fig1.png,PLAIN,151,ORPHAN,,,,,,,,,,,,,"572,590,116,254",18,138,OFFERED,,,"609,967,31,341",left,19,34,,,,,,,,,,,,,,,,,,,,,,,,,,,,,,,,,,,,
475,Fig. 1,ID475__fig1.png,PLAIN,151,GATE,,,,,,,,,,,,,"572,590,116,254",,,,,,"609,967,31,341",left,19,,True,O,O,-,X,O,-,,,,,,,,,,,,,,,,,,,,,,,,,,,,,
475,Fig. 1,ID475__fig1.png,PLAIN,151,GATE_WHY,,,,,,,,,,,,,"572,590,116,254",,,,,,"609,967,31,341",,,,,,,,,,,"축 없음, 잉크 0.375","행 겹침 1.00, 패널 행 31-341, 조각 116-254",이 클립에서 캡션을 읽지 못했다,"건너는 간격 59 px, 패널 내부의 가장 큰 간격 0 px","밑변에 선 열 0.00, 축 범위 안 잉크 1.07 (교집합 1.00)",막대·눈금이 0→0개뿐이라 규칙성을 잴 수 없다,,,,,,,,,,,,,,,,,,,,,,,
475,Fig. 1,ID475__fig1.png,PLAIN,151,POST,,,,,,,,,,,,,"572,590,116,254",,,ADOPTED,,,"609,967,31,341",,,,,,,,,,,,,,,,,"572,967,31,341",,,,,,,,,,,,,,,,,,,,,,
475,Fig. 1,ID475__fig1.png,PLAIN,151,ORPHAN,,,,,,,,,,,,,"604,944,640,669",340,29,NO_PANEL_IN_REACH,0,overlap 0px share 0.00 reach 34 [share] | right 104px share 0.83 reach 34 [gap],,,,,,,,,,,,,,,,,,,,,,,,,,,,,,,,,,,,,,,,
475,Fig. 1,ID475__fig1.png,PLAIN,151,ORPHAN,,,,,,,,,,,,,"553,743,695,981",190,286,NO_PANEL_IN_REACH,0,overlap 0px share 1.00 reach 34 | right 53px share 1.00 reach 34 [gap],,,,,,,,,,,,,,,,,,,,,,,,,,,,,,,,,,,,,,,,
475,Fig. 1,ID475__fig1.png,PLAIN,151,ORPHAN,,,,,,,,,,,,,"791,969,738,981",178,243,NO_PANEL_IN_REACH,0,overlap 0px share 1.00 reach 34 | right 291px share 1.00 reach 34 [gap],,,,,,,,,,,,,,,,,,,,,,,,,,,,,,,,,,,,,,,,
475,Fig. 1,ID475__fig1.png,PLAIN,151,AXIS_FALLBACK,"142,501,27,341",179,264,264,0.95,leftmost column whose run is >= 0.95 of the longest (264 px),179:264px;499:81px;467:81px;500:80px;466:80px;447:69px,,,,,,,,,,,,,,,,,,,,,,,,,,,,,,,,,,,,,,,,,,,,,,,,,,,
475,Fig. 1,ID475__fig1.png,PLAIN,151,AXIS_FALLBACK,"609,967,31,341",645,265,265,0.95,leftmost column whose run is >= 0.95 of the longest (265 px),645:265px;798:74px;797:74px;913:65px;912:65px;684:64px,,,,,,,,,,,,,,,,,,,,,,,,,,,,,,,,,,,,,,,,,,,,,,,,,,,
475,Fig. 1,ID475__fig1.png,PLAIN,151,AXIS_FALLBACK,"565,966,373,619",795,109,112,0.95,leftmost column whose run is >= 0.95 of the longest (112 px),912:112px;911:112px;796:109px;795:109px;679:106px;678:106px,,,,,,,,,,,,,,,,,,,,,,,,,,,,,,,,,,,,,,,,,,,,,,,,,,,
475,Fig. 1,ID475__fig1.png,PLAIN,151,AXIS_FALLBACK,"92,500,739,975",173,220,220,0.95,leftmost column whose run is >= 0.95 of the longest (220 px),173:220px;445:117px;444:117px;249:65px;248:65px;247:65px,,,,,,,,,,,,,,,,,,,,,,,,,,,,,,,,,,,,,,,,,,,,,,,,,,,
475,Fig. 1,ID475__fig1.png,PLAIN,151,AXIS_FALLBACK,"428,500,510,664",445,120,120,0.95,leftmost column whose run is >= 0.95 of the longest (120 px),446:120px;445:120px;499:63px;483:63px;482:63px;481:63px,,,,,,,,,,,,,,,,,,,,,,,,,,,,,,,,,,,,,,,,,,,,,,,,,,,
475,Fig. 1,ID475__fig1.png,PLAIN,151,AXIS_FALLBACK,"609,967,738,938",679,102,103,0.95,leftmost column whose run is >= 0.95 of the longest (103 px),797:103px;796:103px;680:102px;679:102px;914:99px;913:99px,,,,,,,,,,,,,,,,,,,,,,,,,,,,,,,,,,,,,,,,,,,,,,,,,,,
475,Fig. 1,ID475__fig1.png,PLAIN,151,AXIS_FALLBACK,"565,966,738,938",679,102,103,0.95,leftmost column whose run is >= 0.95 of the longest (103 px),797:103px;796:103px;680:102px;679:102px;914:99px;913:99px,,,,,,,,,,,,,,,,,,,,,,,,,,,,,,,,,,,,,,,,,,,,,,,,,,,
475,Fig. 1,ID475__fig1.png,PLAIN,151,AXIS_FALLBACK,"106,501,27,341",179,264,264,0.95,leftmost column whose run is >= 0.95 of the longest (264 px),179:264px;499:81px;467:81px;500:80px;466:80px;447:69px,,,,,,,,,,,,,,,,,,,,,,,,,,,,,,,,,,,,,,,,,,,,,,,,,,,
475,Fig. 1,ID475__fig1.png,PLAIN,151,AXIS_FALLBACK,"572,967,31,341",645,265,265,0.95,leftmost column whose run is >= 0.95 of the longest (265 px),645:265px;798:74px;797:74px;913:65px;912:65px;684:64px,,,,,,,,,,,,,,,,,,,,,,,,,,,,,,,,,,,,,,,,,,,,,,,,,,,
475,Fig. 1,ID475__fig1.png,PLAIN,151,AXIS_FALLBACK,"106,501,27,341",179,264,264,0.95,leftmost column whose run is >= 0.95 of the longest (264 px),179:264px;499:81px;467:81px;500:80px;466:80px;447:69px,,,,,,,,,,,,,,,,,,,,,,,,,,,,,,,,,,,,,,,,,,,,,,,,,,,
475,Fig. 1,ID475__fig1.png,PLAIN,151,AXIS_CANDIDATES,"106,501,27,341",179,,,,leftmost of 1 free runs,179:60-324:free,1,0,60-324,343,94.2,,,,,,,,,,,,,,,,,,,,,,,,,,,,,,,,,,,,,,,,,,,,,,
475,Fig. 1,ID475__fig1.png,PLAIN,151,AXIS_SHADOW_LADDER,"106,501,27,341",,,,,,,,,,,,,,,,,,,,,,,,,,,,,,,,,,,,179,free,60-324,True,224,9,True,0.29,0.0064,"9 labels, -0.151 value/px, ladder residual 0.3 px",,,,,,,,,,,,
475,Fig. 1,ID475__fig1.png,PLAIN,151,AXIS_FALLBACK,"572,967,31,341",645,265,265,0.95,leftmost column whose run is >= 0.95 of the longest (265 px),645:265px;798:74px;797:74px;913:65px;912:65px;684:64px,,,,,,,,,,,,,,,,,,,,,,,,,,,,,,,,,,,,,,,,,,,,,,,,,,,
475,Fig. 1,ID475__fig1.png,PLAIN,151,AXIS_CANDIDATES,"572,967,31,341",645,,,,leftmost of 1 free runs,645:63-328:free,1,0,63-328,809,93.0,,,,,,,,,,,,,,,,,,,,,,,,,,,,,,,,,,,,,,,,,,,,,,
475,Fig. 1,ID475__fig1.png,PLAIN,151,AXIS_SHADOW_LADDER,"572,967,31,341",,,,,,,,,,,,,,,,,,,,,,,,,,,,,,,,,,,,645,free,63-328,True,227,9,True,0.28,0.0071,"9 labels, -0.151 value/px, ladder residual 0.3 px",,,,,,,,,,,,
475,Fig. 1,ID475__fig1.png,PLAIN,151,AXIS_FALLBACK,"142,501,27,341",179,264,264,0.95,leftmost column whose run is >= 0.95 of the longest (264 px),179:264px;499:81px;467:81px;500:80px;466:80px;447:69px,,,,,,,,,,,,,,,,,,,,,,,,,,,,,,,,,,,,,,,,,,,,,,,,,,,
475,Fig. 1,ID475__fig1.png,PLAIN,151,AXIS_CANDIDATES,"142,501,27,341",179,,,,leftmost of 1 free runs,179:60-324:free,1,0,60-324,357,94.2,,,,,,,,,,,,,,,,,,,,,,,,,,,,,,,,,,,,,,,,,,,,,,
475,Fig. 1,ID475__fig1.png,PLAIN,151,AXIS_SHADOW_LADDER,"142,501,27,341",,,,,,,,,,,,,,,,,,,,,,,,,,,,,,,,,,,,179,free,60-324,True,224,9,True,0.29,0.0064,"9 labels, -0.151 value/px, ladder residual 0.3 px",,,,,,,,,,,,
475,Fig. 1,ID475__fig1.png,PLAIN,151,AXIS_FALLBACK,"609,967,31,341",645,265,265,0.95,leftmost column whose run is >= 0.95 of the longest (265 px),645:265px;798:74px;797:74px;913:65px;912:65px;684:64px,,,,,,,,,,,,,,,,,,,,,,,,,,,,,,,,,,,,,,,,,,,,,,,,,,,
475,Fig. 1,ID475__fig1.png,PLAIN,151,AXIS_CANDIDATES,"609,967,31,341",645,,,,leftmost of 1 free runs,645:63-328:free,1,0,63-328,823,93.0,,,,,,,,,,,,,,,,,,,,,,,,,,,,,,,,,,,,,,,,,,,,,,
475,Fig. 1,ID475__fig1.png,PLAIN,151,AXIS_SHADOW_LADDER,"609,967,31,341",,,,,,,,,,,,,,,,,,,,,,,,,,,,,,,,,,,,645,free,63-328,True,227,9,True,0.28,0.0071,"9 labels, -0.151 value/px, ladder residual 0.3 px",,,,,,,,,,,,
475,Fig. 1,ID475__fig1.png,PLAIN,151,AXIS_FALLBACK,"565,966,373,619",795,109,112,0.95,leftmost column whose run is >= 0.95 of the longest (112 px),912:112px;911:112px;796:109px;795:109px;679:106px;678:106px,,,,,,,,,,,,,,,,,,,,,,,,,,,,,,,,,,,,,,,,,,,,,,,,,,,
475,Fig. 1,ID475__fig1.png,PLAIN,151,AXIS_CANDIDATES,"565,966,373,619",795,,,,leftmost of 2 free runs,795:406-515:free;796:406-515:free;678:513-619:clipped;679:513-619:clipped,2,2,406-515,805,73.8,,,,,,,,,,,,,,,,,,,,,,,,,,,,,,,,,,,,,,,,,,,,,,
475,Fig. 1,ID475__fig1.png,PLAIN,151,AXIS_SHADOW_LADDER,"565,966,373,619",,,,,,,,,,,,,,,,,,,,,,,,,,,,,,,,,,,,795,free,406-515,True,513,3,False,,,"values are not monotone with pixel row: [0.0, 0.0, 5.0]",,,,,,,,,,,,
475,Fig. 1,ID475__fig1.png,PLAIN,151,AXIS_SHADOW_LADDER,"565,966,373,619",,,,,,,,,,,,,,,,,,,,,,,,,,,,,,,,,,,,796,free,406-515,False,513,3,False,,,"values are not monotone with pixel row: [0.0, 5.0, 0.0]",,,,,,,,,,,,
475,Fig. 1,ID475__fig1.png,PLAIN,151,AXIS_SHADOW_LADDER,"565,966,373,619",,,,,,,,,,,,,,,,,,,,,,,,,,,,,,,,,,,,678,clipped,513-619,False,513,5,True,0.03,0.0008,"3 labels, -0.150 value/px, ladder residual 0.0 px; SUBSET: dropped 10@580, 15@613 (values are not monotone with pixel row: [15.0, 10.0, -5.0, 10.0, 15.0])",,,,,,,,,,,,
475,Fig. 1,ID475__fig1.png,PLAIN,151,AXIS_SHADOW_LADDER,"565,966,373,619",,,,,,,,,,,,,,,,,,,,,,,,,,,,,,,,,,,,679,clipped,513-619,False,513,5,True,0.03,0.0008,"3 labels, -0.150 value/px, ladder residual 0.0 px; SUBSET: dropped 10@580, 15@613 (values are not monotone with pixel row: [15.0, 10.0, -5.0, 10.0, 15.0])",,,,,,,,,,,,
475,Fig. 1,ID475__fig1.png,PLAIN,151,AXIS_FALLBACK,"92,500,739,975",173,220,220,0.95,leftmost column whose run is >= 0.95 of the longest (220 px),173:220px;445:117px;444:117px;249:65px;248:65px;247:65px,,,,,,,,,,,,,,,,,,,,,,,,,,,,,,,,,,,,,,,,,,,,,,,,,,,
475,Fig. 1,ID475__fig1.png,PLAIN,151,AXIS_CANDIDATES,"92,500,739,975",173,,,,leftmost of 1 free runs,173:748-968:free,1,0,748-968,336,70.8,,,,,,,,,,,,,,,,,,,,,,,,,,,,,,,,,,,,,,,,,,,,,,
475,Fig. 1,ID475__fig1.png,PLAIN,151,AXIS_SHADOW_LADDER,"92,500,739,975",,,,,,,,,,,,,,,,,,,,,,,,,,,,,,,,,,,,173,free,748-968,True,835,6,True,0.26,0.0066,"6 labels, -0.011 value/px, ladder residual 0.3 px",,,,,,,,,,,,
475,Fig. 1,ID475__fig1.png,PLAIN,151,AXIS_FALLBACK,"565,966,738,938",679,102,103,0.95,leftmost column whose run is >= 0.95 of the longest (103 px),797:103px;796:103px;680:102px;679:102px;914:99px;913:99px,,,,,,,,,,,,,,,,,,,,,,,,,,,,,,,,,,,,,,,,,,,,,,,,,,,
475,Fig. 1,ID475__fig1.png,PLAIN,151,AXIS_CANDIDATES,"565,966,738,938",679,,,,leftmost of 2 free runs,679:835-937:free;680:835-937:free;796:835-938:clipped;797:835-938:clipped,2,2,835-937,805,60.0,,,,,,,,,,,,,,,,,,,,,,,,,,,,,,,,,,,,,,,,,,,,,,
475,Fig. 1,ID475__fig1.png,PLAIN,151,AXIS_SHADOW_LADDER,"565,966,738,938",,,,,,,,,,,,,,,,,,,,,,,,,,,,,,,,,,,,679,free,835-937,True,835,3,True,0.56,0.0183,"3 labels, -0.011 value/px, ladder residual 0.6 px",,,,,,,,,,,,
475,Fig. 1,ID475__fig1.png,PLAIN,151,AXIS_SHADOW_LADDER,"565,966,738,938",,,,,,,,,,,,,,,,,,,,,,,,,,,,,,,,,,,,680,free,835-937,False,835,3,True,0.28,0.0094,"3 labels, -0.011 value/px, ladder residual 0.3 px",,,,,,,,,,,,
475,Fig. 1,ID475__fig1.png,PLAIN,151,AXIS_SHADOW_LADDER,"565,966,738,938",,,,,,,,,,,,,,,,,,,,,,,,,,,,,,,,,,,,796,clipped,835-938,False,835,1,False,,,only 1 label(s); 3 needed to check a ladder,,,,,,,,,,,,
475,Fig. 1,ID475__fig1.png,PLAIN,151,AXIS_SHADOW_LADDER,"565,966,738,938",,,,,,,,,,,,,,,,,,,,,,,,,,,,,,,,,,,,797,clipped,835-938,False,835,1,False,,,only 1 label(s); 3 needed to check a ladder,,,,,,,,,,,,
475,Fig. 1,ID475__fig1.png,CAP,151,AXIS_FALLBACK,"142,501,27,341",179,264,264,0.95,leftmost column whose run is >= 0.95 of the longest (264 px),179:264px;499:81px;467:81px;500:80px;466:80px;447:69px,,,,,,,,,,,,,,,,,,,,,,,,,,,,,,,,,,,,,,,,,,,,,,,,,,,
475,Fig. 1,ID475__fig1.png,CAP,151,AXIS_FALLBACK,"92,500,739,975",173,220,220,0.95,leftmost column whose run is >= 0.95 of the longest (220 px),173:220px;445:117px;444:117px;249:65px;248:65px;247:65px,,,,,,,,,,,,,,,,,,,,,,,,,,,,,,,,,,,,,,,,,,,,,,,,,,,
475,Fig. 1,ID475__fig1.png,CAP,151,AXIS_FALLBACK,"609,967,31,341",645,265,265,0.95,leftmost column whose run is >= 0.95 of the longest (265 px),645:265px;798:74px;797:74px;913:65px;912:65px;684:64px,,,,,,,,,,,,,,,,,,,,,,,,,,,,,,,,,,,,,,,,,,,,,,,,,,,
475,Fig. 1,ID475__fig1.png,CAP,151,AXIS_FALLBACK,"565,966,373,619",795,109,112,0.95,leftmost column whose run is >= 0.95 of the longest (112 px),912:112px;911:112px;796:109px;795:109px;679:106px;678:106px,,,,,,,,,,,,,,,,,,,,,,,,,,,,,,,,,,,,,,,,,,,,,,,,,,,
475,Fig. 1,ID475__fig1.png,CAP,151,AXIS_FALLBACK,"428,500,510,664",445,120,120,0.95,leftmost column whose run is >= 0.95 of the longest (120 px),446:120px;445:120px;499:63px;483:63px;482:63px;481:63px,,,,,,,,,,,,,,,,,,,,,,,,,,,,,,,,,,,,,,,,,,,,,,,,,,,
475,Fig. 1,ID475__fig1.png,CAP,151,AXIS_FALLBACK,"142,501,27,341",179,264,264,0.95,leftmost column whose run is >= 0.95 of the longest (264 px),179:264px;499:81px;467:81px;500:80px;466:80px;447:69px,,,,,,,,,,,,,,,,,,,,,,,,,,,,,,,,,,,,,,,,,,,,,,,,,,,
475,Fig. 1,ID475__fig1.png,CAP,151,AXIS_FALLBACK,"428,500,510,664",445,120,120,0.95,leftmost column whose run is >= 0.95 of the longest (120 px),446:120px;445:120px;499:63px;483:63px;482:63px;481:63px,,,,,,,,,,,,,,,,,,,,,,,,,,,,,,,,,,,,,,,,,,,,,,,,,,,
475,Fig. 1,ID475__fig1.png,CAP,151,AXIS_FALLBACK,"92,500,739,975",173,220,220,0.95,leftmost column whose run is >= 0.95 of the longest (220 px),173:220px;445:117px;444:117px;249:65px;248:65px;247:65px,,,,,,,,,,,,,,,,,,,,,,,,,,,,,,,,,,,,,,,,,,,,,,,,,,,
475,Fig. 1,ID475__fig1.png,CAP,151,AXIS_FALLBACK,"609,967,31,341",645,265,265,0.95,leftmost column whose run is >= 0.95 of the longest (265 px),645:265px;798:74px;797:74px;913:65px;912:65px;684:64px,,,,,,,,,,,,,,,,,,,,,,,,,,,,,,,,,,,,,,,,,,,,,,,,,,,
475,Fig. 1,ID475__fig1.png,CAP,151,AXIS_FALLBACK,"565,966,373,619",795,109,112,0.95,leftmost column whose run is >= 0.95 of the longest (112 px),912:112px;911:112px;796:109px;795:109px;679:106px;678:106px,,,,,,,,,,,,,,,,,,,,,,,,,,,,,,,,,,,,,,,,,,,,,,,,,,,
475,Fig. 1,ID475__fig1.png,CAP,151,AXIS_FALLBACK,"609,967,738,938",679,102,103,0.95,leftmost column whose run is >= 0.95 of the longest (103 px),797:103px;796:103px;680:102px;679:102px;914:99px;913:99px,,,,,,,,,,,,,,,,,,,,,,,,,,,,,,,,,,,,,,,,,,,,,,,,,,,
475,Fig. 1,ID475__fig1.png,CAP,151,AXIS_FALLBACK,"565,966,738,938",679,102,103,0.95,leftmost column whose run is >= 0.95 of the longest (103 px),797:103px;796:103px;680:102px;679:102px;914:99px;913:99px,,,,,,,,,,,,,,,,,,,,,,,,,,,,,,,,,,,,,,,,,,,,,,,,,,,
475,Fig. 1,ID475__fig1.png,CAP,151,AXIS_CANDIDATES,"142,501,27,341",179,,,,leftmost of 1 free runs,179:60-324:free,1,0,60-324,357,94.2,,,,,,,,,,,,,,,,,,,,,,,,,,,,,,,,,,,,,,,,,,,,,,
475,Fig. 1,ID475__fig1.png,CAP,151,AXIS_FALLBACK,"142,501,27,341",179,264,264,0.95,leftmost column whose run is >= 0.95 of the longest (264 px),179:264px;499:81px;467:81px;500:80px;466:80px;447:69px,,,,,,,,,,,,,,,,,,,,,,,,,,,,,,,,,,,,,,,,,,,,,,,,,,,
475,Fig. 1,ID475__fig1.png,CAP,151,AXIS_CANDIDATES,"609,967,31,341",645,,,,leftmost of 1 free runs,645:63-328:free,1,0,63-328,823,93.0,,,,,,,,,,,,,,,,,,,,,,,,,,,,,,,,,,,,,,,,,,,,,,
475,Fig. 1,ID475__fig1.png,CAP,151,AXIS_FALLBACK,"609,967,31,341",645,265,265,0.95,leftmost column whose run is >= 0.95 of the longest (265 px),645:265px;798:74px;797:74px;913:65px;912:65px;684:64px,,,,,,,,,,,,,,,,,,,,,,,,,,,,,,,,,,,,,,,,,,,,,,,,,,,
475,Fig. 1,ID475__fig1.png,CAP,151,AXIS_CANDIDATES,"565,966,373,619",795,,,,leftmost of 2 free runs,795:406-515:free;796:406-515:free;678:513-619:clipped;679:513-619:clipped,2,2,406-515,805,73.8,,,,,,,,,,,,,,,,,,,,,,,,,,,,,,,,,,,,,,,,,,,,,,
475,Fig. 1,ID475__fig1.png,CAP,151,AXIS_FALLBACK,"565,966,373,619",795,109,112,0.95,leftmost column whose run is >= 0.95 of the longest (112 px),912:112px;911:112px;796:109px;795:109px;679:106px;678:106px,,,,,,,,,,,,,,,,,,,,,,,,,,,,,,,,,,,,,,,,,,,,,,,,,,,
475,Fig. 1,ID475__fig1.png,CAP,151,AXIS_CANDIDATES,"92,500,739,975",173,,,,leftmost of 1 free runs,173:748-968:free,1,0,748-968,336,70.8,,,,,,,,,,,,,,,,,,,,,,,,,,,,,,,,,,,,,,,,,,,,,,
475,Fig. 1,ID475__fig1.png,CAP,151,AXIS_FALLBACK,"92,500,739,975",173,220,220,0.95,leftmost column whose run is >= 0.95 of the longest (220 px),173:220px;445:117px;444:117px;249:65px;248:65px;247:65px,,,,,,,,,,,,,,,,,,,,,,,,,,,,,,,,,,,,,,,,,,,,,,,,,,,
475,Fig. 1,ID475__fig1.png,CAP,151,AXIS_CANDIDATES,"428,500,510,664",445,,,,no free run; leftmost of 4 clipped,445:510-630:clipped;446:510-630:clipped;465:510-573:clipped;466:510-573:clipped,0,4,510-630,471,46.2,,,,,,,,,,,,,,,,,,,,,,,,,,,,,,,,,,,,,,,,,,,,,,
475,Fig. 1,ID475__fig1.png,CAP,151,AXIS_FALLBACK,"428,500,510,664",445,120,120,0.95,leftmost column whose run is >= 0.95 of the longest (120 px),446:120px;445:120px;499:63px;483:63px;482:63px;481:63px,,,,,,,,,,,,,,,,,,,,,,,,,,,,,,,,,,,,,,,,,,,,,,,,,,,
475,Fig. 1,ID475__fig1.png,CAP,151,AXIS_CANDIDATES,"609,967,738,938",679,,,,leftmost of 2 free runs,679:835-937:free;680:835-937:free;796:835-938:clipped;797:835-938:clipped,2,2,835-937,823,60.0,,,,,,,,,,,,,,,,,,,,,,,,,,,,,,,,,,,,,,,,,,,,,,
475,Fig. 1,ID475__fig1.png,CAP,151,AXIS_FALLBACK,"609,967,738,938",679,102,103,0.95,leftmost column whose run is >= 0.95 of the longest (103 px),797:103px;796:103px;680:102px;679:102px;914:99px;913:99px,,,,,,,,,,,,,,,,,,,,,,,,,,,,,,,,,,,,,,,,,,,,,,,,,,,
475,Fig. 1,ID475__fig1.png,CAP,151,AXIS_CANDIDATES,"565,966,738,938",679,,,,leftmost of 2 free runs,679:835-937:free;680:835-937:free;796:835-938:clipped;797:835-938:clipped,2,2,835-937,805,60.0,,,,,,,,,,,,,,,,,,,,,,,,,,,,,,,,,,,,,,,,,,,,,,
475,Fig. 1,ID475__fig1.png,CAP,151,AXIS_FALLBACK,"565,966,738,938",679,102,103,0.95,leftmost column whose run is >= 0.95 of the longest (103 px),797:103px;796:103px;680:102px;679:102px;914:99px;913:99px,,,,,,,,,,,,,,,,,,,,,,,,,,,,,,,,,,,,,,,,,,,,,,,,,,,
475,Fig. 1,ID475__fig1.png,CAP,151,AXIS_FALLBACK,"142,501,27,341",179,264,264,0.95,leftmost column whose run is >= 0.95 of the longest (264 px),179:264px;499:81px;467:81px;500:80px;466:80px;447:69px,,,,,,,,,,,,,,,,,,,,,,,,,,,,,,,,,,,,,,,,,,,,,,,,,,,
475,Fig. 1,ID475__fig1.png,CAP,151,AXIS_FALLBACK,"142,501,27,341",179,264,264,0.95,leftmost column whose run is >= 0.95 of the longest (264 px),179:264px;499:81px;467:81px;500:80px;466:80px;447:69px,,,,,,,,,,,,,,,,,,,,,,,,,,,,,,,,,,,,,,,,,,,,,,,,,,,
475,Fig. 1,ID475__fig1.png,CAP,151,AXIS_FALLBACK,"142,501,27,341",179,264,264,0.95,leftmost column whose run is >= 0.95 of the longest (264 px),179:264px;499:81px;467:81px;500:80px;466:80px;447:69px,,,,,,,,,,,,,,,,,,,,,,,,,,,,,,,,,,,,,,,,,,,,,,,,,,,
475,Fig. 1,ID475__fig1.png,CAP,151,ORPHAN,,,,,,,,,,,,,"106,124,112,270",18,158,OFFERED,,,"142,501,27,341",left,18,34,,,,,,,,,,,,,,,,,,,,,,,,,,,,,,,,,,,,
475,Fig. 1,ID475__fig1.png,CAP,151,GATE,,,,,,,,,,,,,"106,124,112,270",,,,,,"142,501,27,341",left,18,,True,O,O,-,X,O,-,,,,,,,,,,,,,,,,,,,,,,,,,,,,,
475,Fig. 1,ID475__fig1.png,CAP,151,GATE_WHY,,,,,,,,,,,,,"106,124,112,270",,,,,,"142,501,27,341",,,,,,,,,,,"축 없음, 잉크 0.354","행 겹침 1.00, 패널 행 27-341, 조각 112-270",이 클립에서 캡션을 읽지 못했다,"건너는 간격 59 px, 패널 내부의 가장 큰 간격 0 px","밑변에 선 열 0.00, 축 범위 안 잉크 1.00 (교집합 1.00)",막대·눈금이 0→0개뿐이라 규칙성을 잴 수 없다,,,,,,,,,,,,,,,,,,,,,,,
475,Fig. 1,ID475__fig1.png,CAP,151,POST,,,,,,,,,,,,,"106,124,112,270",,,ADOPTED,,,"142,501,27,341",,,,,,,,,,,,,,,,,"106,501,27,341",,,,,,,,,,,,,,,,,,,,,,
475,Fig. 1,ID475__fig1.png,CAP,151,ORPHAN,,,,,,,,,,,,,"99,384,370,664",285,294,NO_PANEL_IN_REACH,0,left 181px share 1.00 reach 34 [gap] | overlap 0px share 0.00 reach 34 [share],,,,,,,,,,,,,,,,,,,,,,,,,,,,,,,,,,,,,,,,
475,Fig. 1,ID475__fig1.png,CAP,151,ORPHAN,,,,,,,,,,,,,"138,174,695,729",36,34,NO_PANEL_IN_REACH,0,left 435px share 0.00 reach 34 [gap] [share] | overlap 0px share 0.00 reach 34 [share],,,,,,,,,,,,,,,,,,,,,,,,,,,,,,,,,,,,,,,,
475,Fig. 1,ID475__fig1.png,CAP,151,ORPHAN,,,,,,,,,,,,,"192,211,696,720",19,24,NO_PANEL_IN_REACH,0,left 398px share 0.00 reach 34 [gap] [share] | overlap 0px share 0.00 reach 34 [share],,,,,,,,,,,,,,,,,,,,,,,,,,,,,,,,,,,,,,,,
475,Fig. 1,ID475__fig1.png,CAP,151,AXIS_FALLBACK,"609,967,31,341",645,265,265,0.95,leftmost column whose run is >= 0.95 of the longest (265 px),645:265px;798:74px;797:74px;913:65px;912:65px;684:64px,,,,,,,,,,,,,,,,,,,,,,,,,,,,,,,,,,,,,,,,,,,,,,,,,,,
475,Fig. 1,ID475__fig1.png,CAP,151,AXIS_FALLBACK,"609,967,31,341",645,265,265,0.95,leftmost column whose run is >= 0.95 of the longest (265 px),645:265px;798:74px;797:74px;913:65px;912:65px;684:64px,,,,,,,,,,,,,,,,,,,,,,,,,,,,,,,,,,,,,,,,,,,,,,,,,,,
475,Fig. 1,ID475__fig1.png,CAP,151,AXIS_FALLBACK,"609,967,31,341",645,265,265,0.95,leftmost column whose run is >= 0.95 of the longest (265 px),645:265px;798:74px;797:74px;913:65px;912:65px;684:64px,,,,,,,,,,,,,,,,,,,,,,,,,,,,,,,,,,,,,,,,,,,,,,,,,,,
475,Fig. 1,ID475__fig1.png,CAP,151,ORPHAN,,,,,,,,,,,,,"572,590,116,254",18,138,OFFERED,,,"609,967,31,341",left,19,34,,,,,,,,,,,,,,,,,,,,,,,,,,,,,,,,,,,,
475,Fig. 1,ID475__fig1.png,CAP,151,GATE,,,,,,,,,,,,,"572,590,116,254",,,,,,"609,967,31,341",left,19,,True,O,O,-,X,O,-,,,,,,,,,,,,,,,,,,,,,,,,,,,,,
475,Fig. 1,ID475__fig1.png,CAP,151,GATE_WHY,,,,,,,,,,,,,"572,590,116,254",,,,,,"609,967,31,341",,,,,,,,,,,"축 없음, 잉크 0.375","행 겹침 1.00, 패널 행 31-341, 조각 116-254",이 클립에서 캡션을 읽지 못했다,"건너는 간격 59 px, 패널 내부의 가장 큰 간격 0 px","밑변에 선 열 0.00, 축 범위 안 잉크 1.07 (교집합 1.00)",막대·눈금이 0→0개뿐이라 규칙성을 잴 수 없다,,,,,,,,,,,,,,,,,,,,,,,
475,Fig. 1,ID475__fig1.png,CAP,151,POST,,,,,,,,,,,,,"572,590,116,254",,,ADOPTED,,,"609,967,31,341",,,,,,,,,,,,,,,,,"572,967,31,341",,,,,,,,,,,,,,,,,,,,,,
475,Fig. 1,ID475__fig1.png,CAP,151,ORPHAN,,,,,,,,,,,,,"604,944,640,669",340,29,NO_PANEL_IN_REACH,0,overlap 0px share 0.00 reach 34 [share] | right 104px share 0.83 reach 34 [gap],,,,,,,,,,,,,,,,,,,,,,,,,,,,,,,,,,,,,,,,
475,Fig. 1,ID475__fig1.png,CAP,151,ORPHAN,,,,,,,,,,,,,"553,743,695,981",190,286,NO_PANEL_IN_REACH,0,overlap 0px share 1.00 reach 34 | right 53px share 1.00 reach 34 [gap],,,,,,,,,,,,,,,,,,,,,,,,,,,,,,,,,,,,,,,,
475,Fig. 1,ID475__fig1.png,CAP,151,ORPHAN,,,,,,,,,,,,,"791,969,738,981",178,243,NO_PANEL_IN_REACH,0,overlap 0px share 1.00 reach 34 | right 291px share 1.00 reach 34 [gap],,,,,,,,,,,,,,,,,,,,,,,,,,,,,,,,,,,,,,,,
475,Fig. 1,ID475__fig1.png,CAP,151,AXIS_FALLBACK,"142,501,27,341",179,264,264,0.95,leftmost column whose run is >= 0.95 of the longest (264 px),179:264px;499:81px;467:81px;500:80px;466:80px;447:69px,,,,,,,,,,,,,,,,,,,,,,,,,,,,,,,,,,,,,,,,,,,,,,,,,,,
475,Fig. 1,ID475__fig1.png,CAP,151,AXIS_FALLBACK,"609,967,31,341",645,265,265,0.95,leftmost column whose run is >= 0.95 of the longest (265 px),645:265px;798:74px;797:74px;913:65px;912:65px;684:64px,,,,,,,,,,,,,,,,,,,,,,,,,,,,,,,,,,,,,,,,,,,,,,,,,,,
475,Fig. 1,ID475__fig1.png,CAP,151,AXIS_FALLBACK,"565,966,373,619",795,109,112,0.95,leftmost column whose run is >= 0.95 of the longest (112 px),912:112px;911:112px;796:109px;795:109px;679:106px;678:106px,,,,,,,,,,,,,,,,,,,,,,,,,,,,,,,,,,,,,,,,,,,,,,,,,,,
475,Fig. 1,ID475__fig1.png,CAP,151,AXIS_FALLBACK,"92,500,739,975",173,220,220,0.95,leftmost column whose run is >= 0.95 of the longest (220 px),173:220px;445:117px;444:117px;249:65px;248:65px;247:65px,,,,,,,,,,,,,,,,,,,,,,,,,,,,,,,,,,,,,,,,,,,,,,,,,,,
475,Fig. 1,ID475__fig1.png,CAP,151,AXIS_FALLBACK,"428,500,510,664",445,120,120,0.95,leftmost column whose run is >= 0.95 of the longest (120 px),446:120px;445:120px;499:63px;483:63px;482:63px;481:63px,,,,,,,,,,,,,,,,,,,,,,,,,,,,,,,,,,,,,,,,,,,,,,,,,,,
475,Fig. 1,ID475__fig1.png,CAP,151,AXIS_FALLBACK,"609,967,738,938",679,102,103,0.95,leftmost column whose run is >= 0.95 of the longest (103 px),797:103px;796:103px;680:102px;679:102px;914:99px;913:99px,,,,,,,,,,,,,,,,,,,,,,,,,,,,,,,,,,,,,,,,,,,,,,,,,,,
475,Fig. 1,ID475__fig1.png,CAP,151,AXIS_FALLBACK,"565,966,738,938",679,102,103,0.95,leftmost column whose run is >= 0.95 of the longest (103 px),797:103px;796:103px;680:102px;679:102px;914:99px;913:99px,,,,,,,,,,,,,,,,,,,,,,,,,,,,,,,,,,,,,,,,,,,,,,,,,,,
475,Fig. 1,ID475__fig1.png,CAP,151,AXIS_FALLBACK,"106,501,27,341",179,264,264,0.95,leftmost column whose run is >= 0.95 of the longest (264 px),179:264px;499:81px;467:81px;500:80px;466:80px;447:69px,,,,,,,,,,,,,,,,,,,,,,,,,,,,,,,,,,,,,,,,,,,,,,,,,,,
475,Fig. 1,ID475__fig1.png,CAP,151,AXIS_FALLBACK,"572,967,31,341",645,265,265,0.95,leftmost column whose run is >= 0.95 of the longest (265 px),645:265px;798:74px;797:74px;913:65px;912:65px;684:64px,,,,,,,,,,,,,,,,,,,,,,,,,,,,,,,,,,,,,,,,,,,,,,,,,,,
475,Fig. 1,ID475__fig1.png,GRID,151,AXIS_FALLBACK,"142,501,27,341",179,264,264,0.95,leftmost column whose run is >= 0.95 of the longest (264 px),179:264px;499:81px;467:81px;500:80px;466:80px;447:69px,,,,,,,,,,,,,,,,,,,,,,,,,,,,,,,,,,,,,,,,,,,,,,,,,,,
475,Fig. 1,ID475__fig1.png,GRID,151,AXIS_FALLBACK,"92,500,739,975",173,220,220,0.95,leftmost column whose run is >= 0.95 of the longest (220 px),173:220px;445:117px;444:117px;249:65px;248:65px;247:65px,,,,,,,,,,,,,,,,,,,,,,,,,,,,,,,,,,,,,,,,,,,,,,,,,,,
475,Fig. 1,ID475__fig1.png,GRID,151,AXIS_FALLBACK,"609,967,31,341",645,265,265,0.95,leftmost column whose run is >= 0.95 of the longest (265 px),645:265px;798:74px;797:74px;913:65px;912:65px;684:64px,,,,,,,,,,,,,,,,,,,,,,,,,,,,,,,,,,,,,,,,,,,,,,,,,,,
475,Fig. 1,ID475__fig1.png,GRID,151,AXIS_FALLBACK,"565,966,373,619",795,109,112,0.95,leftmost column whose run is >= 0.95 of the longest (112 px),912:112px;911:112px;796:109px;795:109px;679:106px;678:106px,,,,,,,,,,,,,,,,,,,,,,,,,,,,,,,,,,,,,,,,,,,,,,,,,,,
475,Fig. 1,ID475__fig1.png,GRID,151,AXIS_FALLBACK,"171,629,517,841",445,113,113,0.95,leftmost column whose run is >= 0.95 of the longest (113 px),446:113px;445:113px;173:93px;250:68px;249:68px;483:63px,,,,,,,,,,,,,,,,,,,,,,,,,,,,,,,,,,,,,,,,,,,,,,,,,,,
475,Fig. 1,ID475__fig1.png,GRID,151,AXIS_FALLBACK,"173,587,231,519",179,93,93,0.95,leftmost column whose run is >= 0.95 of the longest (93 px),179:93px;329:64px;328:64px;447:62px;446:62px;332:46px,,,,,,,,,,,,,,,,,,,,,,,,,,,,,,,,,,,,,,,,,,,,,,,,,,,
475,Fig. 1,ID475__fig1.png,GRID,151,AXIS_FALLBACK,"660,969,517,841",678,102,102,0.95,leftmost column whose run is >= 0.95 of the longest (102 px),679:102px;678:102px;914:99px;913:99px;949:46px;948:46px,,,,,,,,,,,,,,,,,,,,,,,,,,,,,,,,,,,,,,,,,,,,,,,,,,,
475,Fig. 1,ID475__fig1.png,GRID,151,AXIS_FALLBACK,"178,634,27,233",179,173,173,0.95,leftmost column whose run is >= 0.95 of the longest (173 px),179:173px;499:81px;467:81px;500:80px;466:80px;484:67px,,,,,,,,,,,,,,,,,,,,,,,,,,,,,,,,,,,,,,,,,,,,,,,,,,,
475,Fig. 1,ID475__fig1.png,GRID,151,AXIS_FALLBACK,"643,966,231,519",795,109,112,0.95,leftmost column whose run is >= 0.95 of the longest (112 px),912:112px;911:112px;796:109px;795:109px;645:97px;798:70px,,,,,,,,,,,,,,,,,,,,,,,,,,,,,,,,,,,,,,,,,,,,,,,,,,,
475,Fig. 1,ID475__fig1.png,GRID,151,AXIS_FALLBACK,"644,1023,31,233",645,170,170,0.95,leftmost column whose run is >= 0.95 of the longest (170 px),645:170px;950:61px;949:61px;948:61px;736:58px;703:58px,,,,,,,,,,,,,,,,,,,,,,,,,,,,,,,,,,,,,,,,,,,,,,,,,,,
475,Fig. 1,ID475__fig1.png,GRID,151,AXIS_FALLBACK,"178,634,27,233",179,173,173,0.95,leftmost column whose run is >= 0.95 of the longest (173 px),179:173px;499:81px;467:81px;500:80px;466:80px;484:67px,,,,,,,,,,,,,,,,,,,,,,,,,,,,,,,,,,,,,,,,,,,,,,,,,,,
475,Fig. 1,ID475__fig1.png,GRID,151,AXIS_FALLBACK,"644,1023,31,233",645,170,170,0.95,leftmost column whose run is >= 0.95 of the longest (170 px),645:170px;950:61px;949:61px;948:61px;736:58px;703:58px,,,,,,,,,,,,,,,,,,,,,,,,,,,,,,,,,,,,,,,,,,,,,,,,,,,
475,Fig. 1,ID475__fig1.png,GRID,151,AXIS_FALLBACK,"142,501,27,341",179,264,264,0.95,leftmost column whose run is >= 0.95 of the longest (264 px),179:264px;499:81px;467:81px;500:80px;466:80px;447:69px,,,,,,,,,,,,,,,,,,,,,,,,,,,,,,,,,,,,,,,,,,,,,,,,,,,
475,Fig. 1,ID475__fig1.png,GRID,151,AXIS_FALLBACK,"428,500,510,664",445,120,120,0.95,leftmost column whose run is >= 0.95 of the longest (120 px),446:120px;445:120px;499:63px;483:63px;482:63px;481:63px,,,,,,,,,,,,,,,,,,,,,,,,,,,,,,,,,,,,,,,,,,,,,,,,,,,
475,Fig. 1,ID475__fig1.png,GRID,151,AXIS_FALLBACK,"92,500,739,975",173,220,220,0.95,leftmost column whose run is >= 0.95 of the longest (220 px),173:220px;445:117px;444:117px;249:65px;248:65px;247:65px,,,,,,,,,,,,,,,,,,,,,,,,,,,,,,,,,,,,,,,,,,,,,,,,,,,
475,Fig. 1,ID475__fig1.png,GRID,151,AXIS_FALLBACK,"609,967,31,341",645,265,265,0.95,leftmost column whose run is >= 0.95 of the longest (265 px),645:265px;798:74px;797:74px;913:65px;912:65px;684:64px,,,,,,,,,,,,,,,,,,,,,,,,,,,,,,,,,,,,,,,,,,,,,,,,,,,
475,Fig. 1,ID475__fig1.png,GRID,151,AXIS_FALLBACK,"565,966,373,619",795,109,112,0.95,leftmost column whose run is >= 0.95 of the longest (112 px),912:112px;911:112px;796:109px;795:109px;679:106px;678:106px,,,,,,,,,,,,,,,,,,,,,,,,,,,,,,,,,,,,,,,,,,,,,,,,,,,
475,Fig. 1,ID475__fig1.png,GRID,151,AXIS_FALLBACK,"178,634,27,233",179,173,173,0.95,leftmost column whose run is >= 0.95 of the longest (173 px),179:173px;499:81px;467:81px;500:80px;466:80px;484:67px,,,,,,,,,,,,,,,,,,,,,,,,,,,,,,,,,,,,,,,,,,,,,,,,,,,
475,Fig. 1,ID475__fig1.png,GRID,151,AXIS_FALLBACK,"644,1023,31,233",645,170,170,0.95,leftmost column whose run is >= 0.95 of the longest (170 px),645:170px;950:61px;949:61px;948:61px;736:58px;703:58px,,,,,,,,,,,,,,,,,,,,,,,,,,,,,,,,,,,,,,,,,,,,,,,,,,,
475,Fig. 1,ID475__fig1.png,GRID,151,AXIS_FALLBACK,"171,627,815,951",173,136,136,0.95,leftmost column whose run is >= 0.95 of the longest (136 px),173:136px;445:117px;444:117px;249:65px;248:65px;247:65px,,,,,,,,,,,,,,,,,,,,,,,,,,,,,,,,,,,,,,,,,,,,,,,,,,,
475,Fig. 1,ID475__fig1.png,GRID,151,AXIS_FALLBACK,"173,578,831,951",173,120,120,0.95,leftmost column whose run is >= 0.95 of the longest (120 px),173:120px;445:117px;444:117px;249:65px;248:65px;247:65px,,,,,,,,,,,,,,,,,,,,,,,,,,,,,,,,,,,,,,,,,,,,,,,,,,,
475,Fig. 1,ID475__fig1.png,GRID,151,AXIS_FALLBACK,"178,627,815,951",444,117,117,0.95,leftmost column whose run is >= 0.95 of the longest (117 px),445:117px;444:117px;249:65px;248:65px;247:65px;482:63px,,,,,,,,,,,,,,,,,,,,,,,,,,,,,,,,,,,,,,,,,,,,,,,,,,,
475,Fig. 1,ID475__fig1.png,GRID,151,AXIS_CANDIDATES,"171,629,517,841",,,,,no run long enough,,0,0,,445,97.2,,,,,,,,,,,,,,,,,,,,,,,,,,,,,,,,,,,,,,,,,,,,,,
475,Fig. 1,ID475__fig1.png,GRID,151,AXIS_FALLBACK,"171,629,517,841",445,113,113,0.95,leftmost column whose run is >= 0.95 of the longest (113 px),446:113px;445:113px;173:93px;250:68px;249:68px;483:63px,,,,,,,,,,,,,,,,,,,,,,,,,,,,,,,,,,,,,,,,,,,,,,,,,,,
475,Fig. 1,ID475__fig1.png,GRID,151,AXIS_FALLBACK,"171,629,517,841",445,113,113,0.95,leftmost column whose run is >= 0.95 of the longest (113 px),446:113px;445:113px;173:93px;250:68px;249:68px;483:63px,,,,,,,,,,,,,,,,,,,,,,,,,,,,,,,,,,,,,,,,,,,,,,,,,,,
475,Fig. 1,ID475__fig1.png,GRID,151,AXIS_CANDIDATES,"173,587,231,519",179,,,,no free run; leftmost of 1 clipped,179:60-324:clipped,0,1,60-324,421,86.4,,,,,,,,,,,,,,,,,,,,,,,,,,,,,,,,,,,,,,,,,,,,,,
475,Fig. 1,ID475__fig1.png,GRID,151,AXIS_FALLBACK,"173,587,231,519",179,93,93,0.95,leftmost column whose run is >= 0.95 of the longest (93 px),179:93px;329:64px;328:64px;447:62px;446:62px;332:46px,,,,,,,,,,,,,,,,,,,,,,,,,,,,,,,,,,,,,,,,,,,,,,,,,,,
475,Fig. 1,ID475__fig1.png,GRID,151,AXIS_CANDIDATES,"660,969,517,841",678,,,,no free run; leftmost of 2 clipped,678:513-619:clipped;679:513-619:clipped,0,2,513-619,845,97.2,,,,,,,,,,,,,,,,,,,,,,,,,,,,,,,,,,,,,,,,,,,,,,
475,Fig. 1,ID475__fig1.png,GRID,151,AXIS_FALLBACK,"660,969,517,841",678,102,102,0.95,leftmost column whose run is >= 0.95 of the longest (102 px),679:102px;678:102px;914:99px;913:99px;949:46px;948:46px,,,,,,,,,,,,,,,,,,,,,,,,,,,,,,,,,,,,,,,,,,,,,,,,,,,
475,Fig. 1,ID475__fig1.png,GRID,151,AXIS_CANDIDATES,"178,634,27,233",179,,,,no free run; leftmost of 1 clipped,179:60-324:clipped,0,1,60-324,451,61.8,,,,,,,,,,,,,,,,,,,,,,,,,,,,,,,,,,,,,,,,,,,,,,
475,Fig. 1,ID475__fig1.png,GRID,151,AXIS_FALLBACK,"178,634,27,233",179,173,173,0.95,leftmost column whose run is >= 0.95 of the longest (173 px),179:173px;499:81px;467:81px;500:80px;466:80px;484:67px,,,,,,,,,,,,,,,,,,,,,,,,,,,,,,,,,,,,,,,,,,,,,,,,,,,
475,Fig. 1,ID475__fig1.png,GRID,151,AXIS_CANDIDATES,"643,966,231,519",795,,,,leftmost of 2 free runs,795:406-515:free;796:406-515:free;645:63-328:clipped,2,1,406-515,836,86.4,,,,,,,,,,,,,,,,,,,,,,,,,,,,,,,,,,,,,,,,,,,,,,
475,Fig. 1,ID475__fig1.png,GRID,151,AXIS_FALLBACK,"643,966,231,519",795,109,112,0.95,leftmost column whose run is >= 0.95 of the longest (112 px),912:112px;911:112px;796:109px;795:109px;645:97px;798:70px,,,,,,,,,,,,,,,,,,,,,,,,,,,,,,,,,,,,,,,,,,,,,,,,,,,
475,Fig. 1,ID475__fig1.png,GRID,151,AXIS_CANDIDATES,"644,1023,31,233",645,,,,no free run; leftmost of 1 clipped,645:63-328:clipped,0,1,63-328,871,60.6,,,,,,,,,,,,,,,,,,,,,,,,,,,,,,,,,,,,,,,,,,,,,,
475,Fig. 1,ID475__fig1.png,GRID,151,AXIS_FALLBACK,"644,1023,31,233",645,170,170,0.95,leftmost column whose run is >= 0.95 of the longest (170 px),645:170px;950:61px;949:61px;948:61px;736:58px;703:58px,,,,,,,,,,,,,,,,,,,,,,,,,,,,,,,,,,,,,,,,,,,,,,,,,,,
475,Fig. 1,ID475__fig1.png,GRID,151,AXIS_CANDIDATES,"171,627,815,951",247,,,,leftmost of 7 free runs,247:851-916:free;248:851-916:free;249:851-916:free;327:834-879:free;328:834-879:free;364:865-921:free;365:865-921:free;173:748-968:clipped,7,1,851-916,444,40.8,,,,,,,,,,,,,,,,,,,,,,,,,,,,,,,,,,,,,,,,,,,,,,
475,Fig. 1,ID475__fig1.png,GRID,151,AXIS_FALLBACK,"171,627,815,951",173,136,136,0.95,leftmost column whose run is >= 0.95 of the longest (136 px),173:136px;445:117px;444:117px;249:65px;248:65px;247:65px,,,,,,,,,,,,,,,,,,,,,,,,,,,,,,,,,,,,,,,,,,,,,,,,,,,
475,Fig. 1,ID475__fig1.png,GRID,151,AXIS_CANDIDATES,"173,578,831,951",210,,,,leftmost of 9 free runs,210:834-874:free;211:834-874:free;247:851-916:free;248:851-916:free;249:851-916:free;327:834-879:free;328:834-879:free;364:865-921:free;365:865-921:free;173:748-968:clipped,9,1,834-874,416,36.0,,,,,,,,,,,,,,,,,,,,,,,,,,,,,,,,,,,,,,,,,,,,,,
475,Fig. 1,ID475__fig1.png,GRID,151,AXIS_FALLBACK,"173,578,831,951",173,120,120,0.95,leftmost column whose run is >= 0.95 of the longest (120 px),173:120px;445:117px;444:117px;249:65px;248:65px;247:65px,,,,,,,,,,,,,,,,,,,,,,,,,,,,,,,,,,,,,,,,,,,,,,,,,,,
475,Fig. 1,ID475__fig1.png,GRID,151,AXIS_CANDIDATES,"178,627,815,951",247,,,,leftmost of 7 free runs,247:851-916:free;248:851-916:free;249:851-916:free;327:834-879:free;328:834-879:free;364:865-921:free;365:865-921:free;444:834-951:clipped;445:834-951:clipped,7,2,851-916,447,40.8,,,,,,,,,,,,,,,,,,,,,,,,,,,,,,,,,,,,,,,,,,,,,,
475,Fig. 1,ID475__fig1.png,GRID,151,AXIS_FALLBACK,"178,627,815,951",444,117,117,0.95,leftmost column whose run is >= 0.95 of the longest (117 px),445:117px;444:117px;249:65px;248:65px;247:65px;482:63px,,,,,,,,,,,,,,,,,,,,,,,,,,,,,,,,,,,,,,,,,,,,,,,,,,,
475,Fig. 1,ID475__fig1.png,GRID,151,AXIS_FALLBACK,"178,634,27,233",179,173,173,0.95,leftmost column whose run is >= 0.95 of the longest (173 px),179:173px;499:81px;467:81px;500:80px;466:80px;484:67px,,,,,,,,,,,,,,,,,,,,,,,,,,,,,,,,,,,,,,,,,,,,,,,,,,,
475,Fig. 1,ID475__fig1.png,GRID,151,AXIS_FALLBACK,"178,634,27,233",179,173,173,0.95,leftmost column whose run is >= 0.95 of the longest (173 px),179:173px;499:81px;467:81px;500:80px;466:80px;484:67px,,,,,,,,,,,,,,,,,,,,,,,,,,,,,,,,,,,,,,,,,,,,,,,,,,,
475,Fig. 1,ID475__fig1.png,GRID,151,AXIS_FALLBACK,"178,634,27,233",179,173,173,0.95,leftmost column whose run is >= 0.95 of the longest (173 px),179:173px;499:81px;467:81px;500:80px;466:80px;484:67px,,,,,,,,,,,,,,,,,,,,,,,,,,,,,,,,,,,,,,,,,,,,,,,,,,,
475,Fig. 1,ID475__fig1.png,GRID,151,ORPHAN,,,,,,,,,,,,,"106,124,112,270",18,158,OFFERED,,,"178,634,27,233",left,54,82,,,,,,,,,,,,,,,,,,,,,,,,,,,,,,,,,,,,
475,Fig. 1,ID475__fig1.png,GRID,151,GATE,,,,,,,,,,,,,"106,124,112,270",,,,,,"178,634,27,233",left,54,,True,O,O,-,O,O,-,,,,,,,,,,,,,,,,,,,,,,,,,,,,,
475,Fig. 1,ID475__fig1.png,GRID,151,GATE_WHY,,,,,,,,,,,,,"106,124,112,270",,,,,,"178,634,27,233",,,,,,,,,,,"축 없음, 잉크 0.354","행 겹침 1.00, 패널 행 27-324, 조각 112-270",이 클립에서 캡션을 읽지 못했다,"건너는 간격 59 px, 패널 내부의 가장 큰 간격 82 px","밑변에 선 열 0.00, 축 범위 안 잉크 1.00 (교집합 1.00)",막대·눈금이 0→0개뿐이라 규칙성을 잴 수 없다,,,,,,,,,,,,,,,,,,,,,,,
475,Fig. 1,ID475__fig1.png,GRID,151,POST,,,,,,,,,,,,,"106,124,112,270",,,WOULD_CONTAIN_ANOTHER_PANEL,,,"178,634,27,233",,,,,,,,,,,,,,,,,"106,634,27,270",,,,,,,,,,,,,,,,,,,,,,
475,Fig. 1,ID475__fig1.png,GRID,151,ORPHAN,,,,,,,,,,,,,"99,384,370,664",285,294,NO_PANEL_IN_REACH,0,left 259px share 0.52 reach 34 [gap] | overlap 0px share 0.52 reach 71,,,,,,,,,,,,,,,,,,,,,,,,,,,,,,,,,,,,,,,,
475,Fig. 1,ID475__fig1.png,GRID,151,ORPHAN,,,,,,,,,,,,,"138,174,695,729",36,34,NO_PANEL_IN_REACH,0,left 486px share 1.00 reach 34 [gap] | overlap 0px share 1.00 reach 34,,,,,,,,,,,,,,,,,,,,,,,,,,,,,,,,,,,,,,,,
475,Fig. 1,ID475__fig1.png,GRID,151,ORPHAN,,,,,,,,,,,,,"192,211,696,720",19,24,NO_PANEL_IN_REACH,0,left 449px share 1.00 reach 34 [gap] | overlap 0px share 1.00 reach 34,,,,,,,,,,,,,,,,,,,,,,,,,,,,,,,,,,,,,,,,
475,Fig. 1,ID475__fig1.png,GRID,151,ORPHAN,,,,,,,,,,,,,"572,590,116,254",18,138,NO_PANEL_IN_REACH,0,left 54px share 0.85 reach 34 [gap] | overlap 0px share 0.85 reach 82,,,,,,,,,,,,,,,,,,,,,,,,,,,,,,,,,,,,,,,,
475,Fig. 1,ID475__fig1.png,GRID,151,ORPHAN,,,,,,,,,,,,,"573,587,262,273",14,11,NO_PANEL_IN_REACH,0,left 56px share 1.00 reach 34 [gap] | overlap 0px share 1.00 reach 71,,,,,,,,,,,,,,,,,,,,,,,,,,,,,,,,,,,,,,,,
475,Fig. 1,ID475__fig1.png,GRID,151,ORPHAN,,,,,,,,,,,,,"604,944,640,669",340,29,NO_PANEL_IN_REACH,0,overlap 0px share 1.00 reach 34 | right 17px share 0.00 reach 71 [share],,,,,,,,,,,,,,,,,,,,,,,,,,,,,,,,,,,,,,,,
475,Fig. 1,ID475__fig1.png,GRID,151,ORPHAN,,,,,,,,,,,,,"553,743,695,981",190,286,NO_PANEL_IN_REACH,0,overlap 0px share 1.00 reach 34,,,,,,,,,,,,,,,,,,,,,,,,,,,,,,,,,,,,,,,,
475,Fig. 1,ID475__fig1.png,GRID,151,ORPHAN,,,,,,,,,,,,,"791,969,738,981",178,243,NO_PANEL_IN_REACH,0,overlap 0px share 0.42 reach 34 [share] | right 164px share 1.00 reach 34 [gap],,,,,,,,,,,,,,,,,,,,,,,,,,,,,,,,,,,,,,,,
475,Fig. 1,ID475__fig1.png,GRID,151,AXIS_CANDIDATES,"133,174,747,974",,,,,no run long enough,,0,0,,157,68.1,,,,,,,,,,,,,,,,,,,,,,,,,,,,,,,,,,,,,,,,,,,,,,
475,Fig. 1,ID475__fig1.png,GRID,151,AXIS_FALLBACK,"133,174,747,974",173,220,220,0.95,leftmost column whose run is >= 0.95 of the longest (220 px),173:220px;142:13px;141:12px;159:11px;153:11px;138:11px,,,,,,,,,,,,,,,,,,,,,,,,,,,,,,,,,,,,,,,,,,,,,,,,,,,
475,Fig. 1,ID475__fig1.png,GRID,151,AXIS_FALLBACK,"133,174,747,974",173,220,220,0.95,leftmost column whose run is >= 0.95 of the longest (220 px),173:220px;142:13px;141:12px;159:11px;153:11px;138:11px,,,,,,,,,,,,,,,,,,,,,,,,,,,,,,,,,,,,,,,,,,,,,,,,,,,
475,Fig. 1,ID475__fig1.png,GRID,151,AXIS_CANDIDATES,"191,490,27,145",,,,,no run long enough,,0,0,,370,35.4,,,,,,,,,,,,,,,,,,,,,,,,,,,,,,,,,,,,,,,,,,,,,,
475,Fig. 1,ID475__fig1.png,GRID,151,AXIS_FALLBACK,"191,490,27,145",482,66,66,0.95,leftmost column whose run is >= 0.95 of the longest (66 px),484:66px;483:66px;482:66px;204:19px;198:18px;431:17px,,,,,,,,,,,,,,,,,,,,,,,,,,,,,,,,,,,,,,,,,,,,,,,,,,,
475,Fig. 1,ID475__fig1.png,GRID,151,AXIS_FALLBACK,"191,490,27,145",482,66,66,0.95,leftmost column whose run is >= 0.95 of the longest (66 px),484:66px;483:66px;482:66px;204:19px;198:18px;431:17px,,,,,,,,,,,,,,,,,,,,,,,,,,,,,,,,,,,,,,,,,,,,,,,,,,,
475,Fig. 1,ID475__fig1.png,GRID,151,AXIS_CANDIDATES,"191,501,145,225",216,,,,no free run; leftmost of 7 clipped,216:171-226:clipped;217:171-226:clipped;236:175-225:clipped;237:174-226:clipped;269:174-226:clipped;270:174-225:clipped;352:172-226:clipped,0,7,171-226,377,24.0,,,,,,,,,,,,,,,,,,,,,,,,,,,,,,,,,,,,,,,,,,,,,,
475,Fig. 1,ID475__fig1.png,GRID,151,AXIS_FALLBACK,"191,501,145,225",466,80,80,0.95,leftmost column whose run is >= 0.95 of the longest (80 px),500:80px;499:80px;467:80px;466:80px;217:54px;216:54px,,,,,,,,,,,,,,,,,,,,,,,,,,,,,,,,,,,,,,,,,,,,,,,,,,,
475,Fig. 1,ID475__fig1.png,GRID,151,ORPHAN,,,,,,,,,,,,,"106,124,112,270",18,158,NO_PANEL_IN_REACH,0,left 67px share 1.00 reach 34 [gap],,,,,,,,,,,,,,,,,,,,,,,,,,,,,,,,,,,,,,,,
475,Fig. 1,ID475__fig1.png,GRID,151,ORPHAN,,,,,,,,,,,,,"99,384,370,664",285,294,NO_PANEL_IN_REACH,0,overlap 0px share 0.00 reach 34 [share],,,,,,,,,,,,,,,,,,,,,,,,,,,,,,,,,,,,,,,,
475,Fig. 1,ID475__fig1.png,GRID,151,ORPHAN,,,,,,,,,,,,,"138,174,695,729",36,34,NO_PANEL_IN_REACH,0,left 17px share 0.00 reach 34 [share] | overlap 0px share 0.00 reach 34 [share],,,,,,,,,,,,,,,,,,,,,,,,,,,,,,,,,,,,,,,,
475,Fig. 1,ID475__fig1.png,GRID,151,ORPHAN,,,,,,,,,,,,,"192,211,696,720",19,24,NO_PANEL_IN_REACH,0,overlap 0px share 0.00 reach 34 [share] | right 18px share 0.00 reach 34 [share],,,,,,,,,,,,,,,,,,,,,,,,,,,,,,,,,,,,,,,,
475,Fig. 1,ID475__fig1.png,GRID,151,ORPHAN,,,,,,,,,,,,,"572,590,116,254",18,138,NO_PANEL_IN_REACH,0,right 71px share 1.00 reach 34 [gap],,,,,,,,,,,,,,,,,,,,,,,,,,,,,,,,,,,,,,,,
475,Fig. 1,ID475__fig1.png,GRID,151,ORPHAN,,,,,,,,,,,,,"573,587,262,273",14,11,NO_PANEL_IN_REACH,0,right 399px share 0.00 reach 34 [gap] [share],,,,,,,,,,,,,,,,,,,,,,,,,,,,,,,,,,,,,,,,
475,Fig. 1,ID475__fig1.png,GRID,151,ORPHAN,,,,,,,,,,,,,"604,944,640,669",340,29,NO_PANEL_IN_REACH,0,right 430px share 0.00 reach 34 [gap] [share],,,,,,,,,,,,,,,,,,,,,,,,,,,,,,,,,,,,,,,,
475,Fig. 1,ID475__fig1.png,GRID,151,ORPHAN,,,,,,,,,,,,,"553,743,695,981",190,286,NO_PANEL_IN_REACH,0,right 379px share 1.00 reach 34 [gap],,,,,,,,,,,,,,,,,,,,,,,,,,,,,,,,,,,,,,,,
475,Fig. 1,ID475__fig1.png,GRID,151,ORPHAN,,,,,,,,,,,,,"791,969,738,981",178,243,NO_PANEL_IN_REACH,0,right 617px share 1.00 reach 34 [gap],,,,,,,,,,,,,,,,,,,,,,,,,,,,,,,,,,,,,,,,
475,Fig. 1,ID475__fig1.png,GRID,151,AXIS_FALLBACK,"171,629,517,841",445,113,113,0.95,leftmost column whose run is >= 0.95 of the longest (113 px),446:113px;445:113px;173:93px;250:68px;249:68px;483:63px,,,,,,,,,,,,,,,,,,,,,,,,,,,,,,,,,,,,,,,,,,,,,,,,,,,
475,Fig. 1,ID475__fig1.png,GRID,151,AXIS_FALLBACK,"173,587,231,519",179,93,93,0.95,leftmost column whose run is >= 0.95 of the longest (93 px),179:93px;329:64px;328:64px;447:62px;446:62px;332:46px,,,,,,,,,,,,,,,,,,,,,,,,,,,,,,,,,,,,,,,,,,,,,,,,,,,
475,Fig. 1,ID475__fig1.png,GRID,151,AXIS_FALLBACK,"660,969,517,841",678,102,102,0.95,leftmost column whose run is >= 0.95 of the longest (102 px),679:102px;678:102px;914:99px;913:99px;949:46px;948:46px,,,,,,,,,,,,,,,,,,,,,,,,,,,,,,,,,,,,,,,,,,,,,,,,,,,
475,Fig. 1,ID475__fig1.png,GRID,151,AXIS_FALLBACK,"178,634,27,233",179,173,173,0.95,leftmost column whose run is >= 0.95 of the longest (173 px),179:173px;499:81px;467:81px;500:80px;466:80px;484:67px,,,,,,,,,,,,,,,,,,,,,,,,,,,,,,,,,,,,,,,,,,,,,,,,,,,
475,Fig. 1,ID475__fig1.png,GRID,151,AXIS_FALLBACK,"643,966,231,519",795,109,112,0.95,leftmost column whose run is >= 0.95 of the longest (112 px),912:112px;911:112px;796:109px;795:109px;645:97px;798:70px,,,,,,,,,,,,,,,,,,,,,,,,,,,,,,,,,,,,,,,,,,,,,,,,,,,
475,Fig. 1,ID475__fig1.png,GRID,151,AXIS_FALLBACK,"644,1023,31,233",645,170,170,0.95,leftmost column whose run is >= 0.95 of the longest (170 px),645:170px;950:61px;949:61px;948:61px;736:58px;703:58px,,,,,,,,,,,,,,,,,,,,,,,,,,,,,,,,,,,,,,,,,,,,,,,,,,,
475,Fig. 1,ID475__fig1.png,GRID,151,AXIS_FALLBACK,"171,627,815,951",173,136,136,0.95,leftmost column whose run is >= 0.95 of the longest (136 px),173:136px;445:117px;444:117px;249:65px;248:65px;247:65px,,,,,,,,,,,,,,,,,,,,,,,,,,,,,,,,,,,,,,,,,,,,,,,,,,,
475,Fig. 1,ID475__fig1.png,GRID,151,AXIS_FALLBACK,"173,578,831,951",173,120,120,0.95,leftmost column whose run is >= 0.95 of the longest (120 px),173:120px;445:117px;444:117px;249:65px;248:65px;247:65px,,,,,,,,,,,,,,,,,,,,,,,,,,,,,,,,,,,,,,,,,,,,,,,,,,,
475,Fig. 1,ID475__fig1.png,GRID,151,AXIS_FALLBACK,"178,627,815,951",444,117,117,0.95,leftmost column whose run is >= 0.95 of the longest (117 px),445:117px;444:117px;249:65px;248:65px;247:65px;482:63px,,,,,,,,,,,,,,,,,,,,,,,,,,,,,,,,,,,,,,,,,,,,,,,,,,,
475,Fig. 1,ID475__fig1.png,GRID,151,AXIS_FALLBACK,"133,174,747,974",173,220,220,0.95,leftmost column whose run is >= 0.95 of the longest (220 px),173:220px;142:13px;141:12px;159:11px;153:11px;138:11px,,,,,,,,,,,,,,,,,,,,,,,,,,,,,,,,,,,,,,,,,,,,,,,,,,,
475,Fig. 1,ID475__fig1.png,GRID,151,AXIS_FALLBACK,"191,490,27,145",482,66,66,0.95,leftmost column whose run is >= 0.95 of the longest (66 px),484:66px;483:66px;482:66px;204:19px;198:18px;431:17px,,,,,,,,,,,,,,,,,,,,,,,,,,,,,,,,,,,,,,,,,,,,,,,,,,,
475,Fig. 1,ID475__fig1.png,GRID,151,AXIS_FALLBACK,"191,501,145,225",466,80,80,0.95,leftmost column whose run is >= 0.95 of the longest (80 px),500:80px;499:80px;467:80px;466:80px;217:54px;216:54px,,,,,,,,,,,,,,,,,,,,,,,,,,,,,,,,,,,,,,,,,,,,,,,,,,,
475,Fig. 1,ID475__fig1.png,GRID,151,AXIS_FALLBACK,"173,587,58,519",179,264,264,0.95,leftmost column whose run is >= 0.95 of the longest (264 px),179:264px;499:81px;467:81px;500:80px;466:80px;447:69px,,,,,,,,,,,,,,,,,,,,,,,,,,,,,,,,,,,,,,,,,,,,,,,,,,,
475,Fig. 1,ID475__fig1.png,GRID,151,AXIS_CANDIDATES,"173,587,58,519",179,,,,leftmost of 1 free runs,179:60-324:free,1,0,60-324,421,138.3,,,,,,,,,,,,,,,,,,,,,,,,,,,,,,,,,,,,,,,,,,,,,,
475,Fig. 1,ID475__fig1.png,GRID,151,AXIS_SHADOW_LADDER,"173,587,58,519",,,,,,,,,,,,,,,,,,,,,,,,,,,,,,,,,,,,179,free,60-324,True,224,12,True,0.30,0.0089,"7 labels, -0.151 value/px, ladder residual 0.3 px; SUBSET: dropped 20@377, 15@410, 10@443, 5@477, 0@510 (values are not monotone with pixel row: [25.0, 20.0, 15.0, 10.0, -5.0, -10.0, -15.0, 20.0, 15.0, 10.0, 5.0, 0.0])",,,,,,,,,,,,
475,Fig. 1,ID475__fig1.png,GRID,151,AXIS_FALLBACK,"178,634,27,326",179,264,264,0.95,leftmost column whose run is >= 0.95 of the longest (264 px),179:264px;499:81px;467:81px;500:80px;466:80px;447:69px,,,,,,,,,,,,,,,,,,,,,,,,,,,,,,,,,,,,,,,,,,,,,,,,,,,
475,Fig. 1,ID475__fig1.png,GRID,151,AXIS_CANDIDATES,"178,634,27,326",179,,,,leftmost of 1 free runs,179:60-324:free,1,0,60-324,451,89.7,,,,,,,,,,,,,,,,,,,,,,,,,,,,,,,,,,,,,,,,,,,,,,
475,Fig. 1,ID475__fig1.png,GRID,151,AXIS_SHADOW_LADDER,"178,634,27,326",,,,,,,,,,,,,,,,,,,,,,,,,,,,,,,,,,,,179,free,60-324,True,224,9,True,0.29,0.0064,"9 labels, -0.151 value/px, ladder residual 0.3 px",,,,,,,,,,,,
475,Fig. 1,ID475__fig1.png,GRID,151,AXIS_FALLBACK,"644,1023,31,330",645,265,265,0.95,leftmost column whose run is >= 0.95 of the longest (265 px),645:265px;798:74px;797:74px;913:65px;912:65px;684:64px,,,,,,,,,,,,,,,,,,,,,,,,,,,,,,,,,,,,,,,,,,,,,,,,,,,
475,Fig. 1,ID475__fig1.png,GRID,151,AXIS_CANDIDATES,"644,1023,31,330",645,,,,leftmost of 1 free runs,645:63-328:free,1,0,63-328,871,89.7,,,,,,,,,,,,,,,,,,,,,,,,,,,,,,,,,,,,,,,,,,,,,,
475,Fig. 1,ID475__fig1.png,GRID,151,AXIS_SHADOW_LADDER,"644,1023,31,330",,,,,,,,,,,,,,,,,,,,,,,,,,,,,,,,,,,,645,free,63-328,True,227,9,True,0.28,0.0071,"9 labels, -0.151 value/px, ladder residual 0.3 px",,,,,,,,,,,,
475,Fig. 1,ID475__fig1.png,GRID,151,AXIS_FALLBACK,"171,627,746,970",173,220,220,0.95,leftmost column whose run is >= 0.95 of the longest (220 px),173:220px;445:117px;444:117px;249:65px;248:65px;247:65px,,,,,,,,,,,,,,,,,,,,,,,,,,,,,,,,,,,,,,,,,,,,,,,,,,,
475,Fig. 1,ID475__fig1.png,GRID,151,AXIS_CANDIDATES,"171,627,746,970",173,,,,leftmost of 1 free runs,173:748-968:free,1,0,748-968,444,67.2,,,,,,,,,,,,,,,,,,,,,,,,,,,,,,,,,,,,,,,,,,,,,,
475,Fig. 1,ID475__fig1.png,GRID,151,AXIS_SHADOW_LADDER,"171,627,746,970",,,,,,,,,,,,,,,,,,,,,,,,,,,,,,,,,,,,173,free,748-968,True,835,6,True,0.26,0.0066,"6 labels, -0.011 value/px, ladder residual 0.3 px",,,,,,,,,,,,
475,Fig. 1,ID475__fig1.png,GRID,151,AXIS_FALLBACK,"178,634,27,233",179,173,173,0.95,leftmost column whose run is >= 0.95 of the longest (173 px),179:173px;499:81px;467:81px;500:80px;466:80px;484:67px,,,,,,,,,,,,,,,,,,,,,,,,,,,,,,,,,,,,,,,,,,,,,,,,,,,
475,Fig. 1,ID475__fig1.png,GRID,151,AXIS_CANDIDATES,"178,634,27,233",179,,,,no free run; leftmost of 1 clipped,179:60-324:clipped,0,1,60-324,451,61.8,,,,,,,,,,,,,,,,,,,,,,,,,,,,,,,,,,,,,,,,,,,,,,
475,Fig. 1,ID475__fig1.png,GRID,151,AXIS_SHADOW_LADDER,"178,634,27,233",,,,,,,,,,,,,,,,,,,,,,,,,,,,,,,,,,,,179,clipped,60-324,True,224,6,True,0.26,0.0079,"6 labels, -0.151 value/px, ladder residual 0.3 px",,,,,,,,,,,,
475,Fig. 1,ID475__fig1.png,GRID,151,AXIS_FALLBACK,"173,578,746,970",173,220,220,0.95,leftmost column whose run is >= 0.95 of the longest (220 px),173:220px;445:117px;444:117px;249:65px;248:65px;247:65px,,,,,,,,,,,,,,,,,,,,,,,,,,,,,,,,,,,,,,,,,,,,,,,,,,,
475,Fig. 1,ID475__fig1.png,GRID,151,AXIS_CANDIDATES,"173,578,746,970",173,,,,leftmost of 1 free runs,173:748-968:free,1,0,748-968,416,67.2,,,,,,,,,,,,,,,,,,,,,,,,,,,,,,,,,,,,,,,,,,,,,,
475,Fig. 1,ID475__fig1.png,GRID,151,AXIS_SHADOW_LADDER,"173,578,746,970",,,,,,,,,,,,,,,,,,,,,,,,,,,,,,,,,,,,173,free,748-968,True,835,6,True,0.26,0.0066,"6 labels, -0.011 value/px, ladder residual 0.3 px",,,,,,,,,,,,
475,Fig. 1,ID475__fig1.png,GRID,151,AXIS_FALLBACK,"644,1023,31,233",645,170,170,0.95,leftmost column whose run is >= 0.95 of the longest (170 px),645:170px;950:61px;949:61px;948:61px;736:58px;703:58px,,,,,,,,,,,,,,,,,,,,,,,,,,,,,,,,,,,,,,,,,,,,,,,,,,,
475,Fig. 1,ID475__fig1.png,GRID,151,AXIS_CANDIDATES,"644,1023,31,233",645,,,,no free run; leftmost of 1 clipped,645:63-328:clipped,0,1,63-328,871,60.6,,,,,,,,,,,,,,,,,,,,,,,,,,,,,,,,,,,,,,,,,,,,,,
475,Fig. 1,ID475__fig1.png,GRID,151,AXIS_SHADOW_LADDER,"644,1023,31,233",,,,,,,,,,,,,,,,,,,,,,,,,,,,,,,,,,,,645,clipped,63-328,True,227,6,True,0.15,0.0038,"6 labels, -0.151 value/px, ladder residual 0.2 px",,,,,,,,,,,,
475,Fig. 1,ID475__fig1.png,GRID,151,AXIS_FALLBACK,"171,627,815,951",173,136,136,0.95,leftmost column whose run is >= 0.95 of the longest (136 px),173:136px;445:117px;444:117px;249:65px;248:65px;247:65px,,,,,,,,,,,,,,,,,,,,,,,,,,,,,,,,,,,,,,,,,,,,,,,,,,,
475,Fig. 1,ID475__fig1.png,GRID,151,AXIS_CANDIDATES,"171,627,815,951",247,,,,leftmost of 7 free runs,247:851-916:free;248:851-916:free;249:851-916:free;327:834-879:free;328:834-879:free;364:865-921:free;365:865-921:free;173:748-968:clipped,7,1,851-916,444,40.8,,,,,,,,,,,,,,,,,,,,,,,,,,,,,,,,,,,,,,,,,,,,,,
475,Fig. 1,ID475__fig1.png,GRID,151,AXIS_SHADOW_LADDER,"171,627,815,951",,,,,,,,,,,,,,,,,,,,,,,,,,,,,,,,,,,,247,free,851-916,True,835,3,True,0.00,0.0000,"3 labels, -0.011 value/px, ladder residual 0.0 px",,,,,,,,,,,,
475,Fig. 1,ID475__fig1.png,GRID,151,AXIS_SHADOW_LADDER,"171,627,815,951",,,,,,,,,,,,,,,,,,,,,,,,,,,,,,,,,,,,248,free,851-916,False,835,3,True,0.00,0.0000,"3 labels, 0.011 value/px, ladder residual 0.0 px  [AXIS_INVERTED: values rise as the pixel row rises]",,,,,,,,,,,,
475,Fig. 1,ID475__fig1.png,GRID,151,AXIS_SHADOW_LADDER,"171,627,815,951",,,,,,,,,,,,,,,,,,,,,,,,,,,,,,,,,,,,249,free,851-916,False,835,3,True,0.00,0.0000,"3 labels, 0.011 value/px, ladder residual 0.0 px  [AXIS_INVERTED: values rise as the pixel row rises]",,,,,,,,,,,,
475,Fig. 1,ID475__fig1.png,GRID,151,AXIS_SHADOW_LADDER,"171,627,815,951",,,,,,,,,,,,,,,,,,,,,,,,,,,,,,,,,,,,327,free,834-879,False,835,3,True,0.00,0.0000,"3 labels, -0.011 value/px, ladder residual 0.0 px",,,,,,,,,,,,
475,Fig. 1,ID475__fig1.png,GRID,151,AXIS_SHADOW_LADDER,"171,627,815,951",,,,,,,,,,,,,,,,,,,,,,,,,,,,,,,,,,,,328,free,834-879,False,835,3,True,0.00,0.0000,"3 labels, -0.011 value/px, ladder residual 0.0 px",,,,,,,,,,,,
475,Fig. 1,ID475__fig1.png,GRID,151,AXIS_SHADOW_LADDER,"171,627,815,951",,,,,,,,,,,,,,,,,,,,,,,,,,,,,,,,,,,,364,free,865-921,False,835,3,True,0.00,0.0000,"3 labels, -0.011 value/px, ladder residual 0.0 px",,,,,,,,,,,,
475,Fig. 1,ID475__fig1.png,GRID,151,AXIS_SHADOW_LADDER,"171,627,815,951",,,,,,,,,,,,,,,,,,,,,,,,,,,,,,,,,,,,365,free,865-921,False,835,3,True,0.00,0.0000,"3 labels, -0.011 value/px, ladder residual 0.0 px",,,,,,,,,,,,
475,Fig. 1,ID475__fig1.png,GRID,151,AXIS_SHADOW_LADDER,"171,627,815,951",,,,,,,,,,,,,,,,,,,,,,,,,,,,,,,,,,,,173,clipped,748-968,False,835,3,True,0.00,0.0000,"3 labels, -0.011 value/px, ladder residual 0.0 px",,,,,,,,,,,,
475,Fig. 1,ID475__fig1.png,GRID,151,AXIS_FALLBACK,"178,627,815,951",444,117,117,0.95,leftmost column whose run is >= 0.95 of the longest (117 px),445:117px;444:117px;249:65px;248:65px;247:65px;482:63px,,,,,,,,,,,,,,,,,,,,,,,,,,,,,,,,,,,,,,,,,,,,,,,,,,,
475,Fig. 1,ID475__fig1.png,GRID,151,AXIS_CANDIDATES,"178,627,815,951",247,,,,leftmost of 7 free runs,247:851-916:free;248:851-916:free;249:851-916:free;327:834-879:free;328:834-879:free;364:865-921:free;365:865-921:free;444:834-951:clipped;445:834-951:clipped,7,2,851-916,447,40.8,,,,,,,,,,,,,,,,,,,,,,,,,,,,,,,,,,,,,,,,,,,,,,
475,Fig. 1,ID475__fig1.png,GRID,151,AXIS_SHADOW_LADDER,"178,627,815,951",,,,,,,,,,,,,,,,,,,,,,,,,,,,,,,,,,,,247,free,851-916,True,835,3,True,0.00,0.0000,"3 labels, -0.011 value/px, ladder residual 0.0 px",,,,,,,,,,,,
475,Fig. 1,ID475__fig1.png,GRID,151,AXIS_SHADOW_LADDER,"178,627,815,951",,,,,,,,,,,,,,,,,,,,,,,,,,,,,,,,,,,,248,free,851-916,False,835,3,True,0.00,0.0000,"3 labels, 0.011 value/px, ladder residual 0.0 px  [AXIS_INVERTED: values rise as the pixel row rises]",,,,,,,,,,,,
475,Fig. 1,ID475__fig1.png,GRID,151,AXIS_SHADOW_LADDER,"178,627,815,951",,,,,,,,,,,,,,,,,,,,,,,,,,,,,,,,,,,,249,free,851-916,False,835,3,True,0.00,0.0000,"3 labels, 0.011 value/px, ladder residual 0.0 px  [AXIS_INVERTED: values rise as the pixel row rises]",,,,,,,,,,,,
475,Fig. 1,ID475__fig1.png,GRID,151,AXIS_SHADOW_LADDER,"178,627,815,951",,,,,,,,,,,,,,,,,,,,,,,,,,,,,,,,,,,,327,free,834-879,False,835,3,True,0.06,0.0019,"3 labels, 0.011 value/px, ladder residual 0.1 px  [AXIS_INVERTED: values rise as the pixel row rises]",,,,,,,,,,,,
475,Fig. 1,ID475__fig1.png,GRID,151,AXIS_SHADOW_LADDER,"178,627,815,951",,,,,,,,,,,,,,,,,,,,,,,,,,,,,,,,,,,,328,free,834-879,False,835,3,True,0.06,0.0019,"3 labels, 0.011 value/px, ladder residual 0.1 px  [AXIS_INVERTED: values rise as the pixel row rises]",,,,,,,,,,,,
475,Fig. 1,ID475__fig1.png,GRID,151,AXIS_SHADOW_LADDER,"178,627,815,951",,,,,,,,,,,,,,,,,,,,,,,,,,,,,,,,,,,,364,free,865-921,False,835,3,True,0.06,0.0019,"3 labels, 0.011 value/px, ladder residual 0.1 px  [AXIS_INVERTED: values rise as the pixel row rises]",,,,,,,,,,,,
475,Fig. 1,ID475__fig1.png,GRID,151,AXIS_SHADOW_LADDER,"178,627,815,951",,,,,,,,,,,,,,,,,,,,,,,,,,,,,,,,,,,,365,free,865-921,False,835,3,True,0.06,0.0019,"3 labels, 0.011 value/px, ladder residual 0.1 px  [AXIS_INVERTED: values rise as the pixel row rises]",,,,,,,,,,,,
475,Fig. 1,ID475__fig1.png,GRID,151,AXIS_SHADOW_LADDER,"178,627,815,951",,,,,,,,,,,,,,,,,,,,,,,,,,,,,,,,,,,,444,clipped,834-951,False,835,3,True,0.06,0.0019,"3 labels, 0.011 value/px, ladder residual 0.1 px  [AXIS_INVERTED: values rise as the pixel row rises]",,,,,,,,,,,,
475,Fig. 1,ID475__fig1.png,GRID,151,AXIS_SHADOW_LADDER,"178,627,815,951",,,,,,,,,,,,,,,,,,,,,,,,,,,,,,,,,,,,445,clipped,834-951,False,835,3,True,0.06,0.0019,"3 labels, 0.011 value/px, ladder residual 0.1 px  [AXIS_INVERTED: values rise as the pixel row rises]",,,,,,,,,,,,
475,Fig. 1,ID475__fig1.png,GRID,151,AXIS_FALLBACK,"173,578,831,951",173,120,120,0.95,leftmost column whose run is >= 0.95 of the longest (120 px),173:120px;445:117px;444:117px;249:65px;248:65px;247:65px,,,,,,,,,,,,,,,,,,,,,,,,,,,,,,,,,,,,,,,,,,,,,,,,,,,
475,Fig. 1,ID475__fig1.png,GRID,151,AXIS_CANDIDATES,"173,578,831,951",210,,,,leftmost of 9 free runs,210:834-874:free;211:834-874:free;247:851-916:free;248:851-916:free;249:851-916:free;327:834-879:free;328:834-879:free;364:865-921:free;365:865-921:free;173:748-968:clipped,9,1,834-874,416,36.0,,,,,,,,,,,,,,,,,,,,,,,,,,,,,,,,,,,,,,,,,,,,,,
475,Fig. 1,ID475__fig1.png,GRID,151,AXIS_SHADOW_LADDER,"173,578,831,951",,,,,,,,,,,,,,,,,,,,,,,,,,,,,,,,,,,,210,free,834-874,True,835,3,True,0.00,0.0000,"3 labels, -0.011 value/px, ladder residual 0.0 px",,,,,,,,,,,,
475,Fig. 1,ID475__fig1.png,GRID,151,AXIS_SHADOW_LADDER,"173,578,831,951",,,,,,,,,,,,,,,,,,,,,,,,,,,,,,,,,,,,211,free,834-874,False,835,3,True,0.00,0.0000,"3 labels, -0.011 value/px, ladder residual 0.0 px",,,,,,,,,,,,
475,Fig. 1,ID475__fig1.png,GRID,151,AXIS_SHADOW_LADDER,"173,578,831,951",,,,,,,,,,,,,,,,,,,,,,,,,,,,,,,,,,,,247,free,851-916,False,835,3,True,0.00,0.0000,"3 labels, -0.011 value/px, ladder residual 0.0 px",,,,,,,,,,,,
475,Fig. 1,ID475__fig1.png,GRID,151,AXIS_SHADOW_LADDER,"173,578,831,951",,,,,,,,,,,,,,,,,,,,,,,,,,,,,,,,,,,,248,free,851-916,False,835,3,True,0.00,0.0000,"3 labels, 0.011 value/px, ladder residual 0.0 px  [AXIS_INVERTED: values rise as the pixel row rises]",,,,,,,,,,,,
475,Fig. 1,ID475__fig1.png,GRID,151,AXIS_SHADOW_LADDER,"173,578,831,951",,,,,,,,,,,,,,,,,,,,,,,,,,,,,,,,,,,,249,free,851-916,False,835,3,True,0.00,0.0000,"3 labels, 0.011 value/px, ladder residual 0.0 px  [AXIS_INVERTED: values rise as the pixel row rises]",,,,,,,,,,,,
475,Fig. 1,ID475__fig1.png,GRID,151,AXIS_SHADOW_LADDER,"173,578,831,951",,,,,,,,,,,,,,,,,,,,,,,,,,,,,,,,,,,,327,free,834-879,False,835,3,True,0.00,0.0000,"3 labels, -0.011 value/px, ladder residual 0.0 px",,,,,,,,,,,,
475,Fig. 1,ID475__fig1.png,GRID,151,AXIS_SHADOW_LADDER,"173,578,831,951",,,,,,,,,,,,,,,,,,,,,,,,,,,,,,,,,,,,328,free,834-879,False,835,3,True,0.00,0.0000,"3 labels, -0.011 value/px, ladder residual 0.0 px",,,,,,,,,,,,
475,Fig. 1,ID475__fig1.png,GRID,151,AXIS_SHADOW_LADDER,"173,578,831,951",,,,,,,,,,,,,,,,,,,,,,,,,,,,,,,,,,,,364,free,865-921,False,835,3,True,0.00,0.0000,"3 labels, -0.011 value/px, ladder residual 0.0 px",,,,,,,,,,,,
475,Fig. 1,ID475__fig1.png,GRID,151,AXIS_SHADOW_LADDER,"173,578,831,951",,,,,,,,,,,,,,,,,,,,,,,,,,,,,,,,,,,,365,free,865-921,False,835,3,True,0.00,0.0000,"3 labels, -0.011 value/px, ladder residual 0.0 px",,,,,,,,,,,,
475,Fig. 1,ID475__fig1.png,GRID,151,AXIS_SHADOW_LADDER,"173,578,831,951",,,,,,,,,,,,,,,,,,,,,,,,,,,,,,,,,,,,173,clipped,748-968,False,835,3,True,0.00,0.0000,"3 labels, -0.011 value/px, ladder residual 0.0 px",,,,,,,,,,,,
475,Fig. 1,ID475__fig1.png,GRID,151,AXIS_FALLBACK,"191,501,145,225",466,80,80,0.95,leftmost column whose run is >= 0.95 of the longest (80 px),500:80px;499:80px;467:80px;466:80px;217:54px;216:54px,,,,,,,,,,,,,,,,,,,,,,,,,,,,,,,,,,,,,,,,,,,,,,,,,,,
475,Fig. 1,ID475__fig1.png,GRID,151,AXIS_CANDIDATES,"191,501,145,225",216,,,,no free run; leftmost of 7 clipped,216:171-226:clipped;217:171-226:clipped;236:175-225:clipped;237:174-226:clipped;269:174-226:clipped;270:174-225:clipped;352:172-226:clipped,0,7,171-226,377,24.0,,,,,,,,,,,,,,,,,,,,,,,,,,,,,,,,,,,,,,,,,,,,,,
475,Fig. 1,ID475__fig1.png,GRID,151,AXIS_SHADOW_LADDER,"191,501,145,225",,,,,,,,,,,,,,,,,,,,,,,,,,,,,,,,,,,,216,clipped,171-226,True,224,3,True,0.11,0.0050,"3 labels, -0.151 value/px, ladder residual 0.1 px",,,,,,,,,,,,
475,Fig. 1,ID475__fig1.png,GRID,151,AXIS_SHADOW_LADDER,"191,501,145,225",,,,,,,,,,,,,,,,,,,,,,,,,,,,,,,,,,,,217,clipped,171-226,False,224,3,True,0.11,0.0050,"3 labels, -0.151 value/px, ladder residual 0.1 px",,,,,,,,,,,,
475,Fig. 1,ID475__fig1.png,GRID,151,AXIS_SHADOW_LADDER,"191,501,145,225",,,,,,,,,,,,,,,,,,,,,,,,,,,,,,,,,,,,236,clipped,175-225,False,224,3,True,0.11,0.0050,"3 labels, -0.151 value/px, ladder residual 0.1 px",,,,,,,,,,,,
475,Fig. 1,ID475__fig1.png,GRID,151,AXIS_SHADOW_LADDER,"191,501,145,225",,,,,,,,,,,,,,,,,,,,,,,,,,,,,,,,,,,,237,clipped,174-226,False,224,3,True,0.11,0.0050,"3 labels, -0.151 value/px, ladder residual 0.1 px",,,,,,,,,,,,
475,Fig. 1,ID475__fig1.png,GRID,151,AXIS_SHADOW_LADDER,"191,501,145,225",,,,,,,,,,,,,,,,,,,,,,,,,,,,,,,,,,,,269,clipped,174-226,False,224,3,True,0.00,0.0000,"3 labels, -0.150 value/px, ladder residual 0.0 px",,,,,,,,,,,,
475,Fig. 1,ID475__fig1.png,GRID,151,AXIS_SHADOW_LADDER,"191,501,145,225",,,,,,,,,,,,,,,,,,,,,,,,,,,,,,,,,,,,270,clipped,174-225,False,224,3,True,0.00,0.0000,"3 labels, -0.150 value/px, ladder residual 0.0 px",,,,,,,,,,,,
475,Fig. 1,ID475__fig1.png,GRID,151,AXIS_SHADOW_LADDER,"191,501,145,225",,,,,,,,,,,,,,,,,,,,,,,,,,,,,,,,,,,,352,clipped,172-226,False,224,3,True,0.11,0.0050,"3 labels, -0.151 value/px, ladder residual 0.1 px",,,,,,,,,,,,
475,Fig. 1,ID475__fig1.png,GRID,151,AXIS_SHADOW_LADDER,"191,501,145,225",,,,,,,,,,,,,,,,,,,,,,,,,,,,,,,,,,,,466,fallback,,False,224,3,True,0.11,0.0050,"3 labels, -0.151 value/px, ladder residual 0.1 px",,,,,,,,,,,,
475,Fig. 1,ID475__fig1.png,GRID,151,AXIS_FALLBACK,"191,490,27,145",482,66,66,0.95,leftmost column whose run is >= 0.95 of the longest (66 px),484:66px;483:66px;482:66px;204:19px;198:18px;431:17px,,,,,,,,,,,,,,,,,,,,,,,,,,,,,,,,,,,,,,,,,,,,,,,,,,,
475,Fig. 1,ID475__fig1.png,GRID,151,AXIS_CANDIDATES,"191,490,27,145",,,,,no run long enough,,0,0,,370,35.4,,,,,,,,,,,,,,,,,,,,,,,,,,,,,,,,,,,,,,,,,,,,,,
475,Fig. 1,ID475__fig1.png,GRID,151,AXIS_SHADOW_LADDER,"191,490,27,145",,,,,,,,,,,,,,,,,,,,,,,,,,,,,,,,,,,,482,fallback,,True,79,3,True,0.06,0.0025,"3 labels, -0.150 value/px, ladder residual 0.1 px",,,,,,,,,,,,
475,Fig. 1,ID475__fig1.png,GRID,151,AXIS_FALLBACK,"133,174,747,974",173,220,220,0.95,leftmost column whose run is >= 0.95 of the longest (220 px),173:220px;142:13px;141:12px;159:11px;153:11px;138:11px,,,,,,,,,,,,,,,,,,,,,,,,,,,,,,,,,,,,,,,,,,,,,,,,,,,
475,Fig. 1,ID475__fig1.png,GRID,151,AXIS_CANDIDATES,"133,174,747,974",,,,,no run long enough,,0,0,,157,68.1,,,,,,,,,,,,,,,,,,,,,,,,,,,,,,,,,,,,,,,,,,,,,,
475,Fig. 1,ID475__fig1.png,GRID,151,AXIS_SHADOW_LADDER,"133,174,747,974",,,,,,,,,,,,,,,,,,,,,,,,,,,,,,,,,,,,173,fallback,,True,967,6,True,0.26,0.0066,"6 labels, -0.011 value/px, ladder residual 0.3 px",,,,,,,,,,,,
475,Fig. 1,ID475__fig1.png,OFF,151,SELECTED_PASS,,,,,,,,,,,,,,,,,,,,,,,,,,,,,,,,,,,,,,,,,,,,,,,"(0, -1, 5, -7)",7,,,,,,,,,,
475,Fig. 1,ID475__fig1.png,OFF,151,SELECTED,"106,501,27,326",,,,,,,,,,,,,,,,,,P01,,,,,,,,,,,,,,,,,,,,,,224,9,,,,,,,AXIS_ATTESTED,anchor,179,LADDER_OK,0,,EXTENDED_TO_SPINE,,,
475,Fig. 1,ID475__fig1.png,OFF,151,SELECTED,"572,967,31,330",,,,,,,,,,,,,,,,,,P02,,,,,,,,,,,,,,,,,,,,,,227,9,,,,,,,AXIS_ATTESTED,anchor,645,LADDER_OK,0,,EXTENDED_TO_SPINE,,,
475,Fig. 1,ID475__fig1.png,OFF,151,SELECTED,"609,967,403,619",,,,,,,,,,,,,,,,,,P03,,,,,,,,,,,,,,,,,,,,,,513,2,,,,,,,AXIS_GEOMETRY_ONLY,anchor,795,LADDER_REFUSED,1,,FOUND_BY_COLUMN_RESCAN,,,
475,Fig. 1,ID475__fig1.png,OFF,151,SELECTED,"101,268,499,627",,,,,,,,,,,,,,,,,,P04,,,,,,,,,,,,,,,,,,,,,,559,3,,,,,,,AXIS_FALLBACK,fallback,212,LADDER_OK,0,,FOUND_BY_COLUMN_RESCAN,,,
475,Fig. 1,ID475__fig1.png,OFF,151,SELECTED,"92,273,695,975",,,,,,,,,,,,,,,,,,P05,,,,,,,,,,,,,,,,,,,,,,835,7,,,,,,,AXIS_ATTESTED,anchor,173,LADDER_OK,0,,RE_INKED,,,
475,Fig. 1,ID475__fig1.png,OFF,151,FRAGMENT_DECISION,"609,967,738,938",,,,,,,,,,,,,,,,,,P06,,,,,,,,,,,,,,,,,,,,,,,,,,,baseline continues right of x1,,,,,,,,,,CUT_THROUGH_AXIS,,
475,Fig. 1,ID475__fig1.png,OFF,151,SELECTED,"609,967,738,938",,,,,,,,,,,,,,,,,,P06,,,,,,,,,,,,,,,,,,,,,,835,3,,,,,,,AXIS_ATTESTED,anchor,679,LADDER_OK,1,baseline continues right of x1,FOUND_BY_COLUMN_RESCAN,,,
475,Fig. 1,ID475__fig1.png,OFF,151,SELECTED,"428,500,834,951",,,,,,,,,,,,,,,,,,P07,,,,,,,,,,,,,,,,,,,,,,835,0,,,,,,,AXIS_UNRESOLVED,anchor,444,LADDER_REFUSED,0,,RE_INKED,,,
